ISO-10303-21;
HEADER;
/* Generated by software containing ST-Developer
 * from STEP Tools, Inc. (www.steptools.com) 
 */
/* OPTION: using custom renumber hook */

FILE_DESCRIPTION(
/* description */ ('STEP AP242 Edition 2',
'CAx-IF Rec.Pracs.---Representation and Presentation of Product Manufa
cturing Information (PMI)---4.0---2014-10-13',
'CAx-IF Rec.Pracs.---3D Tessellated Geometry---0.4---2014-09-14','2;1',
'CAx-IF Rec.Pracs.---User Defined Attributes---1.5---2016-08-15'),
/* implementation_level */ '2;1');

FILE_NAME(
/* name */ '697e2090048bc8258bbfefce',
/* time_stamp */ '2026-01-31T15:32:33Z',
/* author */ (''),
/* organization */ (''),
/* preprocessor_version */ 'ST-DEVELOPER v20',
/* originating_system */ 'ONSHAPE BY PTC INC, 1.210',
/* authorisation */ '  ');

FILE_SCHEMA (('AP242_MANAGED_MODEL_BASED_3D_ENGINEERING_MIM_LF { 1 0 10303 442 3 1 4 }'));
ENDSEC;

DATA;
#10=SPHERICAL_SURFACE('',#6201,0.0005);
#11=SPHERICAL_SURFACE('',#6202,0.0005);
#12=SPHERICAL_SURFACE('',#6203,0.0005);
#13=CONTEXT_DEPENDENT_SHAPE_REPRESENTATION(#21,#10420);
#14=CONTEXT_DEPENDENT_SHAPE_REPRESENTATION(#22,#10422);
#15=CONTEXT_DEPENDENT_SHAPE_REPRESENTATION(#23,#10424);
#16=CONTEXT_DEPENDENT_SHAPE_REPRESENTATION(#24,#10426);
#17=NEXT_ASSEMBLY_USAGE_OCCURRENCE('NAUO1','cap_default_rounded',
'cap_default_rounded',#10427,#10428,'');
#18=NEXT_ASSEMBLY_USAGE_OCCURRENCE('NAUO2','cap_default_rounded',
'cap_default_rounded',#10427,#10429,'');
#19=NEXT_ASSEMBLY_USAGE_OCCURRENCE('NAUO3','cap_default_rounded',
'cap_default_rounded',#10427,#10430,'');
#20=NEXT_ASSEMBLY_USAGE_OCCURRENCE('NAUO4','cap_default_rounded',
'cap_default_rounded',#10427,#10431,'');
#21=(
REPRESENTATION_RELATIONSHIP(' ',' ',#5918,#5917)
REPRESENTATION_RELATIONSHIP_WITH_TRANSFORMATION(#25)
SHAPE_REPRESENTATION_RELATIONSHIP()
);
#22=(
REPRESENTATION_RELATIONSHIP(' ',' ',#5919,#5917)
REPRESENTATION_RELATIONSHIP_WITH_TRANSFORMATION(#26)
SHAPE_REPRESENTATION_RELATIONSHIP()
);
#23=(
REPRESENTATION_RELATIONSHIP(' ',' ',#5920,#5917)
REPRESENTATION_RELATIONSHIP_WITH_TRANSFORMATION(#27)
SHAPE_REPRESENTATION_RELATIONSHIP()
);
#24=(
REPRESENTATION_RELATIONSHIP(' ',' ',#5921,#5917)
REPRESENTATION_RELATIONSHIP_WITH_TRANSFORMATION(#28)
SHAPE_REPRESENTATION_RELATIONSHIP()
);
#25=ITEM_DEFINED_TRANSFORMATION(' ',' ',#5922,#6023);
#26=ITEM_DEFINED_TRANSFORMATION(' ',' ',#5922,#6124);
#27=ITEM_DEFINED_TRANSFORMATION(' ',' ',#5922,#6228);
#28=ITEM_DEFINED_TRANSFORMATION(' ',' ',#5922,#6329);
#29=SHAPE_REPRESENTATION_RELATIONSHIP('','',#5918,#33);
#30=SHAPE_REPRESENTATION_RELATIONSHIP('','',#5919,#34);
#31=SHAPE_REPRESENTATION_RELATIONSHIP('','',#5920,#35);
#32=SHAPE_REPRESENTATION_RELATIONSHIP('','',#5921,#36);
#33=ADVANCED_BREP_SHAPE_REPRESENTATION('',(#5908),#10406);
#34=ADVANCED_BREP_SHAPE_REPRESENTATION('',(#5909),#10407);
#35=ADVANCED_BREP_SHAPE_REPRESENTATION('',(#5910),#10408);
#36=ADVANCED_BREP_SHAPE_REPRESENTATION('',(#5911),#10409);
#37=(
BOUNDED_SURFACE()
B_SPLINE_SURFACE(3,2,((#8212,#8213,#8214),(#8215,#8216,#8217),(#8218,#8219,
#8220),(#8221,#8222,#8223),(#8224,#8225,#8226),(#8227,#8228,#8229),(#8230,
#8231,#8232)),.UNSPECIFIED.,.F.,.F.,.F.)
B_SPLINE_SURFACE_WITH_KNOTS((4,1,1,1,4),(3,3),(2.38524477946811E-18,0.000394773984565554,
0.000789547969131106,0.00118432195369666,0.00157909593826221),(0.,1.),
 .UNSPECIFIED.)
GEOMETRIC_REPRESENTATION_ITEM()
RATIONAL_B_SPLINE_SURFACE(((1.,0.609630475324476,1.),(1.,0.599179550308433,
1.),(1.,0.582524051563264,1.),(1.,0.576918027841206,1.),(1.,0.593659941906518,
1.),(1.,0.616051512771863,1.),(1.,0.628799936815326,1.)))
REPRESENTATION_ITEM('')
SURFACE()
);
#38=(
BOUNDED_SURFACE()
B_SPLINE_SURFACE(3,2,((#8235,#8236,#8237),(#8238,#8239,#8240),(#8241,#8242,
#8243),(#8244,#8245,#8246),(#8247,#8248,#8249)),.UNSPECIFIED.,.F.,.F.,.F.)
B_SPLINE_SURFACE_WITH_KNOTS((4,1,4),(3,3),(-1.73472347597681E-18,0.00473506982079561,
0.00947013964159123),(0.,1.),.UNSPECIFIED.)
GEOMETRIC_REPRESENTATION_ITEM()
RATIONAL_B_SPLINE_SURFACE(((1.,0.628799936815326,1.),(1.,0.629236678436901,
1.),(1.,0.627345435784962,1.),(1.,0.627113940975033,1.),(1.,0.625561329076316,
1.)))
REPRESENTATION_ITEM('')
SURFACE()
);
#39=(
BOUNDED_SURFACE()
B_SPLINE_SURFACE(3,2,((#8251,#8252,#8253),(#8254,#8255,#8256),(#8257,#8258,
#8259),(#8260,#8261,#8262),(#8263,#8264,#8265),(#8266,#8267,#8268),(#8269,
#8270,#8271)),.UNSPECIFIED.,.F.,.F.,.F.)
B_SPLINE_SURFACE_WITH_KNOTS((4,1,1,1,4),(3,3),(8.67361737988404E-18,0.00307910334501848,
0.00615820669003695,0.00923731003505543,0.0123164133800739),(0.,1.),
 .UNSPECIFIED.)
GEOMETRIC_REPRESENTATION_ITEM()
RATIONAL_B_SPLINE_SURFACE(((1.,0.609630475324469,1.),(1.,0.609582640295755,
1.),(1.,0.606417339164445,1.),(1.,0.600488109350491,1.),(1.,0.606343073028811,
1.),(1.,0.609582439402588,1.),(1.,0.609630475324474,1.)))
REPRESENTATION_ITEM('')
SURFACE()
);
#40=(
BOUNDED_SURFACE()
B_SPLINE_SURFACE(3,2,((#8273,#8274,#8275),(#8276,#8277,#8278),(#8279,#8280,
#8281),(#8282,#8283,#8284),(#8285,#8286,#8287)),.UNSPECIFIED.,.F.,.F.,.F.)
B_SPLINE_SURFACE_WITH_KNOTS((4,1,4),(3,3),(-4.87890977618477E-18,0.000799157745983741,
0.00159831549196749),(0.,1.),.UNSPECIFIED.)
GEOMETRIC_REPRESENTATION_ITEM()
RATIONAL_B_SPLINE_SURFACE(((1.,0.625561329076316,1.),(1.,0.637958567906319,
1.),(1.,0.679992255845504,1.),(1.,0.727857483483811,1.),(1.,0.746073856738103,
1.)))
REPRESENTATION_ITEM('')
SURFACE()
);
#41=(
BOUNDED_SURFACE()
B_SPLINE_SURFACE(3,2,((#8289,#8290,#8291),(#8292,#8293,#8294),(#8295,#8296,
#8297),(#8298,#8299,#8300),(#8301,#8302,#8303),(#8304,#8305,#8306),(#8307,
#8308,#8309)),.UNSPECIFIED.,.F.,.F.,.F.)
B_SPLINE_SURFACE_WITH_KNOTS((4,1,1,1,4),(3,3),(-1.0842021724855E-19,0.000394734172456277,
0.000789468344912554,0.00118420251736883,0.00157893668982511),(0.,1.),
 .UNSPECIFIED.)
GEOMETRIC_REPRESENTATION_ITEM()
RATIONAL_B_SPLINE_SURFACE(((1.,0.628799936815319,1.),(1.,0.616052099158271,
1.),(1.,0.593739490595546,1.),(1.,0.576930930041682,1.),(1.,0.582464651837524,
1.),(1.,0.599176566960669,1.),(1.,0.609630475324469,1.)))
REPRESENTATION_ITEM('')
SURFACE()
);
#42=(
BOUNDED_SURFACE()
B_SPLINE_SURFACE(3,2,((#8311,#8312,#8313),(#8314,#8315,#8316),(#8317,#8318,
#8319),(#8320,#8321,#8322),(#8323,#8324,#8325)),.UNSPECIFIED.,.F.,.F.,.F.)
B_SPLINE_SURFACE_WITH_KNOTS((4,1,4),(3,3),(-8.67361737988404E-18,0.00615899866393888,
0.0123179973278778),(0.,1.),.UNSPECIFIED.)
GEOMETRIC_REPRESENTATION_ITEM()
RATIONAL_B_SPLINE_SURFACE(((1.,0.746073856738103,1.),(1.,0.747580471730319,
1.),(1.,0.741527709655969,1.),(1.,0.747585742259351,1.),(1.,0.7460738567381,
1.)))
REPRESENTATION_ITEM('')
SURFACE()
);
#43=(
BOUNDED_SURFACE()
B_SPLINE_SURFACE(3,2,((#8327,#8328,#8329),(#8330,#8331,#8332),(#8333,#8334,
#8335),(#8336,#8337,#8338),(#8339,#8340,#8341)),.UNSPECIFIED.,.F.,.F.,.F.)
B_SPLINE_SURFACE_WITH_KNOTS((4,1,4),(3,3),(1.73472347597681E-17,0.00473569540980211,
0.00947139081960419),(0.,1.),.UNSPECIFIED.)
GEOMETRIC_REPRESENTATION_ITEM()
RATIONAL_B_SPLINE_SURFACE(((1.,0.625561329076313,1.),(1.,0.627113946824965,
1.),(1.,0.627345457568166,1.),(1.,0.629236677377838,1.),(1.,0.628799936815319,
1.)))
REPRESENTATION_ITEM('')
SURFACE()
);
#44=(
BOUNDED_SURFACE()
B_SPLINE_SURFACE(3,2,((#8343,#8344,#8345),(#8346,#8347,#8348),(#8349,#8350,
#8351),(#8352,#8353,#8354),(#8355,#8356,#8357)),.UNSPECIFIED.,.F.,.F.,.F.)
B_SPLINE_SURFACE_WITH_KNOTS((4,1,4),(3,3),(1.68051336735253E-18,0.000799208548886188,
0.00159841709777237),(0.,1.),.UNSPECIFIED.)
GEOMETRIC_REPRESENTATION_ITEM()
RATIONAL_B_SPLINE_SURFACE(((1.,0.7460738567381,1.),(1.,0.727850227900514,
1.),(1.,0.680089414901408,1.),(1.,0.637961439957366,1.),(1.,0.625561329076055,
1.)))
REPRESENTATION_ITEM('')
SURFACE()
);
#45=(
BOUNDED_SURFACE()
B_SPLINE_SURFACE(3,2,((#8850,#8851,#8852),(#8853,#8854,#8855),(#8856,#8857,
#8858),(#8859,#8860,#8861),(#8862,#8863,#8864),(#8865,#8866,#8867),(#8868,
#8869,#8870)),.UNSPECIFIED.,.F.,.F.,.F.)
B_SPLINE_SURFACE_WITH_KNOTS((4,1,1,1,4),(3,3),(2.60208521396521E-18,0.000397315551741645,
0.000794631103483287,0.00119194665522493,0.00158926220696657),(0.,1.),
 .UNSPECIFIED.)
GEOMETRIC_REPRESENTATION_ITEM()
RATIONAL_B_SPLINE_SURFACE(((1.,0.584658144480848,1.),(1.,0.577213412236995,
1.),(1.,0.568945499760837,1.),(1.,0.580361980297059,1.),(1.,0.612308116306489,
1.),(1.,0.641064713748789,1.),(1.,0.656081117336031,1.)))
REPRESENTATION_ITEM('')
SURFACE()
);
#46=(
BOUNDED_SURFACE()
B_SPLINE_SURFACE(3,2,((#8873,#8874,#8875),(#8876,#8877,#8878),(#8879,#8880,
#8881),(#8882,#8883,#8884),(#8885,#8886,#8887)),.UNSPECIFIED.,.F.,.F.,.F.)
B_SPLINE_SURFACE_WITH_KNOTS((4,1,4),(3,3),(3.46944695195361E-18,0.0047983866414368,
0.00959677328287361),(0.,1.),.UNSPECIFIED.)
GEOMETRIC_REPRESENTATION_ITEM()
RATIONAL_B_SPLINE_SURFACE(((1.,0.656081117336033,1.),(1.,0.656661275231999,
1.),(1.,0.655572012372776,1.),(1.,0.654671882748784,1.),(1.,0.65299286970787,
1.)))
REPRESENTATION_ITEM('')
SURFACE()
);
#47=(
BOUNDED_SURFACE()
B_SPLINE_SURFACE(3,2,((#8889,#8890,#8891),(#8892,#8893,#8894),(#8895,#8896,
#8897),(#8898,#8899,#8900),(#8901,#8902,#8903)),.UNSPECIFIED.,.F.,.F.,.F.)
B_SPLINE_SURFACE_WITH_KNOTS((4,1,4),(3,3),(-3.46944695195361E-18,0.00616907885212403,
0.0123381577042481),(0.,1.),.UNSPECIFIED.)
GEOMETRIC_REPRESENTATION_ITEM()
RATIONAL_B_SPLINE_SURFACE(((1.,0.58465814448085,1.),(1.,0.585013197669762,
1.),(1.,0.572447630082042,1.),(1.,0.585013168913131,1.),(1.,0.584658144480848,
1.)))
REPRESENTATION_ITEM('')
SURFACE()
);
#48=(
BOUNDED_SURFACE()
B_SPLINE_SURFACE(3,2,((#8905,#8906,#8907),(#8908,#8909,#8910),(#8911,#8912,
#8913),(#8914,#8915,#8916),(#8917,#8918,#8919)),.UNSPECIFIED.,.F.,.F.,.F.)
B_SPLINE_SURFACE_WITH_KNOTS((4,1,4),(3,3),(-4.01154803819637E-18,0.00079833169510839,
0.00159666339021678),(0.,1.),.UNSPECIFIED.)
GEOMETRIC_REPRESENTATION_ITEM()
RATIONAL_B_SPLINE_SURFACE(((1.,0.652992869707874,1.),(1.,0.671039088335021,
1.),(1.,0.715796912429537,1.),(1.,0.754631667027108,1.),(1.,0.766885496634204,
1.)))
REPRESENTATION_ITEM('')
SURFACE()
);
#49=(
BOUNDED_SURFACE()
B_SPLINE_SURFACE(3,2,((#8921,#8922,#8923),(#8924,#8925,#8926),(#8927,#8928,
#8929),(#8930,#8931,#8932),(#8933,#8934,#8935),(#8936,#8937,#8938),(#8939,
#8940,#8941)),.UNSPECIFIED.,.F.,.F.,.F.)
B_SPLINE_SURFACE_WITH_KNOTS((4,1,1,1,4),(3,3),(1.84314369322536E-18,0.000397186823279319,
0.000794373646558636,0.00119156046983795,0.00158874729311727),(0.,1.),
 .UNSPECIFIED.)
GEOMETRIC_REPRESENTATION_ITEM()
RATIONAL_B_SPLINE_SURFACE(((1.,0.65608111733603,1.),(1.,0.641059918294944,
1.),(1.,0.612396592813239,1.),(1.,0.580410575072924,1.),(1.,0.568931799384669,
1.),(1.,0.577208083227965,1.),(1.,0.58465814448085,1.)))
REPRESENTATION_ITEM('')
SURFACE()
);
#50=(
BOUNDED_SURFACE()
B_SPLINE_SURFACE(3,2,((#8943,#8944,#8945),(#8946,#8947,#8948),(#8949,#8950,
#8951),(#8952,#8953,#8954),(#8955,#8956,#8957)),.UNSPECIFIED.,.F.,.F.,.F.)
B_SPLINE_SURFACE_WITH_KNOTS((4,1,4),(3,3),(8.67361737988404E-18,0.00616854226890087,
0.0123370845378017),(0.,1.),.UNSPECIFIED.)
GEOMETRIC_REPRESENTATION_ITEM()
RATIONAL_B_SPLINE_SURFACE(((1.,0.766885496634208,1.),(1.,0.768359783532374,
1.),(1.,0.76202338562595,1.),(1.,0.768359708557552,1.),(1.,0.766885496634205,
1.)))
REPRESENTATION_ITEM('')
SURFACE()
);
#51=(
BOUNDED_SURFACE()
B_SPLINE_SURFACE(3,2,((#8959,#8960,#8961),(#8962,#8963,#8964),(#8965,#8966,
#8967),(#8968,#8969,#8970),(#8971,#8972,#8973)),.UNSPECIFIED.,.F.,.F.,.F.)
B_SPLINE_SURFACE_WITH_KNOTS((4,1,4),(3,3),(1.21430643318376E-17,0.00479921930550339,
0.00959843861100676),(0.,1.),.UNSPECIFIED.)
GEOMETRIC_REPRESENTATION_ITEM()
RATIONAL_B_SPLINE_SURFACE(((1.,0.652992869707877,1.),(1.,0.654671889147883,
1.),(1.,0.655572031660737,1.),(1.,0.656661274017753,1.),(1.,0.656081117336026,
1.)))
REPRESENTATION_ITEM('')
SURFACE()
);
#52=(
BOUNDED_SURFACE()
B_SPLINE_SURFACE(3,2,((#8975,#8976,#8977),(#8978,#8979,#8980),(#8981,#8982,
#8983),(#8984,#8985,#8986),(#8987,#8988,#8989)),.UNSPECIFIED.,.F.,.F.,.F.)
B_SPLINE_SURFACE_WITH_KNOTS((4,1,4),(3,3),(5.42101086242752E-18,0.000798302233375883,
0.00159660446675176),(0.,1.),.UNSPECIFIED.)
GEOMETRIC_REPRESENTATION_ITEM()
RATIONAL_B_SPLINE_SURFACE(((1.,0.766885496634206,1.),(1.,0.75463227899515,
1.),(1.,0.715886704617281,1.),(1.,0.671034918994246,1.),(1.,0.652992869707877,
1.)))
REPRESENTATION_ITEM('')
SURFACE()
);
#53=(
BOUNDED_SURFACE()
B_SPLINE_SURFACE(3,2,((#9520,#9521,#9522),(#9523,#9524,#9525),(#9526,#9527,
#9528),(#9529,#9530,#9531),(#9532,#9533,#9534),(#9535,#9536,#9537),(#9538,
#9539,#9540)),.UNSPECIFIED.,.F.,.F.,.F.)
B_SPLINE_SURFACE_WITH_KNOTS((4,1,1,1,4),(3,3),(9.75781955236954E-19,0.000391768696275202,
0.000783537392550404,0.00117530608882561,0.00156707478510081),(0.,1.),
 .UNSPECIFIED.)
GEOMETRIC_REPRESENTATION_ITEM()
RATIONAL_B_SPLINE_SURFACE(((1.,0.679824185401101,1.),(1.,0.673056237828106,
1.),(1.,0.660458920181785,1.),(1.,0.647755095035825,1.),(1.,0.64464217732225,
1.),(1.,0.649176545810132,1.),(1.,0.652805585025617,1.)))
REPRESENTATION_ITEM('')
SURFACE()
);
#54=(
BOUNDED_SURFACE()
B_SPLINE_SURFACE(3,2,((#9543,#9544,#9545),(#9546,#9547,#9548),(#9549,#9550,
#9551),(#9552,#9553,#9554),(#9555,#9556,#9557)),.UNSPECIFIED.,.F.,.F.,.F.)
B_SPLINE_SURFACE_WITH_KNOTS((4,1,4),(3,3),(7.80625564189563E-18,0.00465457649950926,
0.0093091529990185),(0.,1.),.UNSPECIFIED.)
GEOMETRIC_REPRESENTATION_ITEM()
RATIONAL_B_SPLINE_SURFACE(((1.,0.652805585025617,1.),(1.,0.654193533440746,
1.),(1.,0.654326639525365,1.),(1.,0.654193298399339,1.),(1.,0.652805585025627,
1.)))
REPRESENTATION_ITEM('')
SURFACE()
);
#55=(
BOUNDED_SURFACE()
B_SPLINE_SURFACE(3,2,((#9559,#9560,#9561),(#9562,#9563,#9564),(#9565,#9566,
#9567),(#9568,#9569,#9570),(#9571,#9572,#9573)),.UNSPECIFIED.,.F.,.F.,.F.)
B_SPLINE_SURFACE_WITH_KNOTS((4,1,4),(3,3),(-1.56125112837913E-17,0.00616853265491485,
0.0123370653098297),(0.,1.),.UNSPECIFIED.)
GEOMETRIC_REPRESENTATION_ITEM()
RATIONAL_B_SPLINE_SURFACE(((1.,0.679824185401099,1.),(1.,0.680956342141234,
1.),(1.,0.669333186877424,1.),(1.,0.680956275769013,1.),(1.,0.679824185401101,
1.)))
REPRESENTATION_ITEM('')
SURFACE()
);
#56=(
BOUNDED_SURFACE()
B_SPLINE_SURFACE(3,2,((#9575,#9576,#9577),(#9578,#9579,#9580),(#9581,#9582,
#9583),(#9584,#9585,#9586),(#9587,#9588,#9589),(#9590,#9591,#9592),(#9593,
#9594,#9595)),.UNSPECIFIED.,.F.,.F.,.F.)
B_SPLINE_SURFACE_WITH_KNOTS((4,1,1,1,4),(3,3),(5.42101086242752E-18,0.00039177296728307,
0.000783545934566135,0.0011753189018492,0.00156709186913226),(0.,1.),
 .UNSPECIFIED.)
GEOMETRIC_REPRESENTATION_ITEM()
RATIONAL_B_SPLINE_SURFACE(((1.,0.652805585025618,1.),(1.,0.649177142534343,
1.),(1.,0.64465230462103,1.),(1.,0.647744530437461,1.),(1.,0.660399366393477,
1.),(1.,0.673056845823136,1.),(1.,0.679824185401098,1.)))
REPRESENTATION_ITEM('')
SURFACE()
);
#57=(
BOUNDED_SURFACE()
B_SPLINE_SURFACE(3,2,((#9597,#9598,#9599),(#9600,#9601,#9602),(#9603,#9604,
#9605),(#9606,#9607,#9608),(#9609,#9610,#9611),(#9612,#9613,#9614),(#9615,
#9616,#9617)),.UNSPECIFIED.,.F.,.F.,.F.)
B_SPLINE_SURFACE_WITH_KNOTS((4,1,1,1,4),(3,3),(2.00577401909818E-18,0.000391772967283065,
0.000783545934566129,0.00117531890184919,0.00156709186913226),(0.,1.),
 .UNSPECIFIED.)
GEOMETRIC_REPRESENTATION_ITEM()
RATIONAL_B_SPLINE_SURFACE(((1.,0.652805585025622,1.),(1.,0.649177142534199,
1.),(1.,0.644652304621102,1.),(1.,0.647744530437442,1.),(1.,0.660399366393493,
1.),(1.,0.673056845823114,1.),(1.,0.679824185401099,1.)))
REPRESENTATION_ITEM('')
SURFACE()
);
#58=(
BOUNDED_SURFACE()
B_SPLINE_SURFACE(3,2,((#9619,#9620,#9621),(#9622,#9623,#9624),(#9625,#9626,
#9627),(#9628,#9629,#9630),(#9631,#9632,#9633)),.UNSPECIFIED.,.F.,.F.,.F.)
B_SPLINE_SURFACE_WITH_KNOTS((4,1,4),(3,3),(1.73472347597681E-18,0.00616853265491487,
0.0123370653098297),(0.,1.),.UNSPECIFIED.)
GEOMETRIC_REPRESENTATION_ITEM()
RATIONAL_B_SPLINE_SURFACE(((1.,0.679824185401098,1.),(1.,0.680956342143521,
1.),(1.,0.669333186873707,1.),(1.,0.680956275774159,1.),(1.,0.679824185401101,
1.)))
REPRESENTATION_ITEM('')
SURFACE()
);
#59=(
BOUNDED_SURFACE()
B_SPLINE_SURFACE(3,2,((#9635,#9636,#9637),(#9638,#9639,#9640),(#9641,#9642,
#9643),(#9644,#9645,#9646),(#9647,#9648,#9649)),.UNSPECIFIED.,.F.,.F.,.F.)
B_SPLINE_SURFACE_WITH_KNOTS((4,1,4),(3,3),(-1.90819582357449E-17,0.00465457649950922,
0.00930915299901846),(0.,1.),.UNSPECIFIED.)
GEOMETRIC_REPRESENTATION_ITEM()
RATIONAL_B_SPLINE_SURFACE(((1.,0.65280558502562,1.),(1.,0.654193533445401,
1.),(1.,0.654326639500478,1.),(1.,0.654193298444464,1.),(1.,0.652805585025612,
1.)))
REPRESENTATION_ITEM('')
SURFACE()
);
#60=(
BOUNDED_SURFACE()
B_SPLINE_SURFACE(3,2,((#9651,#9652,#9653),(#9654,#9655,#9656),(#9657,#9658,
#9659),(#9660,#9661,#9662),(#9663,#9664,#9665),(#9666,#9667,#9668),(#9669,
#9670,#9671)),.UNSPECIFIED.,.F.,.F.,.F.)
B_SPLINE_SURFACE_WITH_KNOTS((4,1,1,1,4),(3,3),(-2.71050543121376E-18,0.000391768696275196,
0.000783537392550394,0.00117530608882559,0.00156707478510079),(0.,1.),
 .UNSPECIFIED.)
GEOMETRIC_REPRESENTATION_ITEM()
RATIONAL_B_SPLINE_SURFACE(((1.,0.679824185401101,1.),(1.,0.673056237828393,
1.),(1.,0.660458920181641,1.),(1.,0.647755095035906,1.),(1.,0.64464217732209,
1.),(1.,0.649176545810466,1.),(1.,0.65280558502562,1.)))
REPRESENTATION_ITEM('')
SURFACE()
);
#61=(
BOUNDED_SURFACE()
B_SPLINE_SURFACE(3,2,((#10169,#10170,#10171),(#10172,#10173,#10174),(#10175,
#10176,#10177),(#10178,#10179,#10180),(#10181,#10182,#10183),(#10184,#10185,
#10186),(#10187,#10188,#10189)),.UNSPECIFIED.,.F.,.F.,.F.)
B_SPLINE_SURFACE_WITH_KNOTS((4,1,1,1,4),(3,3),(9.75781955236954E-19,0.000391768696275202,
0.000783537392550404,0.00117530608882561,0.00156707478510081),(0.,1.),
 .UNSPECIFIED.)
GEOMETRIC_REPRESENTATION_ITEM()
RATIONAL_B_SPLINE_SURFACE(((1.,0.679824185401101,1.),(1.,0.673056237828106,
1.),(1.,0.660458920181785,1.),(1.,0.647755095035825,1.),(1.,0.64464217732225,
1.),(1.,0.649176545810132,1.),(1.,0.652805585025617,1.)))
REPRESENTATION_ITEM('')
SURFACE()
);
#62=(
BOUNDED_SURFACE()
B_SPLINE_SURFACE(3,2,((#10192,#10193,#10194),(#10195,#10196,#10197),(#10198,
#10199,#10200),(#10201,#10202,#10203),(#10204,#10205,#10206)),
 .UNSPECIFIED.,.F.,.F.,.F.)
B_SPLINE_SURFACE_WITH_KNOTS((4,1,4),(3,3),(7.80625564189563E-18,0.00465457649950926,
0.0093091529990185),(0.,1.),.UNSPECIFIED.)
GEOMETRIC_REPRESENTATION_ITEM()
RATIONAL_B_SPLINE_SURFACE(((1.,0.652805585025617,1.),(1.,0.654193533440746,
1.),(1.,0.654326639525365,1.),(1.,0.654193298399339,1.),(1.,0.652805585025627,
1.)))
REPRESENTATION_ITEM('')
SURFACE()
);
#63=(
BOUNDED_SURFACE()
B_SPLINE_SURFACE(3,2,((#10208,#10209,#10210),(#10211,#10212,#10213),(#10214,
#10215,#10216),(#10217,#10218,#10219),(#10220,#10221,#10222)),
 .UNSPECIFIED.,.F.,.F.,.F.)
B_SPLINE_SURFACE_WITH_KNOTS((4,1,4),(3,3),(-1.56125112837913E-17,0.00616853265491485,
0.0123370653098297),(0.,1.),.UNSPECIFIED.)
GEOMETRIC_REPRESENTATION_ITEM()
RATIONAL_B_SPLINE_SURFACE(((1.,0.679824185401099,1.),(1.,0.680956342141234,
1.),(1.,0.669333186877424,1.),(1.,0.680956275769013,1.),(1.,0.679824185401101,
1.)))
REPRESENTATION_ITEM('')
SURFACE()
);
#64=(
BOUNDED_SURFACE()
B_SPLINE_SURFACE(3,2,((#10224,#10225,#10226),(#10227,#10228,#10229),(#10230,
#10231,#10232),(#10233,#10234,#10235),(#10236,#10237,#10238),(#10239,#10240,
#10241),(#10242,#10243,#10244)),.UNSPECIFIED.,.F.,.F.,.F.)
B_SPLINE_SURFACE_WITH_KNOTS((4,1,1,1,4),(3,3),(5.42101086242752E-18,0.00039177296728307,
0.000783545934566135,0.0011753189018492,0.00156709186913226),(0.,1.),
 .UNSPECIFIED.)
GEOMETRIC_REPRESENTATION_ITEM()
RATIONAL_B_SPLINE_SURFACE(((1.,0.652805585025618,1.),(1.,0.649177142534343,
1.),(1.,0.64465230462103,1.),(1.,0.647744530437461,1.),(1.,0.660399366393477,
1.),(1.,0.673056845823136,1.),(1.,0.679824185401098,1.)))
REPRESENTATION_ITEM('')
SURFACE()
);
#65=(
BOUNDED_SURFACE()
B_SPLINE_SURFACE(3,2,((#10246,#10247,#10248),(#10249,#10250,#10251),(#10252,
#10253,#10254),(#10255,#10256,#10257),(#10258,#10259,#10260),(#10261,#10262,
#10263),(#10264,#10265,#10266)),.UNSPECIFIED.,.F.,.F.,.F.)
B_SPLINE_SURFACE_WITH_KNOTS((4,1,1,1,4),(3,3),(2.00577401909818E-18,0.000391772967283065,
0.000783545934566129,0.00117531890184919,0.00156709186913226),(0.,1.),
 .UNSPECIFIED.)
GEOMETRIC_REPRESENTATION_ITEM()
RATIONAL_B_SPLINE_SURFACE(((1.,0.652805585025622,1.),(1.,0.649177142534199,
1.),(1.,0.644652304621102,1.),(1.,0.647744530437442,1.),(1.,0.660399366393493,
1.),(1.,0.673056845823114,1.),(1.,0.679824185401099,1.)))
REPRESENTATION_ITEM('')
SURFACE()
);
#66=(
BOUNDED_SURFACE()
B_SPLINE_SURFACE(3,2,((#10268,#10269,#10270),(#10271,#10272,#10273),(#10274,
#10275,#10276),(#10277,#10278,#10279),(#10280,#10281,#10282)),
 .UNSPECIFIED.,.F.,.F.,.F.)
B_SPLINE_SURFACE_WITH_KNOTS((4,1,4),(3,3),(1.73472347597681E-18,0.00616853265491487,
0.0123370653098297),(0.,1.),.UNSPECIFIED.)
GEOMETRIC_REPRESENTATION_ITEM()
RATIONAL_B_SPLINE_SURFACE(((1.,0.679824185401098,1.),(1.,0.680956342143521,
1.),(1.,0.669333186873707,1.),(1.,0.680956275774159,1.),(1.,0.679824185401101,
1.)))
REPRESENTATION_ITEM('')
SURFACE()
);
#67=(
BOUNDED_SURFACE()
B_SPLINE_SURFACE(3,2,((#10284,#10285,#10286),(#10287,#10288,#10289),(#10290,
#10291,#10292),(#10293,#10294,#10295),(#10296,#10297,#10298)),
 .UNSPECIFIED.,.F.,.F.,.F.)
B_SPLINE_SURFACE_WITH_KNOTS((4,1,4),(3,3),(-1.90819582357449E-17,0.00465457649950922,
0.00930915299901846),(0.,1.),.UNSPECIFIED.)
GEOMETRIC_REPRESENTATION_ITEM()
RATIONAL_B_SPLINE_SURFACE(((1.,0.65280558502562,1.),(1.,0.654193533445401,
1.),(1.,0.654326639500478,1.),(1.,0.654193298444464,1.),(1.,0.652805585025612,
1.)))
REPRESENTATION_ITEM('')
SURFACE()
);
#68=(
BOUNDED_SURFACE()
B_SPLINE_SURFACE(3,2,((#10300,#10301,#10302),(#10303,#10304,#10305),(#10306,
#10307,#10308),(#10309,#10310,#10311),(#10312,#10313,#10314),(#10315,#10316,
#10317),(#10318,#10319,#10320)),.UNSPECIFIED.,.F.,.F.,.F.)
B_SPLINE_SURFACE_WITH_KNOTS((4,1,1,1,4),(3,3),(-2.71050543121376E-18,0.000391768696275196,
0.000783537392550394,0.00117530608882559,0.00156707478510079),(0.,1.),
 .UNSPECIFIED.)
GEOMETRIC_REPRESENTATION_ITEM()
RATIONAL_B_SPLINE_SURFACE(((1.,0.679824185401101,1.),(1.,0.673056237828393,
1.),(1.,0.660458920181641,1.),(1.,0.647755095035906,1.),(1.,0.64464217732209,
1.),(1.,0.649176545810466,1.),(1.,0.65280558502562,1.)))
REPRESENTATION_ITEM('')
SURFACE()
);
#69=B_SPLINE_SURFACE_WITH_KNOTS('',3,3,((#8131,#8132,#8133,#8134,#8135),
(#8136,#8137,#8138,#8139,#8140),(#8141,#8142,#8143,#8144,#8145),(#8146,
#8147,#8148,#8149,#8150),(#8151,#8152,#8153,#8154,#8155),(#8156,#8157,#8158,
#8159,#8160),(#8161,#8162,#8163,#8164,#8165)),.UNSPECIFIED.,.F.,.F.,.F.,
(4,1,1,1,4),(4,1,4),(-0.00683035798634578,-0.0046,0.,0.0046,0.00683035801154589),
(-0.00523576780823558,1.62489346847116E-5,0.00623956329277826),
 .UNSPECIFIED.);
#70=B_SPLINE_SURFACE_WITH_KNOTS('',3,3,((#8769,#8770,#8771,#8772,#8773),
(#8774,#8775,#8776,#8777,#8778),(#8779,#8780,#8781,#8782,#8783),(#8784,
#8785,#8786,#8787,#8788),(#8789,#8790,#8791,#8792,#8793),(#8794,#8795,#8796,
#8797,#8798),(#8799,#8800,#8801,#8802,#8803)),.UNSPECIFIED.,.F.,.F.,.F.,
(4,1,1,1,4),(4,1,4),(-0.00696309773499701,-0.0046,0.,0.0046,0.00696309781760014),
(-0.00519267143772625,0.,0.00642921586096424),.UNSPECIFIED.);
#71=B_SPLINE_SURFACE_WITH_KNOTS('',3,3,((#9127,#9128,#9129,#9130,#9131),
(#9132,#9133,#9134,#9135,#9136),(#9137,#9138,#9139,#9140,#9141),(#9142,
#9143,#9144,#9145,#9146),(#9147,#9148,#9149,#9150,#9151),(#9152,#9153,#9154,
#9155,#9156),(#9157,#9158,#9159,#9160,#9161)),.UNSPECIFIED.,.F.,.F.,.F.,
(4,1,1,1,4),(4,1,4),(-0.00694911179707315,-0.0046,0.,0.0046,0.00694911179707022),
(-0.00557166296946101,8.67361737988404E-19,0.00557166296946161),
 .UNSPECIFIED.);
#72=B_SPLINE_SURFACE_WITH_KNOTS('',3,3,((#10086,#10087,#10088,#10089,#10090),
(#10091,#10092,#10093,#10094,#10095),(#10096,#10097,#10098,#10099,#10100),
(#10101,#10102,#10103,#10104,#10105),(#10106,#10107,#10108,#10109,#10110),
(#10111,#10112,#10113,#10114,#10115),(#10116,#10117,#10118,#10119,#10120)),
 .UNSPECIFIED.,.F.,.F.,.F.,(4,1,1,1,4),(4,1,4),(-0.00694911179707315,-0.0046,
0.,0.0046,0.00694911179707022),(-0.00557166296946101,8.67361737988404E-19,
0.00557166296946161),.UNSPECIFIED.);
#73=CONICAL_SURFACE('',#5984,0.0023,0.785398163397448);
#74=CONICAL_SURFACE('',#5985,0.0023,0.785398163397448);
#75=CONICAL_SURFACE('',#5988,0.0023,0.785398163397448);
#76=CONICAL_SURFACE('',#5989,0.0023,0.785398163397448);
#77=CONICAL_SURFACE('',#6085,0.0023,0.785398163397448);
#78=CONICAL_SURFACE('',#6086,0.0023,0.785398163397448);
#79=CONICAL_SURFACE('',#6089,0.0023,0.785398163397448);
#80=CONICAL_SURFACE('',#6090,0.0023,0.785398163397448);
#81=CONICAL_SURFACE('',#6186,0.0023,0.785398163397448);
#82=CONICAL_SURFACE('',#6187,0.0023,0.785398163397448);
#83=CONICAL_SURFACE('',#6190,0.0023,0.785398163397448);
#84=CONICAL_SURFACE('',#6191,0.0023,0.785398163397448);
#85=CONICAL_SURFACE('',#6290,0.0023,0.785398163397448);
#86=CONICAL_SURFACE('',#6291,0.0023,0.785398163397448);
#87=CONICAL_SURFACE('',#6294,0.0023,0.785398163397448);
#88=CONICAL_SURFACE('',#6295,0.0023,0.785398163397448);
#89=B_SPLINE_CURVE_WITH_KNOTS('',3,(#8025,#8026,#8027,#8028,#8029),
 .UNSPECIFIED.,.F.,.F.,(4,1,4),(0.,0.00234725788405971,0.00469451576811942),
 .UNSPECIFIED.);
#90=B_SPLINE_CURVE_WITH_KNOTS('',3,(#8042,#8043,#8044,#8045,#8046),
 .UNSPECIFIED.,.F.,.F.,(4,1,4),(0.,0.00615820669003695,0.0123164133800739),
 .UNSPECIFIED.);
#91=B_SPLINE_CURVE_WITH_KNOTS('',3,(#8071,#8072,#8073,#8074,#8075),
 .UNSPECIFIED.,.F.,.F.,(4,1,4),(0.,0.002346526724311,0.004693053448622),
 .UNSPECIFIED.);
#92=B_SPLINE_CURVE_WITH_KNOTS('',3,(#8080,#8081,#8082,#8083,#8084),
 .UNSPECIFIED.,.F.,.F.,(4,1,4),(0.,0.00473569540980209,0.00947139081960418),
 .UNSPECIFIED.);
#93=B_SPLINE_CURVE_WITH_KNOTS('',3,(#8088,#8089,#8090,#8091,#8092),
 .UNSPECIFIED.,.F.,.F.,(4,1,4),(0.,0.00234880464385592,0.00469760928771184),
 .UNSPECIFIED.);
#94=B_SPLINE_CURVE_WITH_KNOTS('',3,(#8096,#8097,#8098,#8099,#8100),
 .UNSPECIFIED.,.F.,.F.,(4,1,4),(0.,0.00615899866393856,0.0123179973278771),
 .UNSPECIFIED.);
#95=B_SPLINE_CURVE_WITH_KNOTS('',3,(#8104,#8105,#8106,#8107,#8108),
 .UNSPECIFIED.,.F.,.F.,(4,1,4),(0.,0.00234941940752299,0.00469883881504598),
 .UNSPECIFIED.);
#96=B_SPLINE_CURVE_WITH_KNOTS('',3,(#8110,#8111,#8112,#8113,#8114),
 .UNSPECIFIED.,.F.,.F.,(4,1,4),(0.,0.00473506982079561,0.00947013964159122),
 .UNSPECIFIED.);
#97=B_SPLINE_CURVE_WITH_KNOTS('',3,(#8166,#8167,#8168,#8169,#8170),
 .UNSPECIFIED.,.F.,.F.,(4,1,4),(0.,0.00460324725301825,0.00920649450603649),
 .UNSPECIFIED.);
#98=B_SPLINE_CURVE_WITH_KNOTS('',3,(#8173,#8174,#8175,#8176),
 .UNSPECIFIED.,.F.,.F.,(4,4),(0.,0.00158029529277409),.UNSPECIFIED.);
#99=B_SPLINE_CURVE_WITH_KNOTS('',3,(#8178,#8179,#8180,#8181,#8182),
 .UNSPECIFIED.,.F.,.F.,(4,1,4),(0.,0.00582563136258233,0.0116512627251647),
 .UNSPECIFIED.);
#100=B_SPLINE_CURVE_WITH_KNOTS('',3,(#8184,#8185,#8186,#8187),
 .UNSPECIFIED.,.F.,.F.,(4,4),(0.,0.00157757607570717),.UNSPECIFIED.);
#101=B_SPLINE_CURVE_WITH_KNOTS('',3,(#8189,#8190,#8191,#8192,#8193),
 .UNSPECIFIED.,.F.,.F.,(4,1,4),(0.,0.00460387233777939,0.00920774467555877),
 .UNSPECIFIED.);
#102=B_SPLINE_CURVE_WITH_KNOTS('',3,(#8195,#8196,#8197,#8198,#8199),
 .UNSPECIFIED.,.F.,.F.,(4,1,4),(0.,0.000773617285140123,0.00154723457028025),
 .UNSPECIFIED.);
#103=B_SPLINE_CURVE_WITH_KNOTS('',3,(#8201,#8202,#8203,#8204,#8205),
 .UNSPECIFIED.,.F.,.F.,(4,1,4),(0.,0.00583392656470702,0.011667853129414),
 .UNSPECIFIED.);
#104=B_SPLINE_CURVE_WITH_KNOTS('',3,(#8207,#8208,#8209,#8210,#8211),
 .UNSPECIFIED.,.F.,.F.,(4,1,4),(0.,0.000774701012535835,0.00154940202507167),
 .UNSPECIFIED.);
#105=B_SPLINE_CURVE_WITH_KNOTS('',3,(#8663,#8664,#8665,#8666,#8667),
 .UNSPECIFIED.,.F.,.F.,(4,1,4),(0.,0.00234993999370824,0.00469987998741648),
 .UNSPECIFIED.);
#106=B_SPLINE_CURVE_WITH_KNOTS('',3,(#8680,#8681,#8682,#8683,#8684),
 .UNSPECIFIED.,.F.,.F.,(4,1,4),(0.,0.00616907885212402,0.012338157704248),
 .UNSPECIFIED.);
#107=B_SPLINE_CURVE_WITH_KNOTS('',3,(#8709,#8710,#8711,#8712,#8713),
 .UNSPECIFIED.,.F.,.F.,(4,1,4),(0.,0.0023471183307203,0.0046942366614406),
 .UNSPECIFIED.);
#108=B_SPLINE_CURVE_WITH_KNOTS('',3,(#8718,#8719,#8720,#8721,#8722),
 .UNSPECIFIED.,.F.,.F.,(4,1,4),(1.78811203067275E-18,0.00479921930550337,
0.00959843861100674),.UNSPECIFIED.);
#109=B_SPLINE_CURVE_WITH_KNOTS('',3,(#8726,#8727,#8728,#8729,#8730),
 .UNSPECIFIED.,.F.,.F.,(4,1,4),(0.,0.00234895006440127,0.00469790012880254),
 .UNSPECIFIED.);
#110=B_SPLINE_CURVE_WITH_KNOTS('',3,(#8734,#8735,#8736,#8737,#8738),
 .UNSPECIFIED.,.F.,.F.,(4,1,4),(0.,0.00616854226890081,0.0123370845378016),
 .UNSPECIFIED.);
#111=B_SPLINE_CURVE_WITH_KNOTS('',3,(#8742,#8743,#8744,#8745,#8746),
 .UNSPECIFIED.,.F.,.F.,(4,1,4),(0.,0.00234863672178095,0.0046972734435619),
 .UNSPECIFIED.);
#112=B_SPLINE_CURVE_WITH_KNOTS('',3,(#8748,#8749,#8750,#8751,#8752),
 .UNSPECIFIED.,.F.,.F.,(4,1,4),(0.,0.0047983866414368,0.00959677328287361),
 .UNSPECIFIED.);
#113=B_SPLINE_CURVE_WITH_KNOTS('',3,(#8804,#8805,#8806,#8807,#8808),
 .UNSPECIFIED.,.F.,.F.,(4,1,4),(0.,0.0046667651460252,0.00933353029205039),
 .UNSPECIFIED.);
#114=B_SPLINE_CURVE_WITH_KNOTS('',3,(#8811,#8812,#8813,#8814),
 .UNSPECIFIED.,.F.,.F.,(4,4),(0.,0.00158634512598705),.UNSPECIFIED.);
#115=B_SPLINE_CURVE_WITH_KNOTS('',3,(#8816,#8817,#8818,#8819,#8820),
 .UNSPECIFIED.,.F.,.F.,(4,1,4),(0.,0.00589002826876183,0.0117800565375237),
 .UNSPECIFIED.);
#116=B_SPLINE_CURVE_WITH_KNOTS('',3,(#8822,#8823,#8824,#8825),
 .UNSPECIFIED.,.F.,.F.,(4,4),(0.,0.0015878710515471),.UNSPECIFIED.);
#117=B_SPLINE_CURVE_WITH_KNOTS('',3,(#8827,#8828,#8829,#8830,#8831),
 .UNSPECIFIED.,.F.,.F.,(4,1,4),(0.,0.00466758449302527,0.00933516898605054),
 .UNSPECIFIED.);
#118=B_SPLINE_CURVE_WITH_KNOTS('',3,(#8833,#8834,#8835,#8836,#8837),
 .UNSPECIFIED.,.F.,.F.,(4,1,4),(0.,0.000782079100344278,0.00156415820068856),
 .UNSPECIFIED.);
#119=B_SPLINE_CURVE_WITH_KNOTS('',3,(#8839,#8840,#8841,#8842,#8843),
 .UNSPECIFIED.,.F.,.F.,(4,1,4),(0.,0.00590716429924575,0.0118143285984915),
 .UNSPECIFIED.);
#120=B_SPLINE_CURVE_WITH_KNOTS('',3,(#8845,#8846,#8847,#8848,#8849),
 .UNSPECIFIED.,.F.,.F.,(4,1,4),(0.,0.000786527890723035,0.00157305578144607),
 .UNSPECIFIED.);
#121=B_SPLINE_CURVE_WITH_KNOTS('',3,(#9162,#9163,#9164,#9165,#9166,#9167,
#9168,#9169,#9170,#9171,#9172),.UNSPECIFIED.,.T.,.F.,(1,1,1,1,1,1,1,1,1,
1,1,1,1,1,1),(-0.00115678438246714,-0.000771189588311428,-0.000385594794155714,
0.,0.000385594794155714,0.000771189588311428,0.00115678438246714,0.00154237917662286,
0.00192797397077857,0.00231356876493428,0.00269916355909,0.00308475835324571,
0.00347035314740143,0.00385594794155714,0.00424154273571285),
 .UNSPECIFIED.);
#122=B_SPLINE_CURVE_WITH_KNOTS('',3,(#9174,#9175,#9176,#9177,#9178,#9179,
#9180,#9181,#9182,#9183,#9184),.UNSPECIFIED.,.T.,.F.,(1,1,1,1,1,1,1,1,1,
1,1,1,1,1,1),(-0.00117224013574608,-0.000781493423830721,-0.00039074671191536,
0.,0.00039074671191536,0.000781493423830721,0.00117224013574608,0.00156298684766144,
0.0019537335595768,0.00234448027149216,0.00273522698340752,0.00312597369532288,
0.00351672040723824,0.0039074671191536,0.00429821383106896),
 .UNSPECIFIED.);
#123=B_SPLINE_CURVE_WITH_KNOTS('',3,(#9186,#9187,#9188,#9189,#9190),
 .UNSPECIFIED.,.F.,.F.,(4,1,4),(0.,0.00451376929734288,0.00902753859468577),
 .UNSPECIFIED.);
#124=B_SPLINE_CURVE_WITH_KNOTS('',3,(#9193,#9194,#9195,#9196,#9197),
 .UNSPECIFIED.,.F.,.F.,(4,1,4),(0.,0.000775984292946847,0.00155196858589369),
 .UNSPECIFIED.);
#125=B_SPLINE_CURVE_WITH_KNOTS('',3,(#9199,#9200,#9201,#9202,#9203),
 .UNSPECIFIED.,.F.,.F.,(4,1,4),(0.,0.00588945159148401,0.011778903182968),
 .UNSPECIFIED.);
#126=B_SPLINE_CURVE_WITH_KNOTS('',3,(#9205,#9206,#9207,#9208,#9209),
 .UNSPECIFIED.,.F.,.F.,(4,1,4),(0.,0.000775197947191439,0.00155039589438288),
 .UNSPECIFIED.);
#127=B_SPLINE_CURVE_WITH_KNOTS('',3,(#9211,#9212,#9213,#9214,#9215),
 .UNSPECIFIED.,.F.,.F.,(4,1,4),(0.,0.00451376929734288,0.00902753859468577),
 .UNSPECIFIED.);
#128=B_SPLINE_CURVE_WITH_KNOTS('',3,(#9217,#9218,#9219,#9220,#9221),
 .UNSPECIFIED.,.F.,.F.,(4,1,4),(0.,0.000775984292946836,0.00155196858589367),
 .UNSPECIFIED.);
#129=B_SPLINE_CURVE_WITH_KNOTS('',3,(#9223,#9224,#9225,#9226,#9227),
 .UNSPECIFIED.,.F.,.F.,(4,1,4),(0.,0.00588945159148401,0.011778903182968),
 .UNSPECIFIED.);
#130=B_SPLINE_CURVE_WITH_KNOTS('',3,(#9229,#9230,#9231,#9232,#9233),
 .UNSPECIFIED.,.F.,.F.,(4,1,4),(0.,0.000775197947191443,0.00155039589438289),
 .UNSPECIFIED.);
#131=B_SPLINE_CURVE_WITH_KNOTS('',3,(#9234,#9235,#9236,#9237,#9238,#9239,
#9240,#9241,#9242,#9243,#9244),.UNSPECIFIED.,.T.,.F.,(1,1,1,1,1,1,1,1,1,
1,1,1,1,1,1),(-0.0011567813781915,-0.000771187585461001,-0.000385593792730501,
0.,0.000385593792730501,0.000771187585461002,0.0011567813781915,0.001542375170922,
0.0019279689636525,0.002313562756383,0.00269915654911351,0.00308475034184401,
0.00347034413457451,0.00385593792730501,0.00424153172003551),
 .UNSPECIFIED.);
#132=B_SPLINE_CURVE_WITH_KNOTS('',3,(#9414,#9415,#9416,#9417,#9418),
 .UNSPECIFIED.,.F.,.F.,(4,1,4),(0.,0.00234397236223297,0.00468794472446594),
 .UNSPECIFIED.);
#133=B_SPLINE_CURVE_WITH_KNOTS('',3,(#9431,#9432,#9433,#9434,#9435),
 .UNSPECIFIED.,.F.,.F.,(4,1,4),(0.,0.00616853265491487,0.0123370653098297),
 .UNSPECIFIED.);
#134=B_SPLINE_CURVE_WITH_KNOTS('',3,(#9460,#9461,#9462,#9463,#9464),
 .UNSPECIFIED.,.F.,.F.,(4,1,4),(0.,0.00234440374108334,0.00468880748216669),
 .UNSPECIFIED.);
#135=B_SPLINE_CURVE_WITH_KNOTS('',3,(#9469,#9470,#9471,#9472,#9473),
 .UNSPECIFIED.,.F.,.F.,(4,1,4),(0.,0.00465457649950924,0.00930915299901849),
 .UNSPECIFIED.);
#136=B_SPLINE_CURVE_WITH_KNOTS('',3,(#9477,#9478,#9479,#9480,#9481),
 .UNSPECIFIED.,.F.,.F.,(4,1,4),(0.,0.00234397236223296,0.00468794472446592),
 .UNSPECIFIED.);
#137=B_SPLINE_CURVE_WITH_KNOTS('',3,(#9485,#9486,#9487,#9488,#9489),
 .UNSPECIFIED.,.F.,.F.,(4,1,4),(0.,0.00616853265491487,0.0123370653098297),
 .UNSPECIFIED.);
#138=B_SPLINE_CURVE_WITH_KNOTS('',3,(#9493,#9494,#9495,#9496,#9497),
 .UNSPECIFIED.,.F.,.F.,(4,1,4),(0.,0.00234440374108334,0.00468880748216669),
 .UNSPECIFIED.);
#139=B_SPLINE_CURVE_WITH_KNOTS('',3,(#9499,#9500,#9501,#9502,#9503),
 .UNSPECIFIED.,.F.,.F.,(4,1,4),(0.,0.00465457649950924,0.00930915299901849),
 .UNSPECIFIED.);
#140=B_SPLINE_CURVE_WITH_KNOTS('',3,(#9980,#9981,#9982,#9983,#9984),
 .UNSPECIFIED.,.F.,.F.,(4,1,4),(0.,0.00234397236223297,0.00468794472446594),
 .UNSPECIFIED.);
#141=B_SPLINE_CURVE_WITH_KNOTS('',3,(#9997,#9998,#9999,#10000,#10001),
 .UNSPECIFIED.,.F.,.F.,(4,1,4),(0.,0.00616853265491487,0.0123370653098297),
 .UNSPECIFIED.);
#142=B_SPLINE_CURVE_WITH_KNOTS('',3,(#10026,#10027,#10028,#10029,#10030),
 .UNSPECIFIED.,.F.,.F.,(4,1,4),(0.,0.00234440374108334,0.00468880748216669),
 .UNSPECIFIED.);
#143=B_SPLINE_CURVE_WITH_KNOTS('',3,(#10035,#10036,#10037,#10038,#10039),
 .UNSPECIFIED.,.F.,.F.,(4,1,4),(0.,0.00465457649950924,0.00930915299901849),
 .UNSPECIFIED.);
#144=B_SPLINE_CURVE_WITH_KNOTS('',3,(#10043,#10044,#10045,#10046,#10047),
 .UNSPECIFIED.,.F.,.F.,(4,1,4),(0.,0.00234397236223296,0.00468794472446592),
 .UNSPECIFIED.);
#145=B_SPLINE_CURVE_WITH_KNOTS('',3,(#10051,#10052,#10053,#10054,#10055),
 .UNSPECIFIED.,.F.,.F.,(4,1,4),(0.,0.00616853265491487,0.0123370653098297),
 .UNSPECIFIED.);
#146=B_SPLINE_CURVE_WITH_KNOTS('',3,(#10059,#10060,#10061,#10062,#10063),
 .UNSPECIFIED.,.F.,.F.,(4,1,4),(0.,0.00234440374108334,0.00468880748216669),
 .UNSPECIFIED.);
#147=B_SPLINE_CURVE_WITH_KNOTS('',3,(#10065,#10066,#10067,#10068,#10069),
 .UNSPECIFIED.,.F.,.F.,(4,1,4),(0.,0.00465457649950924,0.00930915299901849),
 .UNSPECIFIED.);
#148=B_SPLINE_CURVE_WITH_KNOTS('',3,(#10121,#10122,#10123,#10124,#10125),
 .UNSPECIFIED.,.F.,.F.,(4,1,4),(0.,0.00451376929734288,0.00902753859468577),
 .UNSPECIFIED.);
#149=B_SPLINE_CURVE_WITH_KNOTS('',3,(#10128,#10129,#10130,#10131,#10132),
 .UNSPECIFIED.,.F.,.F.,(4,1,4),(0.,0.000775984292946847,0.00155196858589369),
 .UNSPECIFIED.);
#150=B_SPLINE_CURVE_WITH_KNOTS('',3,(#10134,#10135,#10136,#10137,#10138),
 .UNSPECIFIED.,.F.,.F.,(4,1,4),(0.,0.00588945159148401,0.011778903182968),
 .UNSPECIFIED.);
#151=B_SPLINE_CURVE_WITH_KNOTS('',3,(#10140,#10141,#10142,#10143,#10144),
 .UNSPECIFIED.,.F.,.F.,(4,1,4),(0.,0.000775197947191439,0.00155039589438288),
 .UNSPECIFIED.);
#152=B_SPLINE_CURVE_WITH_KNOTS('',3,(#10146,#10147,#10148,#10149,#10150),
 .UNSPECIFIED.,.F.,.F.,(4,1,4),(0.,0.00451376929734288,0.00902753859468577),
 .UNSPECIFIED.);
#153=B_SPLINE_CURVE_WITH_KNOTS('',3,(#10152,#10153,#10154,#10155,#10156),
 .UNSPECIFIED.,.F.,.F.,(4,1,4),(0.,0.000775984292946836,0.00155196858589367),
 .UNSPECIFIED.);
#154=B_SPLINE_CURVE_WITH_KNOTS('',3,(#10158,#10159,#10160,#10161,#10162),
 .UNSPECIFIED.,.F.,.F.,(4,1,4),(0.,0.00588945159148401,0.011778903182968),
 .UNSPECIFIED.);
#155=B_SPLINE_CURVE_WITH_KNOTS('',3,(#10164,#10165,#10166,#10167,#10168),
 .UNSPECIFIED.,.F.,.F.,(4,1,4),(0.,0.000775197947191443,0.00155039589438289),
 .UNSPECIFIED.);
#156=CYLINDRICAL_SURFACE('',#5971,0.003);
#157=CYLINDRICAL_SURFACE('',#5976,0.003);
#158=CYLINDRICAL_SURFACE('',#5979,0.003);
#159=CYLINDRICAL_SURFACE('',#5981,0.003);
#160=CYLINDRICAL_SURFACE('',#6017,0.001);
#161=CYLINDRICAL_SURFACE('',#6018,0.001);
#162=CYLINDRICAL_SURFACE('',#6072,0.003);
#163=CYLINDRICAL_SURFACE('',#6077,0.003);
#164=CYLINDRICAL_SURFACE('',#6080,0.003);
#165=CYLINDRICAL_SURFACE('',#6082,0.003);
#166=CYLINDRICAL_SURFACE('',#6118,0.001);
#167=CYLINDRICAL_SURFACE('',#6119,0.001);
#168=CYLINDRICAL_SURFACE('',#6173,0.003);
#169=CYLINDRICAL_SURFACE('',#6178,0.003);
#170=CYLINDRICAL_SURFACE('',#6181,0.003);
#171=CYLINDRICAL_SURFACE('',#6183,0.003);
#172=CYLINDRICAL_SURFACE('',#6222,0.001);
#173=CYLINDRICAL_SURFACE('',#6223,0.001);
#174=CYLINDRICAL_SURFACE('',#6277,0.003);
#175=CYLINDRICAL_SURFACE('',#6282,0.003);
#176=CYLINDRICAL_SURFACE('',#6285,0.003);
#177=CYLINDRICAL_SURFACE('',#6287,0.003);
#178=CYLINDRICAL_SURFACE('',#6323,0.001);
#179=CYLINDRICAL_SURFACE('',#6324,0.001);
#180=CIRCLE('',#5925,0.0023);
#181=CIRCLE('',#5926,0.0023);
#182=CIRCLE('',#5927,0.0023);
#183=CIRCLE('',#5928,0.0023);
#184=CIRCLE('',#5929,0.003);
#185=CIRCLE('',#5930,0.003);
#186=CIRCLE('',#5931,0.003);
#187=CIRCLE('',#5932,0.003);
#188=CIRCLE('',#5934,0.0013);
#189=CIRCLE('',#5935,0.0013);
#190=CIRCLE('',#5936,0.0013);
#191=CIRCLE('',#5937,0.0013);
#192=CIRCLE('',#5972,0.003);
#193=CIRCLE('',#5974,0.001);
#194=CIRCLE('',#5975,0.001);
#195=CIRCLE('',#5977,0.003);
#196=CIRCLE('',#5991,0.002);
#197=CIRCLE('',#5992,0.002);
#198=CIRCLE('',#5993,0.002);
#199=CIRCLE('',#5994,0.002);
#200=CIRCLE('',#5995,0.002);
#201=CIRCLE('',#5996,0.002);
#202=CIRCLE('',#5997,0.002);
#203=CIRCLE('',#5998,0.002);
#204=CIRCLE('',#6012,0.001);
#205=CIRCLE('',#6013,0.001);
#206=CIRCLE('',#6026,0.0023);
#207=CIRCLE('',#6027,0.0023);
#208=CIRCLE('',#6028,0.0023);
#209=CIRCLE('',#6029,0.0023);
#210=CIRCLE('',#6030,0.003);
#211=CIRCLE('',#6031,0.003);
#212=CIRCLE('',#6032,0.003);
#213=CIRCLE('',#6033,0.003);
#214=CIRCLE('',#6035,0.0013);
#215=CIRCLE('',#6036,0.0013);
#216=CIRCLE('',#6037,0.0013);
#217=CIRCLE('',#6038,0.0013);
#218=CIRCLE('',#6073,0.003);
#219=CIRCLE('',#6075,0.001);
#220=CIRCLE('',#6076,0.001);
#221=CIRCLE('',#6078,0.003);
#222=CIRCLE('',#6092,0.002);
#223=CIRCLE('',#6093,0.002);
#224=CIRCLE('',#6094,0.002);
#225=CIRCLE('',#6095,0.002);
#226=CIRCLE('',#6096,0.002);
#227=CIRCLE('',#6097,0.002);
#228=CIRCLE('',#6098,0.002);
#229=CIRCLE('',#6099,0.002);
#230=CIRCLE('',#6113,0.001);
#231=CIRCLE('',#6114,0.001);
#232=CIRCLE('',#6127,0.0023);
#233=CIRCLE('',#6128,0.0023);
#234=CIRCLE('',#6129,0.0023);
#235=CIRCLE('',#6130,0.0023);
#236=CIRCLE('',#6131,0.003);
#237=CIRCLE('',#6132,0.003);
#238=CIRCLE('',#6133,0.003);
#239=CIRCLE('',#6134,0.003);
#240=CIRCLE('',#6136,0.0013);
#241=CIRCLE('',#6137,0.0013);
#242=CIRCLE('',#6138,0.0013);
#243=CIRCLE('',#6139,0.0013);
#244=CIRCLE('',#6174,0.003);
#245=CIRCLE('',#6176,0.001);
#246=CIRCLE('',#6177,0.001);
#247=CIRCLE('',#6179,0.003);
#248=CIRCLE('',#6193,0.002);
#249=CIRCLE('',#6194,0.002);
#250=CIRCLE('',#6195,0.002);
#251=CIRCLE('',#6196,0.002);
#252=CIRCLE('',#6197,0.002);
#253=CIRCLE('',#6198,0.002);
#254=CIRCLE('',#6199,0.002);
#255=CIRCLE('',#6200,0.002);
#256=CIRCLE('',#6217,0.001);
#257=CIRCLE('',#6218,0.001);
#258=CIRCLE('',#6231,0.0023);
#259=CIRCLE('',#6232,0.0023);
#260=CIRCLE('',#6233,0.0023);
#261=CIRCLE('',#6234,0.0023);
#262=CIRCLE('',#6235,0.003);
#263=CIRCLE('',#6236,0.003);
#264=CIRCLE('',#6237,0.003);
#265=CIRCLE('',#6238,0.003);
#266=CIRCLE('',#6240,0.0013);
#267=CIRCLE('',#6241,0.0013);
#268=CIRCLE('',#6242,0.0013);
#269=CIRCLE('',#6243,0.0013);
#270=CIRCLE('',#6278,0.003);
#271=CIRCLE('',#6280,0.001);
#272=CIRCLE('',#6281,0.001);
#273=CIRCLE('',#6283,0.003);
#274=CIRCLE('',#6297,0.002);
#275=CIRCLE('',#6298,0.002);
#276=CIRCLE('',#6299,0.002);
#277=CIRCLE('',#6300,0.002);
#278=CIRCLE('',#6301,0.002);
#279=CIRCLE('',#6302,0.002);
#280=CIRCLE('',#6303,0.002);
#281=CIRCLE('',#6304,0.002);
#282=CIRCLE('',#6318,0.001);
#283=CIRCLE('',#6319,0.001);
#284=ORIENTED_EDGE('',*,*,#1938,.T.);
#285=ORIENTED_EDGE('',*,*,#1939,.T.);
#286=ORIENTED_EDGE('',*,*,#1940,.T.);
#287=ORIENTED_EDGE('',*,*,#1941,.F.);
#288=ORIENTED_EDGE('',*,*,#1942,.T.);
#289=ORIENTED_EDGE('',*,*,#1943,.F.);
#290=ORIENTED_EDGE('',*,*,#1944,.T.);
#291=ORIENTED_EDGE('',*,*,#1945,.F.);
#292=ORIENTED_EDGE('',*,*,#1946,.T.);
#293=ORIENTED_EDGE('',*,*,#1947,.T.);
#294=ORIENTED_EDGE('',*,*,#1948,.T.);
#295=ORIENTED_EDGE('',*,*,#1949,.T.);
#296=ORIENTED_EDGE('',*,*,#1950,.F.);
#297=ORIENTED_EDGE('',*,*,#1951,.T.);
#298=ORIENTED_EDGE('',*,*,#1952,.T.);
#299=ORIENTED_EDGE('',*,*,#1953,.F.);
#300=ORIENTED_EDGE('',*,*,#1954,.F.);
#301=ORIENTED_EDGE('',*,*,#1955,.F.);
#302=ORIENTED_EDGE('',*,*,#1956,.T.);
#303=ORIENTED_EDGE('',*,*,#1957,.F.);
#304=ORIENTED_EDGE('',*,*,#1958,.F.);
#305=ORIENTED_EDGE('',*,*,#1959,.F.);
#306=ORIENTED_EDGE('',*,*,#1960,.T.);
#307=ORIENTED_EDGE('',*,*,#1961,.F.);
#308=ORIENTED_EDGE('',*,*,#1962,.T.);
#309=ORIENTED_EDGE('',*,*,#1963,.F.);
#310=ORIENTED_EDGE('',*,*,#1964,.T.);
#311=ORIENTED_EDGE('',*,*,#1965,.T.);
#312=ORIENTED_EDGE('',*,*,#1966,.T.);
#313=ORIENTED_EDGE('',*,*,#1967,.T.);
#314=ORIENTED_EDGE('',*,*,#1968,.T.);
#315=ORIENTED_EDGE('',*,*,#1969,.T.);
#316=ORIENTED_EDGE('',*,*,#1970,.T.);
#317=ORIENTED_EDGE('',*,*,#1971,.T.);
#318=ORIENTED_EDGE('',*,*,#1972,.F.);
#319=ORIENTED_EDGE('',*,*,#1973,.T.);
#320=ORIENTED_EDGE('',*,*,#1974,.T.);
#321=ORIENTED_EDGE('',*,*,#1975,.T.);
#322=ORIENTED_EDGE('',*,*,#1941,.T.);
#323=ORIENTED_EDGE('',*,*,#1976,.T.);
#324=ORIENTED_EDGE('',*,*,#1977,.F.);
#325=ORIENTED_EDGE('',*,*,#1978,.T.);
#326=ORIENTED_EDGE('',*,*,#1979,.F.);
#327=ORIENTED_EDGE('',*,*,#1980,.T.);
#328=ORIENTED_EDGE('',*,*,#1981,.T.);
#329=ORIENTED_EDGE('',*,*,#1982,.T.);
#330=ORIENTED_EDGE('',*,*,#1983,.T.);
#331=ORIENTED_EDGE('',*,*,#1984,.T.);
#332=ORIENTED_EDGE('',*,*,#1985,.F.);
#333=ORIENTED_EDGE('',*,*,#1986,.T.);
#334=ORIENTED_EDGE('',*,*,#1979,.T.);
#335=ORIENTED_EDGE('',*,*,#1987,.T.);
#336=ORIENTED_EDGE('',*,*,#1988,.T.);
#337=ORIENTED_EDGE('',*,*,#1989,.T.);
#338=ORIENTED_EDGE('',*,*,#1990,.T.);
#339=ORIENTED_EDGE('',*,*,#1991,.T.);
#340=ORIENTED_EDGE('',*,*,#1981,.F.);
#341=ORIENTED_EDGE('',*,*,#1992,.T.);
#342=ORIENTED_EDGE('',*,*,#1983,.F.);
#343=ORIENTED_EDGE('',*,*,#1993,.T.);
#344=ORIENTED_EDGE('',*,*,#1994,.T.);
#345=ORIENTED_EDGE('',*,*,#1995,.T.);
#346=ORIENTED_EDGE('',*,*,#1996,.T.);
#347=ORIENTED_EDGE('',*,*,#1997,.T.);
#348=ORIENTED_EDGE('',*,*,#1998,.T.);
#349=ORIENTED_EDGE('',*,*,#1985,.T.);
#350=ORIENTED_EDGE('',*,*,#1999,.T.);
#351=ORIENTED_EDGE('',*,*,#2000,.T.);
#352=ORIENTED_EDGE('',*,*,#2001,.T.);
#353=ORIENTED_EDGE('',*,*,#2002,.T.);
#354=ORIENTED_EDGE('',*,*,#1972,.T.);
#355=ORIENTED_EDGE('',*,*,#2003,.T.);
#356=ORIENTED_EDGE('',*,*,#2004,.T.);
#357=ORIENTED_EDGE('',*,*,#2005,.T.);
#358=ORIENTED_EDGE('',*,*,#2006,.T.);
#359=ORIENTED_EDGE('',*,*,#2007,.T.);
#360=ORIENTED_EDGE('',*,*,#1974,.F.);
#361=ORIENTED_EDGE('',*,*,#2008,.T.);
#362=ORIENTED_EDGE('',*,*,#1977,.T.);
#363=ORIENTED_EDGE('',*,*,#2009,.T.);
#364=ORIENTED_EDGE('',*,*,#2010,.T.);
#365=ORIENTED_EDGE('',*,*,#2011,.T.);
#366=ORIENTED_EDGE('',*,*,#2012,.T.);
#367=ORIENTED_EDGE('',*,*,#2013,.T.);
#368=ORIENTED_EDGE('',*,*,#2014,.T.);
#369=ORIENTED_EDGE('',*,*,#2015,.T.);
#370=ORIENTED_EDGE('',*,*,#1986,.F.);
#371=ORIENTED_EDGE('',*,*,#1998,.F.);
#372=ORIENTED_EDGE('',*,*,#2016,.F.);
#373=ORIENTED_EDGE('',*,*,#2017,.F.);
#374=ORIENTED_EDGE('',*,*,#1987,.F.);
#375=ORIENTED_EDGE('',*,*,#1984,.F.);
#376=ORIENTED_EDGE('',*,*,#1995,.F.);
#377=ORIENTED_EDGE('',*,*,#2018,.F.);
#378=ORIENTED_EDGE('',*,*,#2019,.T.);
#379=ORIENTED_EDGE('',*,*,#1996,.F.);
#380=ORIENTED_EDGE('',*,*,#2020,.F.);
#381=ORIENTED_EDGE('',*,*,#2021,.F.);
#382=ORIENTED_EDGE('',*,*,#2022,.F.);
#383=ORIENTED_EDGE('',*,*,#2002,.F.);
#384=ORIENTED_EDGE('',*,*,#2017,.T.);
#385=ORIENTED_EDGE('',*,*,#2020,.T.);
#386=ORIENTED_EDGE('',*,*,#2023,.F.);
#387=ORIENTED_EDGE('',*,*,#2022,.T.);
#388=ORIENTED_EDGE('',*,*,#2018,.T.);
#389=ORIENTED_EDGE('',*,*,#2024,.F.);
#390=ORIENTED_EDGE('',*,*,#2023,.T.);
#391=ORIENTED_EDGE('',*,*,#2001,.F.);
#392=ORIENTED_EDGE('',*,*,#2025,.F.);
#393=ORIENTED_EDGE('',*,*,#1988,.F.);
#394=ORIENTED_EDGE('',*,*,#1980,.F.);
#395=ORIENTED_EDGE('',*,*,#1989,.F.);
#396=ORIENTED_EDGE('',*,*,#2026,.F.);
#397=ORIENTED_EDGE('',*,*,#1992,.F.);
#398=ORIENTED_EDGE('',*,*,#1982,.F.);
#399=ORIENTED_EDGE('',*,*,#1991,.F.);
#400=ORIENTED_EDGE('',*,*,#2027,.F.);
#401=ORIENTED_EDGE('',*,*,#1993,.F.);
#402=ORIENTED_EDGE('',*,*,#2024,.T.);
#403=ORIENTED_EDGE('',*,*,#1994,.F.);
#404=ORIENTED_EDGE('',*,*,#2028,.F.);
#405=ORIENTED_EDGE('',*,*,#1999,.F.);
#406=ORIENTED_EDGE('',*,*,#2026,.T.);
#407=ORIENTED_EDGE('',*,*,#2025,.T.);
#408=ORIENTED_EDGE('',*,*,#2029,.F.);
#409=ORIENTED_EDGE('',*,*,#2028,.T.);
#410=ORIENTED_EDGE('',*,*,#2027,.T.);
#411=ORIENTED_EDGE('',*,*,#2030,.F.);
#412=ORIENTED_EDGE('',*,*,#2029,.T.);
#413=ORIENTED_EDGE('',*,*,#2000,.F.);
#414=ORIENTED_EDGE('',*,*,#2030,.T.);
#415=ORIENTED_EDGE('',*,*,#1990,.F.);
#416=ORIENTED_EDGE('',*,*,#1973,.F.);
#417=ORIENTED_EDGE('',*,*,#2005,.F.);
#418=ORIENTED_EDGE('',*,*,#2031,.F.);
#419=ORIENTED_EDGE('',*,*,#2008,.F.);
#420=ORIENTED_EDGE('',*,*,#2032,.F.);
#421=ORIENTED_EDGE('',*,*,#2006,.F.);
#422=ORIENTED_EDGE('',*,*,#2033,.F.);
#423=ORIENTED_EDGE('',*,*,#2014,.F.);
#424=ORIENTED_EDGE('',*,*,#1975,.F.);
#425=ORIENTED_EDGE('',*,*,#2007,.F.);
#426=ORIENTED_EDGE('',*,*,#2034,.F.);
#427=ORIENTED_EDGE('',*,*,#2035,.F.);
#428=ORIENTED_EDGE('',*,*,#1938,.F.);
#429=ORIENTED_EDGE('',*,*,#2033,.T.);
#430=ORIENTED_EDGE('',*,*,#2031,.T.);
#431=ORIENTED_EDGE('',*,*,#2036,.F.);
#432=ORIENTED_EDGE('',*,*,#2034,.T.);
#433=ORIENTED_EDGE('',*,*,#2032,.T.);
#434=ORIENTED_EDGE('',*,*,#2037,.F.);
#435=ORIENTED_EDGE('',*,*,#1978,.F.);
#436=ORIENTED_EDGE('',*,*,#2011,.F.);
#437=ORIENTED_EDGE('',*,*,#2038,.F.);
#438=ORIENTED_EDGE('',*,*,#2003,.F.);
#439=ORIENTED_EDGE('',*,*,#2036,.T.);
#440=ORIENTED_EDGE('',*,*,#2004,.F.);
#441=ORIENTED_EDGE('',*,*,#2039,.F.);
#442=ORIENTED_EDGE('',*,*,#2015,.F.);
#443=ORIENTED_EDGE('',*,*,#2037,.T.);
#444=ORIENTED_EDGE('',*,*,#2013,.F.);
#445=ORIENTED_EDGE('',*,*,#2040,.F.);
#446=ORIENTED_EDGE('',*,*,#2041,.F.);
#447=ORIENTED_EDGE('',*,*,#1976,.F.);
#448=ORIENTED_EDGE('',*,*,#1940,.F.);
#449=ORIENTED_EDGE('',*,*,#2042,.F.);
#450=ORIENTED_EDGE('',*,*,#2043,.F.);
#451=ORIENTED_EDGE('',*,*,#2009,.F.);
#452=ORIENTED_EDGE('',*,*,#2039,.T.);
#453=ORIENTED_EDGE('',*,*,#2038,.T.);
#454=ORIENTED_EDGE('',*,*,#2044,.F.);
#455=ORIENTED_EDGE('',*,*,#2043,.T.);
#456=ORIENTED_EDGE('',*,*,#2040,.T.);
#457=ORIENTED_EDGE('',*,*,#2045,.F.);
#458=ORIENTED_EDGE('',*,*,#2044,.T.);
#459=ORIENTED_EDGE('',*,*,#2010,.F.);
#460=ORIENTED_EDGE('',*,*,#2045,.T.);
#461=ORIENTED_EDGE('',*,*,#2012,.F.);
#462=ORIENTED_EDGE('',*,*,#2046,.F.);
#463=ORIENTED_EDGE('',*,*,#2047,.T.);
#464=ORIENTED_EDGE('',*,*,#2048,.T.);
#465=ORIENTED_EDGE('',*,*,#1957,.T.);
#466=ORIENTED_EDGE('',*,*,#2049,.T.);
#467=ORIENTED_EDGE('',*,*,#1953,.T.);
#468=ORIENTED_EDGE('',*,*,#2050,.T.);
#469=ORIENTED_EDGE('',*,*,#2051,.F.);
#470=ORIENTED_EDGE('',*,*,#2052,.F.);
#471=ORIENTED_EDGE('',*,*,#2053,.F.);
#472=ORIENTED_EDGE('',*,*,#2054,.T.);
#473=ORIENTED_EDGE('',*,*,#2046,.T.);
#474=ORIENTED_EDGE('',*,*,#2055,.F.);
#475=ORIENTED_EDGE('',*,*,#2056,.F.);
#476=ORIENTED_EDGE('',*,*,#2057,.T.);
#477=ORIENTED_EDGE('',*,*,#2058,.T.);
#478=ORIENTED_EDGE('',*,*,#2059,.T.);
#479=ORIENTED_EDGE('',*,*,#2060,.T.);
#480=ORIENTED_EDGE('',*,*,#2061,.T.);
#481=ORIENTED_EDGE('',*,*,#2062,.F.);
#482=ORIENTED_EDGE('',*,*,#2063,.T.);
#483=ORIENTED_EDGE('',*,*,#2064,.T.);
#484=ORIENTED_EDGE('',*,*,#2065,.F.);
#485=ORIENTED_EDGE('',*,*,#2066,.F.);
#486=ORIENTED_EDGE('',*,*,#2067,.T.);
#487=ORIENTED_EDGE('',*,*,#2053,.T.);
#488=ORIENTED_EDGE('',*,*,#2068,.T.);
#489=ORIENTED_EDGE('',*,*,#1963,.T.);
#490=ORIENTED_EDGE('',*,*,#2069,.F.);
#491=ORIENTED_EDGE('',*,*,#2070,.T.);
#492=ORIENTED_EDGE('',*,*,#2066,.T.);
#493=ORIENTED_EDGE('',*,*,#1962,.F.);
#494=ORIENTED_EDGE('',*,*,#2071,.F.);
#495=ORIENTED_EDGE('',*,*,#2072,.T.);
#496=ORIENTED_EDGE('',*,*,#2069,.T.);
#497=ORIENTED_EDGE('',*,*,#1961,.T.);
#498=ORIENTED_EDGE('',*,*,#2073,.F.);
#499=ORIENTED_EDGE('',*,*,#2074,.T.);
#500=ORIENTED_EDGE('',*,*,#2071,.T.);
#501=ORIENTED_EDGE('',*,*,#1960,.F.);
#502=ORIENTED_EDGE('',*,*,#2075,.F.);
#503=ORIENTED_EDGE('',*,*,#2076,.T.);
#504=ORIENTED_EDGE('',*,*,#2073,.T.);
#505=ORIENTED_EDGE('',*,*,#1959,.T.);
#506=ORIENTED_EDGE('',*,*,#2048,.F.);
#507=ORIENTED_EDGE('',*,*,#2077,.T.);
#508=ORIENTED_EDGE('',*,*,#2075,.T.);
#509=ORIENTED_EDGE('',*,*,#1958,.T.);
#510=ORIENTED_EDGE('',*,*,#2078,.F.);
#511=ORIENTED_EDGE('',*,*,#1969,.F.);
#512=ORIENTED_EDGE('',*,*,#2079,.F.);
#513=ORIENTED_EDGE('',*,*,#1945,.T.);
#514=ORIENTED_EDGE('',*,*,#2079,.T.);
#515=ORIENTED_EDGE('',*,*,#1968,.F.);
#516=ORIENTED_EDGE('',*,*,#2080,.F.);
#517=ORIENTED_EDGE('',*,*,#1946,.F.);
#518=ORIENTED_EDGE('',*,*,#2078,.T.);
#519=ORIENTED_EDGE('',*,*,#1944,.F.);
#520=ORIENTED_EDGE('',*,*,#2081,.F.);
#521=ORIENTED_EDGE('',*,*,#1970,.F.);
#522=ORIENTED_EDGE('',*,*,#2080,.T.);
#523=ORIENTED_EDGE('',*,*,#1967,.F.);
#524=ORIENTED_EDGE('',*,*,#2082,.F.);
#525=ORIENTED_EDGE('',*,*,#1947,.F.);
#526=ORIENTED_EDGE('',*,*,#2081,.T.);
#527=ORIENTED_EDGE('',*,*,#1943,.T.);
#528=ORIENTED_EDGE('',*,*,#2083,.F.);
#529=ORIENTED_EDGE('',*,*,#1971,.F.);
#530=ORIENTED_EDGE('',*,*,#2082,.T.);
#531=ORIENTED_EDGE('',*,*,#1966,.F.);
#532=ORIENTED_EDGE('',*,*,#2084,.F.);
#533=ORIENTED_EDGE('',*,*,#1948,.F.);
#534=ORIENTED_EDGE('',*,*,#2083,.T.);
#535=ORIENTED_EDGE('',*,*,#1942,.F.);
#536=ORIENTED_EDGE('',*,*,#2085,.F.);
#537=ORIENTED_EDGE('',*,*,#1964,.F.);
#538=ORIENTED_EDGE('',*,*,#2084,.T.);
#539=ORIENTED_EDGE('',*,*,#1965,.F.);
#540=ORIENTED_EDGE('',*,*,#2085,.T.);
#541=ORIENTED_EDGE('',*,*,#1949,.F.);
#542=ORIENTED_EDGE('',*,*,#2086,.T.);
#543=ORIENTED_EDGE('',*,*,#2087,.T.);
#544=ORIENTED_EDGE('',*,*,#2088,.T.);
#545=ORIENTED_EDGE('',*,*,#2089,.T.);
#546=ORIENTED_EDGE('',*,*,#2090,.T.);
#547=ORIENTED_EDGE('',*,*,#2091,.T.);
#548=ORIENTED_EDGE('',*,*,#2092,.T.);
#549=ORIENTED_EDGE('',*,*,#2093,.T.);
#550=ORIENTED_EDGE('',*,*,#2094,.F.);
#551=ORIENTED_EDGE('',*,*,#2091,.F.);
#552=ORIENTED_EDGE('',*,*,#2095,.F.);
#553=ORIENTED_EDGE('',*,*,#2047,.F.);
#554=ORIENTED_EDGE('',*,*,#2095,.T.);
#555=ORIENTED_EDGE('',*,*,#2090,.F.);
#556=ORIENTED_EDGE('',*,*,#2096,.F.);
#557=ORIENTED_EDGE('',*,*,#2077,.F.);
#558=ORIENTED_EDGE('',*,*,#2094,.T.);
#559=ORIENTED_EDGE('',*,*,#2054,.F.);
#560=ORIENTED_EDGE('',*,*,#2097,.F.);
#561=ORIENTED_EDGE('',*,*,#2092,.F.);
#562=ORIENTED_EDGE('',*,*,#2096,.T.);
#563=ORIENTED_EDGE('',*,*,#2089,.F.);
#564=ORIENTED_EDGE('',*,*,#2098,.F.);
#565=ORIENTED_EDGE('',*,*,#2076,.F.);
#566=ORIENTED_EDGE('',*,*,#2097,.T.);
#567=ORIENTED_EDGE('',*,*,#2067,.F.);
#568=ORIENTED_EDGE('',*,*,#2099,.F.);
#569=ORIENTED_EDGE('',*,*,#2093,.F.);
#570=ORIENTED_EDGE('',*,*,#2098,.T.);
#571=ORIENTED_EDGE('',*,*,#2088,.F.);
#572=ORIENTED_EDGE('',*,*,#2100,.F.);
#573=ORIENTED_EDGE('',*,*,#2074,.F.);
#574=ORIENTED_EDGE('',*,*,#2099,.T.);
#575=ORIENTED_EDGE('',*,*,#2070,.F.);
#576=ORIENTED_EDGE('',*,*,#2101,.F.);
#577=ORIENTED_EDGE('',*,*,#2086,.F.);
#578=ORIENTED_EDGE('',*,*,#2100,.T.);
#579=ORIENTED_EDGE('',*,*,#2087,.F.);
#580=ORIENTED_EDGE('',*,*,#2101,.T.);
#581=ORIENTED_EDGE('',*,*,#2072,.F.);
#582=ORIENTED_EDGE('',*,*,#2049,.F.);
#583=ORIENTED_EDGE('',*,*,#2102,.T.);
#584=ORIENTED_EDGE('',*,*,#2055,.T.);
#585=ORIENTED_EDGE('',*,*,#2050,.F.);
#586=ORIENTED_EDGE('',*,*,#1952,.F.);
#587=ORIENTED_EDGE('',*,*,#2103,.T.);
#588=ORIENTED_EDGE('',*,*,#2104,.T.);
#589=ORIENTED_EDGE('',*,*,#2068,.F.);
#590=ORIENTED_EDGE('',*,*,#2061,.F.);
#591=ORIENTED_EDGE('',*,*,#2105,.F.);
#592=ORIENTED_EDGE('',*,*,#2060,.F.);
#593=ORIENTED_EDGE('',*,*,#2106,.T.);
#594=ORIENTED_EDGE('',*,*,#2107,.T.);
#595=ORIENTED_EDGE('',*,*,#1950,.T.);
#596=ORIENTED_EDGE('',*,*,#2105,.T.);
#597=ORIENTED_EDGE('',*,*,#2108,.T.);
#598=ORIENTED_EDGE('',*,*,#2109,.T.);
#599=ORIENTED_EDGE('',*,*,#2058,.F.);
#600=ORIENTED_EDGE('',*,*,#2110,.T.);
#601=ORIENTED_EDGE('',*,*,#2111,.F.);
#602=ORIENTED_EDGE('',*,*,#2112,.T.);
#603=ORIENTED_EDGE('',*,*,#2056,.T.);
#604=ORIENTED_EDGE('',*,*,#2102,.F.);
#605=ORIENTED_EDGE('',*,*,#1956,.F.);
#606=ORIENTED_EDGE('',*,*,#2052,.T.);
#607=ORIENTED_EDGE('',*,*,#2113,.F.);
#608=ORIENTED_EDGE('',*,*,#2114,.F.);
#609=ORIENTED_EDGE('',*,*,#1954,.T.);
#610=ORIENTED_EDGE('',*,*,#2115,.F.);
#611=ORIENTED_EDGE('',*,*,#2116,.T.);
#612=ORIENTED_EDGE('',*,*,#2117,.T.);
#613=ORIENTED_EDGE('',*,*,#2118,.F.);
#614=ORIENTED_EDGE('',*,*,#2113,.T.);
#615=ORIENTED_EDGE('',*,*,#2051,.T.);
#616=ORIENTED_EDGE('',*,*,#2104,.F.);
#617=ORIENTED_EDGE('',*,*,#2119,.T.);
#618=ORIENTED_EDGE('',*,*,#2120,.F.);
#619=ORIENTED_EDGE('',*,*,#2121,.T.);
#620=ORIENTED_EDGE('',*,*,#2122,.T.);
#621=ORIENTED_EDGE('',*,*,#2123,.T.);
#622=ORIENTED_EDGE('',*,*,#2124,.T.);
#623=ORIENTED_EDGE('',*,*,#2062,.T.);
#624=ORIENTED_EDGE('',*,*,#2125,.F.);
#625=ORIENTED_EDGE('',*,*,#2126,.F.);
#626=ORIENTED_EDGE('',*,*,#2065,.T.);
#627=ORIENTED_EDGE('',*,*,#2127,.F.);
#628=ORIENTED_EDGE('',*,*,#2128,.F.);
#629=ORIENTED_EDGE('',*,*,#2125,.T.);
#630=ORIENTED_EDGE('',*,*,#2064,.F.);
#631=ORIENTED_EDGE('',*,*,#2129,.F.);
#632=ORIENTED_EDGE('',*,*,#2130,.T.);
#633=ORIENTED_EDGE('',*,*,#2127,.T.);
#634=ORIENTED_EDGE('',*,*,#2063,.F.);
#635=ORIENTED_EDGE('',*,*,#2124,.F.);
#636=ORIENTED_EDGE('',*,*,#2131,.T.);
#637=ORIENTED_EDGE('',*,*,#2129,.T.);
#638=ORIENTED_EDGE('',*,*,#2107,.F.);
#639=ORIENTED_EDGE('',*,*,#2132,.T.);
#640=ORIENTED_EDGE('',*,*,#2108,.F.);
#641=ORIENTED_EDGE('',*,*,#2133,.T.);
#642=ORIENTED_EDGE('',*,*,#2111,.T.);
#643=ORIENTED_EDGE('',*,*,#1955,.T.);
#644=ORIENTED_EDGE('',*,*,#2114,.T.);
#645=ORIENTED_EDGE('',*,*,#2118,.T.);
#646=ORIENTED_EDGE('',*,*,#2134,.T.);
#647=ORIENTED_EDGE('',*,*,#2126,.T.);
#648=ORIENTED_EDGE('',*,*,#2128,.T.);
#649=ORIENTED_EDGE('',*,*,#2130,.F.);
#650=ORIENTED_EDGE('',*,*,#2131,.F.);
#651=ORIENTED_EDGE('',*,*,#2123,.F.);
#652=ORIENTED_EDGE('',*,*,#2135,.F.);
#653=ORIENTED_EDGE('',*,*,#2119,.F.);
#654=ORIENTED_EDGE('',*,*,#2103,.F.);
#655=ORIENTED_EDGE('',*,*,#1951,.F.);
#656=ORIENTED_EDGE('',*,*,#2122,.F.);
#657=ORIENTED_EDGE('',*,*,#2136,.T.);
#658=ORIENTED_EDGE('',*,*,#2115,.T.);
#659=ORIENTED_EDGE('',*,*,#2135,.T.);
#660=ORIENTED_EDGE('',*,*,#2117,.F.);
#661=ORIENTED_EDGE('',*,*,#2137,.T.);
#662=ORIENTED_EDGE('',*,*,#2120,.T.);
#663=ORIENTED_EDGE('',*,*,#2134,.F.);
#664=ORIENTED_EDGE('',*,*,#2138,.T.);
#665=ORIENTED_EDGE('',*,*,#2016,.T.);
#666=ORIENTED_EDGE('',*,*,#2139,.T.);
#667=ORIENTED_EDGE('',*,*,#2035,.T.);
#668=ORIENTED_EDGE('',*,*,#2132,.F.);
#669=ORIENTED_EDGE('',*,*,#2106,.F.);
#670=ORIENTED_EDGE('',*,*,#2059,.F.);
#671=ORIENTED_EDGE('',*,*,#2109,.F.);
#672=ORIENTED_EDGE('',*,*,#2133,.F.);
#673=ORIENTED_EDGE('',*,*,#2110,.F.);
#674=ORIENTED_EDGE('',*,*,#2057,.F.);
#675=ORIENTED_EDGE('',*,*,#2112,.F.);
#676=ORIENTED_EDGE('',*,*,#2140,.F.);
#677=ORIENTED_EDGE('',*,*,#2042,.T.);
#678=ORIENTED_EDGE('',*,*,#2141,.F.);
#679=ORIENTED_EDGE('',*,*,#2136,.F.);
#680=ORIENTED_EDGE('',*,*,#2141,.T.);
#681=ORIENTED_EDGE('',*,*,#1939,.F.);
#682=ORIENTED_EDGE('',*,*,#2139,.F.);
#683=ORIENTED_EDGE('',*,*,#1997,.F.);
#684=ORIENTED_EDGE('',*,*,#2142,.F.);
#685=ORIENTED_EDGE('',*,*,#2116,.F.);
#686=ORIENTED_EDGE('',*,*,#2140,.T.);
#687=ORIENTED_EDGE('',*,*,#2121,.F.);
#688=ORIENTED_EDGE('',*,*,#2143,.F.);
#689=ORIENTED_EDGE('',*,*,#2021,.T.);
#690=ORIENTED_EDGE('',*,*,#2138,.F.);
#691=ORIENTED_EDGE('',*,*,#2041,.T.);
#692=ORIENTED_EDGE('',*,*,#2142,.T.);
#693=ORIENTED_EDGE('',*,*,#2019,.F.);
#694=ORIENTED_EDGE('',*,*,#2143,.T.);
#695=ORIENTED_EDGE('',*,*,#2137,.F.);
#696=ORIENTED_EDGE('',*,*,#2144,.T.);
#697=ORIENTED_EDGE('',*,*,#2145,.T.);
#698=ORIENTED_EDGE('',*,*,#2146,.T.);
#699=ORIENTED_EDGE('',*,*,#2147,.F.);
#700=ORIENTED_EDGE('',*,*,#2148,.T.);
#701=ORIENTED_EDGE('',*,*,#2149,.F.);
#702=ORIENTED_EDGE('',*,*,#2150,.T.);
#703=ORIENTED_EDGE('',*,*,#2151,.F.);
#704=ORIENTED_EDGE('',*,*,#2152,.T.);
#705=ORIENTED_EDGE('',*,*,#2153,.T.);
#706=ORIENTED_EDGE('',*,*,#2154,.T.);
#707=ORIENTED_EDGE('',*,*,#2155,.T.);
#708=ORIENTED_EDGE('',*,*,#2156,.F.);
#709=ORIENTED_EDGE('',*,*,#2157,.T.);
#710=ORIENTED_EDGE('',*,*,#2158,.T.);
#711=ORIENTED_EDGE('',*,*,#2159,.F.);
#712=ORIENTED_EDGE('',*,*,#2160,.F.);
#713=ORIENTED_EDGE('',*,*,#2161,.F.);
#714=ORIENTED_EDGE('',*,*,#2162,.T.);
#715=ORIENTED_EDGE('',*,*,#2163,.F.);
#716=ORIENTED_EDGE('',*,*,#2164,.F.);
#717=ORIENTED_EDGE('',*,*,#2165,.F.);
#718=ORIENTED_EDGE('',*,*,#2166,.T.);
#719=ORIENTED_EDGE('',*,*,#2167,.F.);
#720=ORIENTED_EDGE('',*,*,#2168,.T.);
#721=ORIENTED_EDGE('',*,*,#2169,.F.);
#722=ORIENTED_EDGE('',*,*,#2170,.T.);
#723=ORIENTED_EDGE('',*,*,#2171,.T.);
#724=ORIENTED_EDGE('',*,*,#2172,.T.);
#725=ORIENTED_EDGE('',*,*,#2173,.T.);
#726=ORIENTED_EDGE('',*,*,#2174,.T.);
#727=ORIENTED_EDGE('',*,*,#2175,.T.);
#728=ORIENTED_EDGE('',*,*,#2176,.T.);
#729=ORIENTED_EDGE('',*,*,#2177,.T.);
#730=ORIENTED_EDGE('',*,*,#2178,.F.);
#731=ORIENTED_EDGE('',*,*,#2179,.T.);
#732=ORIENTED_EDGE('',*,*,#2180,.T.);
#733=ORIENTED_EDGE('',*,*,#2181,.T.);
#734=ORIENTED_EDGE('',*,*,#2147,.T.);
#735=ORIENTED_EDGE('',*,*,#2182,.T.);
#736=ORIENTED_EDGE('',*,*,#2183,.F.);
#737=ORIENTED_EDGE('',*,*,#2184,.T.);
#738=ORIENTED_EDGE('',*,*,#2185,.F.);
#739=ORIENTED_EDGE('',*,*,#2186,.T.);
#740=ORIENTED_EDGE('',*,*,#2187,.T.);
#741=ORIENTED_EDGE('',*,*,#2188,.T.);
#742=ORIENTED_EDGE('',*,*,#2189,.T.);
#743=ORIENTED_EDGE('',*,*,#2190,.T.);
#744=ORIENTED_EDGE('',*,*,#2191,.F.);
#745=ORIENTED_EDGE('',*,*,#2192,.T.);
#746=ORIENTED_EDGE('',*,*,#2185,.T.);
#747=ORIENTED_EDGE('',*,*,#2193,.T.);
#748=ORIENTED_EDGE('',*,*,#2194,.T.);
#749=ORIENTED_EDGE('',*,*,#2195,.T.);
#750=ORIENTED_EDGE('',*,*,#2196,.T.);
#751=ORIENTED_EDGE('',*,*,#2197,.T.);
#752=ORIENTED_EDGE('',*,*,#2187,.F.);
#753=ORIENTED_EDGE('',*,*,#2198,.T.);
#754=ORIENTED_EDGE('',*,*,#2189,.F.);
#755=ORIENTED_EDGE('',*,*,#2199,.T.);
#756=ORIENTED_EDGE('',*,*,#2200,.T.);
#757=ORIENTED_EDGE('',*,*,#2201,.T.);
#758=ORIENTED_EDGE('',*,*,#2202,.T.);
#759=ORIENTED_EDGE('',*,*,#2203,.T.);
#760=ORIENTED_EDGE('',*,*,#2204,.T.);
#761=ORIENTED_EDGE('',*,*,#2191,.T.);
#762=ORIENTED_EDGE('',*,*,#2205,.T.);
#763=ORIENTED_EDGE('',*,*,#2206,.T.);
#764=ORIENTED_EDGE('',*,*,#2207,.T.);
#765=ORIENTED_EDGE('',*,*,#2208,.T.);
#766=ORIENTED_EDGE('',*,*,#2178,.T.);
#767=ORIENTED_EDGE('',*,*,#2209,.T.);
#768=ORIENTED_EDGE('',*,*,#2210,.T.);
#769=ORIENTED_EDGE('',*,*,#2211,.T.);
#770=ORIENTED_EDGE('',*,*,#2212,.T.);
#771=ORIENTED_EDGE('',*,*,#2213,.T.);
#772=ORIENTED_EDGE('',*,*,#2180,.F.);
#773=ORIENTED_EDGE('',*,*,#2214,.T.);
#774=ORIENTED_EDGE('',*,*,#2183,.T.);
#775=ORIENTED_EDGE('',*,*,#2215,.T.);
#776=ORIENTED_EDGE('',*,*,#2216,.T.);
#777=ORIENTED_EDGE('',*,*,#2217,.T.);
#778=ORIENTED_EDGE('',*,*,#2218,.T.);
#779=ORIENTED_EDGE('',*,*,#2219,.T.);
#780=ORIENTED_EDGE('',*,*,#2220,.T.);
#781=ORIENTED_EDGE('',*,*,#2221,.T.);
#782=ORIENTED_EDGE('',*,*,#2192,.F.);
#783=ORIENTED_EDGE('',*,*,#2204,.F.);
#784=ORIENTED_EDGE('',*,*,#2222,.F.);
#785=ORIENTED_EDGE('',*,*,#2223,.F.);
#786=ORIENTED_EDGE('',*,*,#2193,.F.);
#787=ORIENTED_EDGE('',*,*,#2190,.F.);
#788=ORIENTED_EDGE('',*,*,#2201,.F.);
#789=ORIENTED_EDGE('',*,*,#2224,.F.);
#790=ORIENTED_EDGE('',*,*,#2225,.T.);
#791=ORIENTED_EDGE('',*,*,#2202,.F.);
#792=ORIENTED_EDGE('',*,*,#2226,.F.);
#793=ORIENTED_EDGE('',*,*,#2227,.F.);
#794=ORIENTED_EDGE('',*,*,#2228,.F.);
#795=ORIENTED_EDGE('',*,*,#2208,.F.);
#796=ORIENTED_EDGE('',*,*,#2223,.T.);
#797=ORIENTED_EDGE('',*,*,#2226,.T.);
#798=ORIENTED_EDGE('',*,*,#2229,.F.);
#799=ORIENTED_EDGE('',*,*,#2228,.T.);
#800=ORIENTED_EDGE('',*,*,#2224,.T.);
#801=ORIENTED_EDGE('',*,*,#2230,.F.);
#802=ORIENTED_EDGE('',*,*,#2229,.T.);
#803=ORIENTED_EDGE('',*,*,#2207,.F.);
#804=ORIENTED_EDGE('',*,*,#2231,.F.);
#805=ORIENTED_EDGE('',*,*,#2194,.F.);
#806=ORIENTED_EDGE('',*,*,#2186,.F.);
#807=ORIENTED_EDGE('',*,*,#2195,.F.);
#808=ORIENTED_EDGE('',*,*,#2232,.F.);
#809=ORIENTED_EDGE('',*,*,#2198,.F.);
#810=ORIENTED_EDGE('',*,*,#2188,.F.);
#811=ORIENTED_EDGE('',*,*,#2197,.F.);
#812=ORIENTED_EDGE('',*,*,#2233,.F.);
#813=ORIENTED_EDGE('',*,*,#2199,.F.);
#814=ORIENTED_EDGE('',*,*,#2230,.T.);
#815=ORIENTED_EDGE('',*,*,#2200,.F.);
#816=ORIENTED_EDGE('',*,*,#2234,.F.);
#817=ORIENTED_EDGE('',*,*,#2205,.F.);
#818=ORIENTED_EDGE('',*,*,#2232,.T.);
#819=ORIENTED_EDGE('',*,*,#2231,.T.);
#820=ORIENTED_EDGE('',*,*,#2235,.F.);
#821=ORIENTED_EDGE('',*,*,#2234,.T.);
#822=ORIENTED_EDGE('',*,*,#2233,.T.);
#823=ORIENTED_EDGE('',*,*,#2236,.F.);
#824=ORIENTED_EDGE('',*,*,#2235,.T.);
#825=ORIENTED_EDGE('',*,*,#2206,.F.);
#826=ORIENTED_EDGE('',*,*,#2236,.T.);
#827=ORIENTED_EDGE('',*,*,#2196,.F.);
#828=ORIENTED_EDGE('',*,*,#2179,.F.);
#829=ORIENTED_EDGE('',*,*,#2211,.F.);
#830=ORIENTED_EDGE('',*,*,#2237,.F.);
#831=ORIENTED_EDGE('',*,*,#2214,.F.);
#832=ORIENTED_EDGE('',*,*,#2238,.F.);
#833=ORIENTED_EDGE('',*,*,#2212,.F.);
#834=ORIENTED_EDGE('',*,*,#2239,.F.);
#835=ORIENTED_EDGE('',*,*,#2220,.F.);
#836=ORIENTED_EDGE('',*,*,#2181,.F.);
#837=ORIENTED_EDGE('',*,*,#2213,.F.);
#838=ORIENTED_EDGE('',*,*,#2240,.F.);
#839=ORIENTED_EDGE('',*,*,#2241,.F.);
#840=ORIENTED_EDGE('',*,*,#2144,.F.);
#841=ORIENTED_EDGE('',*,*,#2239,.T.);
#842=ORIENTED_EDGE('',*,*,#2237,.T.);
#843=ORIENTED_EDGE('',*,*,#2242,.F.);
#844=ORIENTED_EDGE('',*,*,#2240,.T.);
#845=ORIENTED_EDGE('',*,*,#2238,.T.);
#846=ORIENTED_EDGE('',*,*,#2243,.F.);
#847=ORIENTED_EDGE('',*,*,#2184,.F.);
#848=ORIENTED_EDGE('',*,*,#2217,.F.);
#849=ORIENTED_EDGE('',*,*,#2244,.F.);
#850=ORIENTED_EDGE('',*,*,#2209,.F.);
#851=ORIENTED_EDGE('',*,*,#2242,.T.);
#852=ORIENTED_EDGE('',*,*,#2210,.F.);
#853=ORIENTED_EDGE('',*,*,#2245,.F.);
#854=ORIENTED_EDGE('',*,*,#2221,.F.);
#855=ORIENTED_EDGE('',*,*,#2243,.T.);
#856=ORIENTED_EDGE('',*,*,#2219,.F.);
#857=ORIENTED_EDGE('',*,*,#2246,.F.);
#858=ORIENTED_EDGE('',*,*,#2247,.F.);
#859=ORIENTED_EDGE('',*,*,#2182,.F.);
#860=ORIENTED_EDGE('',*,*,#2146,.F.);
#861=ORIENTED_EDGE('',*,*,#2248,.F.);
#862=ORIENTED_EDGE('',*,*,#2249,.F.);
#863=ORIENTED_EDGE('',*,*,#2215,.F.);
#864=ORIENTED_EDGE('',*,*,#2245,.T.);
#865=ORIENTED_EDGE('',*,*,#2244,.T.);
#866=ORIENTED_EDGE('',*,*,#2250,.F.);
#867=ORIENTED_EDGE('',*,*,#2249,.T.);
#868=ORIENTED_EDGE('',*,*,#2246,.T.);
#869=ORIENTED_EDGE('',*,*,#2251,.F.);
#870=ORIENTED_EDGE('',*,*,#2250,.T.);
#871=ORIENTED_EDGE('',*,*,#2216,.F.);
#872=ORIENTED_EDGE('',*,*,#2251,.T.);
#873=ORIENTED_EDGE('',*,*,#2218,.F.);
#874=ORIENTED_EDGE('',*,*,#2252,.F.);
#875=ORIENTED_EDGE('',*,*,#2253,.T.);
#876=ORIENTED_EDGE('',*,*,#2254,.T.);
#877=ORIENTED_EDGE('',*,*,#2163,.T.);
#878=ORIENTED_EDGE('',*,*,#2255,.T.);
#879=ORIENTED_EDGE('',*,*,#2159,.T.);
#880=ORIENTED_EDGE('',*,*,#2256,.T.);
#881=ORIENTED_EDGE('',*,*,#2257,.F.);
#882=ORIENTED_EDGE('',*,*,#2258,.F.);
#883=ORIENTED_EDGE('',*,*,#2259,.F.);
#884=ORIENTED_EDGE('',*,*,#2260,.T.);
#885=ORIENTED_EDGE('',*,*,#2252,.T.);
#886=ORIENTED_EDGE('',*,*,#2261,.F.);
#887=ORIENTED_EDGE('',*,*,#2262,.F.);
#888=ORIENTED_EDGE('',*,*,#2263,.T.);
#889=ORIENTED_EDGE('',*,*,#2264,.T.);
#890=ORIENTED_EDGE('',*,*,#2265,.T.);
#891=ORIENTED_EDGE('',*,*,#2266,.T.);
#892=ORIENTED_EDGE('',*,*,#2267,.T.);
#893=ORIENTED_EDGE('',*,*,#2268,.F.);
#894=ORIENTED_EDGE('',*,*,#2269,.T.);
#895=ORIENTED_EDGE('',*,*,#2270,.T.);
#896=ORIENTED_EDGE('',*,*,#2271,.F.);
#897=ORIENTED_EDGE('',*,*,#2272,.F.);
#898=ORIENTED_EDGE('',*,*,#2273,.T.);
#899=ORIENTED_EDGE('',*,*,#2259,.T.);
#900=ORIENTED_EDGE('',*,*,#2274,.T.);
#901=ORIENTED_EDGE('',*,*,#2169,.T.);
#902=ORIENTED_EDGE('',*,*,#2275,.F.);
#903=ORIENTED_EDGE('',*,*,#2276,.T.);
#904=ORIENTED_EDGE('',*,*,#2272,.T.);
#905=ORIENTED_EDGE('',*,*,#2168,.F.);
#906=ORIENTED_EDGE('',*,*,#2277,.F.);
#907=ORIENTED_EDGE('',*,*,#2278,.T.);
#908=ORIENTED_EDGE('',*,*,#2275,.T.);
#909=ORIENTED_EDGE('',*,*,#2167,.T.);
#910=ORIENTED_EDGE('',*,*,#2279,.F.);
#911=ORIENTED_EDGE('',*,*,#2280,.T.);
#912=ORIENTED_EDGE('',*,*,#2277,.T.);
#913=ORIENTED_EDGE('',*,*,#2166,.F.);
#914=ORIENTED_EDGE('',*,*,#2281,.F.);
#915=ORIENTED_EDGE('',*,*,#2282,.T.);
#916=ORIENTED_EDGE('',*,*,#2279,.T.);
#917=ORIENTED_EDGE('',*,*,#2165,.T.);
#918=ORIENTED_EDGE('',*,*,#2254,.F.);
#919=ORIENTED_EDGE('',*,*,#2283,.T.);
#920=ORIENTED_EDGE('',*,*,#2281,.T.);
#921=ORIENTED_EDGE('',*,*,#2164,.T.);
#922=ORIENTED_EDGE('',*,*,#2284,.F.);
#923=ORIENTED_EDGE('',*,*,#2175,.F.);
#924=ORIENTED_EDGE('',*,*,#2285,.F.);
#925=ORIENTED_EDGE('',*,*,#2151,.T.);
#926=ORIENTED_EDGE('',*,*,#2285,.T.);
#927=ORIENTED_EDGE('',*,*,#2174,.F.);
#928=ORIENTED_EDGE('',*,*,#2286,.F.);
#929=ORIENTED_EDGE('',*,*,#2152,.F.);
#930=ORIENTED_EDGE('',*,*,#2284,.T.);
#931=ORIENTED_EDGE('',*,*,#2150,.F.);
#932=ORIENTED_EDGE('',*,*,#2287,.F.);
#933=ORIENTED_EDGE('',*,*,#2176,.F.);
#934=ORIENTED_EDGE('',*,*,#2286,.T.);
#935=ORIENTED_EDGE('',*,*,#2173,.F.);
#936=ORIENTED_EDGE('',*,*,#2288,.F.);
#937=ORIENTED_EDGE('',*,*,#2153,.F.);
#938=ORIENTED_EDGE('',*,*,#2287,.T.);
#939=ORIENTED_EDGE('',*,*,#2149,.T.);
#940=ORIENTED_EDGE('',*,*,#2289,.F.);
#941=ORIENTED_EDGE('',*,*,#2177,.F.);
#942=ORIENTED_EDGE('',*,*,#2288,.T.);
#943=ORIENTED_EDGE('',*,*,#2172,.F.);
#944=ORIENTED_EDGE('',*,*,#2290,.F.);
#945=ORIENTED_EDGE('',*,*,#2154,.F.);
#946=ORIENTED_EDGE('',*,*,#2289,.T.);
#947=ORIENTED_EDGE('',*,*,#2148,.F.);
#948=ORIENTED_EDGE('',*,*,#2291,.F.);
#949=ORIENTED_EDGE('',*,*,#2170,.F.);
#950=ORIENTED_EDGE('',*,*,#2290,.T.);
#951=ORIENTED_EDGE('',*,*,#2171,.F.);
#952=ORIENTED_EDGE('',*,*,#2291,.T.);
#953=ORIENTED_EDGE('',*,*,#2155,.F.);
#954=ORIENTED_EDGE('',*,*,#2292,.T.);
#955=ORIENTED_EDGE('',*,*,#2293,.T.);
#956=ORIENTED_EDGE('',*,*,#2294,.T.);
#957=ORIENTED_EDGE('',*,*,#2295,.T.);
#958=ORIENTED_EDGE('',*,*,#2296,.T.);
#959=ORIENTED_EDGE('',*,*,#2297,.T.);
#960=ORIENTED_EDGE('',*,*,#2298,.T.);
#961=ORIENTED_EDGE('',*,*,#2299,.T.);
#962=ORIENTED_EDGE('',*,*,#2300,.F.);
#963=ORIENTED_EDGE('',*,*,#2297,.F.);
#964=ORIENTED_EDGE('',*,*,#2301,.F.);
#965=ORIENTED_EDGE('',*,*,#2253,.F.);
#966=ORIENTED_EDGE('',*,*,#2301,.T.);
#967=ORIENTED_EDGE('',*,*,#2296,.F.);
#968=ORIENTED_EDGE('',*,*,#2302,.F.);
#969=ORIENTED_EDGE('',*,*,#2283,.F.);
#970=ORIENTED_EDGE('',*,*,#2300,.T.);
#971=ORIENTED_EDGE('',*,*,#2260,.F.);
#972=ORIENTED_EDGE('',*,*,#2303,.F.);
#973=ORIENTED_EDGE('',*,*,#2298,.F.);
#974=ORIENTED_EDGE('',*,*,#2302,.T.);
#975=ORIENTED_EDGE('',*,*,#2295,.F.);
#976=ORIENTED_EDGE('',*,*,#2304,.F.);
#977=ORIENTED_EDGE('',*,*,#2282,.F.);
#978=ORIENTED_EDGE('',*,*,#2303,.T.);
#979=ORIENTED_EDGE('',*,*,#2273,.F.);
#980=ORIENTED_EDGE('',*,*,#2305,.F.);
#981=ORIENTED_EDGE('',*,*,#2299,.F.);
#982=ORIENTED_EDGE('',*,*,#2304,.T.);
#983=ORIENTED_EDGE('',*,*,#2294,.F.);
#984=ORIENTED_EDGE('',*,*,#2306,.F.);
#985=ORIENTED_EDGE('',*,*,#2280,.F.);
#986=ORIENTED_EDGE('',*,*,#2305,.T.);
#987=ORIENTED_EDGE('',*,*,#2276,.F.);
#988=ORIENTED_EDGE('',*,*,#2307,.F.);
#989=ORIENTED_EDGE('',*,*,#2292,.F.);
#990=ORIENTED_EDGE('',*,*,#2306,.T.);
#991=ORIENTED_EDGE('',*,*,#2293,.F.);
#992=ORIENTED_EDGE('',*,*,#2307,.T.);
#993=ORIENTED_EDGE('',*,*,#2278,.F.);
#994=ORIENTED_EDGE('',*,*,#2255,.F.);
#995=ORIENTED_EDGE('',*,*,#2308,.T.);
#996=ORIENTED_EDGE('',*,*,#2261,.T.);
#997=ORIENTED_EDGE('',*,*,#2256,.F.);
#998=ORIENTED_EDGE('',*,*,#2158,.F.);
#999=ORIENTED_EDGE('',*,*,#2309,.T.);
#1000=ORIENTED_EDGE('',*,*,#2310,.T.);
#1001=ORIENTED_EDGE('',*,*,#2274,.F.);
#1002=ORIENTED_EDGE('',*,*,#2267,.F.);
#1003=ORIENTED_EDGE('',*,*,#2311,.F.);
#1004=ORIENTED_EDGE('',*,*,#2266,.F.);
#1005=ORIENTED_EDGE('',*,*,#2312,.T.);
#1006=ORIENTED_EDGE('',*,*,#2313,.T.);
#1007=ORIENTED_EDGE('',*,*,#2156,.T.);
#1008=ORIENTED_EDGE('',*,*,#2311,.T.);
#1009=ORIENTED_EDGE('',*,*,#2314,.T.);
#1010=ORIENTED_EDGE('',*,*,#2315,.T.);
#1011=ORIENTED_EDGE('',*,*,#2264,.F.);
#1012=ORIENTED_EDGE('',*,*,#2316,.T.);
#1013=ORIENTED_EDGE('',*,*,#2317,.F.);
#1014=ORIENTED_EDGE('',*,*,#2318,.T.);
#1015=ORIENTED_EDGE('',*,*,#2262,.T.);
#1016=ORIENTED_EDGE('',*,*,#2308,.F.);
#1017=ORIENTED_EDGE('',*,*,#2162,.F.);
#1018=ORIENTED_EDGE('',*,*,#2258,.T.);
#1019=ORIENTED_EDGE('',*,*,#2319,.F.);
#1020=ORIENTED_EDGE('',*,*,#2320,.F.);
#1021=ORIENTED_EDGE('',*,*,#2160,.T.);
#1022=ORIENTED_EDGE('',*,*,#2321,.F.);
#1023=ORIENTED_EDGE('',*,*,#2322,.T.);
#1024=ORIENTED_EDGE('',*,*,#2323,.T.);
#1025=ORIENTED_EDGE('',*,*,#2324,.F.);
#1026=ORIENTED_EDGE('',*,*,#2319,.T.);
#1027=ORIENTED_EDGE('',*,*,#2257,.T.);
#1028=ORIENTED_EDGE('',*,*,#2310,.F.);
#1029=ORIENTED_EDGE('',*,*,#2325,.T.);
#1030=ORIENTED_EDGE('',*,*,#2326,.F.);
#1031=ORIENTED_EDGE('',*,*,#2327,.T.);
#1032=ORIENTED_EDGE('',*,*,#2328,.T.);
#1033=ORIENTED_EDGE('',*,*,#2329,.T.);
#1034=ORIENTED_EDGE('',*,*,#2330,.T.);
#1035=ORIENTED_EDGE('',*,*,#2268,.T.);
#1036=ORIENTED_EDGE('',*,*,#2331,.F.);
#1037=ORIENTED_EDGE('',*,*,#2332,.F.);
#1038=ORIENTED_EDGE('',*,*,#2271,.T.);
#1039=ORIENTED_EDGE('',*,*,#2333,.F.);
#1040=ORIENTED_EDGE('',*,*,#2334,.F.);
#1041=ORIENTED_EDGE('',*,*,#2331,.T.);
#1042=ORIENTED_EDGE('',*,*,#2270,.F.);
#1043=ORIENTED_EDGE('',*,*,#2335,.F.);
#1044=ORIENTED_EDGE('',*,*,#2336,.T.);
#1045=ORIENTED_EDGE('',*,*,#2333,.T.);
#1046=ORIENTED_EDGE('',*,*,#2269,.F.);
#1047=ORIENTED_EDGE('',*,*,#2330,.F.);
#1048=ORIENTED_EDGE('',*,*,#2337,.T.);
#1049=ORIENTED_EDGE('',*,*,#2335,.T.);
#1050=ORIENTED_EDGE('',*,*,#2313,.F.);
#1051=ORIENTED_EDGE('',*,*,#2338,.T.);
#1052=ORIENTED_EDGE('',*,*,#2314,.F.);
#1053=ORIENTED_EDGE('',*,*,#2339,.T.);
#1054=ORIENTED_EDGE('',*,*,#2317,.T.);
#1055=ORIENTED_EDGE('',*,*,#2161,.T.);
#1056=ORIENTED_EDGE('',*,*,#2320,.T.);
#1057=ORIENTED_EDGE('',*,*,#2324,.T.);
#1058=ORIENTED_EDGE('',*,*,#2340,.T.);
#1059=ORIENTED_EDGE('',*,*,#2332,.T.);
#1060=ORIENTED_EDGE('',*,*,#2334,.T.);
#1061=ORIENTED_EDGE('',*,*,#2336,.F.);
#1062=ORIENTED_EDGE('',*,*,#2337,.F.);
#1063=ORIENTED_EDGE('',*,*,#2329,.F.);
#1064=ORIENTED_EDGE('',*,*,#2341,.F.);
#1065=ORIENTED_EDGE('',*,*,#2325,.F.);
#1066=ORIENTED_EDGE('',*,*,#2309,.F.);
#1067=ORIENTED_EDGE('',*,*,#2157,.F.);
#1068=ORIENTED_EDGE('',*,*,#2328,.F.);
#1069=ORIENTED_EDGE('',*,*,#2342,.T.);
#1070=ORIENTED_EDGE('',*,*,#2321,.T.);
#1071=ORIENTED_EDGE('',*,*,#2341,.T.);
#1072=ORIENTED_EDGE('',*,*,#2323,.F.);
#1073=ORIENTED_EDGE('',*,*,#2343,.T.);
#1074=ORIENTED_EDGE('',*,*,#2326,.T.);
#1075=ORIENTED_EDGE('',*,*,#2340,.F.);
#1076=ORIENTED_EDGE('',*,*,#2344,.T.);
#1077=ORIENTED_EDGE('',*,*,#2222,.T.);
#1078=ORIENTED_EDGE('',*,*,#2345,.T.);
#1079=ORIENTED_EDGE('',*,*,#2241,.T.);
#1080=ORIENTED_EDGE('',*,*,#2338,.F.);
#1081=ORIENTED_EDGE('',*,*,#2312,.F.);
#1082=ORIENTED_EDGE('',*,*,#2265,.F.);
#1083=ORIENTED_EDGE('',*,*,#2315,.F.);
#1084=ORIENTED_EDGE('',*,*,#2339,.F.);
#1085=ORIENTED_EDGE('',*,*,#2316,.F.);
#1086=ORIENTED_EDGE('',*,*,#2263,.F.);
#1087=ORIENTED_EDGE('',*,*,#2318,.F.);
#1088=ORIENTED_EDGE('',*,*,#2346,.F.);
#1089=ORIENTED_EDGE('',*,*,#2248,.T.);
#1090=ORIENTED_EDGE('',*,*,#2347,.F.);
#1091=ORIENTED_EDGE('',*,*,#2342,.F.);
#1092=ORIENTED_EDGE('',*,*,#2347,.T.);
#1093=ORIENTED_EDGE('',*,*,#2145,.F.);
#1094=ORIENTED_EDGE('',*,*,#2345,.F.);
#1095=ORIENTED_EDGE('',*,*,#2203,.F.);
#1096=ORIENTED_EDGE('',*,*,#2348,.F.);
#1097=ORIENTED_EDGE('',*,*,#2322,.F.);
#1098=ORIENTED_EDGE('',*,*,#2346,.T.);
#1099=ORIENTED_EDGE('',*,*,#2327,.F.);
#1100=ORIENTED_EDGE('',*,*,#2349,.F.);
#1101=ORIENTED_EDGE('',*,*,#2227,.T.);
#1102=ORIENTED_EDGE('',*,*,#2344,.F.);
#1103=ORIENTED_EDGE('',*,*,#2247,.T.);
#1104=ORIENTED_EDGE('',*,*,#2348,.T.);
#1105=ORIENTED_EDGE('',*,*,#2225,.F.);
#1106=ORIENTED_EDGE('',*,*,#2349,.T.);
#1107=ORIENTED_EDGE('',*,*,#2343,.F.);
#1108=ORIENTED_EDGE('',*,*,#2350,.T.);
#1109=ORIENTED_EDGE('',*,*,#2351,.T.);
#1110=ORIENTED_EDGE('',*,*,#2352,.T.);
#1111=ORIENTED_EDGE('',*,*,#2353,.F.);
#1112=ORIENTED_EDGE('',*,*,#2354,.T.);
#1113=ORIENTED_EDGE('',*,*,#2355,.F.);
#1114=ORIENTED_EDGE('',*,*,#2356,.T.);
#1115=ORIENTED_EDGE('',*,*,#2357,.F.);
#1116=ORIENTED_EDGE('',*,*,#2358,.T.);
#1117=ORIENTED_EDGE('',*,*,#2359,.T.);
#1118=ORIENTED_EDGE('',*,*,#2360,.T.);
#1119=ORIENTED_EDGE('',*,*,#2361,.T.);
#1120=ORIENTED_EDGE('',*,*,#2362,.F.);
#1121=ORIENTED_EDGE('',*,*,#2363,.T.);
#1122=ORIENTED_EDGE('',*,*,#2364,.T.);
#1123=ORIENTED_EDGE('',*,*,#2365,.F.);
#1124=ORIENTED_EDGE('',*,*,#2366,.F.);
#1125=ORIENTED_EDGE('',*,*,#2367,.F.);
#1126=ORIENTED_EDGE('',*,*,#2368,.T.);
#1127=ORIENTED_EDGE('',*,*,#2369,.F.);
#1128=ORIENTED_EDGE('',*,*,#2370,.F.);
#1129=ORIENTED_EDGE('',*,*,#2371,.F.);
#1130=ORIENTED_EDGE('',*,*,#2372,.T.);
#1131=ORIENTED_EDGE('',*,*,#2373,.F.);
#1132=ORIENTED_EDGE('',*,*,#2374,.T.);
#1133=ORIENTED_EDGE('',*,*,#2375,.F.);
#1134=ORIENTED_EDGE('',*,*,#2376,.T.);
#1135=ORIENTED_EDGE('',*,*,#2377,.T.);
#1136=ORIENTED_EDGE('',*,*,#2378,.T.);
#1137=ORIENTED_EDGE('',*,*,#2379,.T.);
#1138=ORIENTED_EDGE('',*,*,#2380,.T.);
#1139=ORIENTED_EDGE('',*,*,#2381,.T.);
#1140=ORIENTED_EDGE('',*,*,#2382,.T.);
#1141=ORIENTED_EDGE('',*,*,#2383,.T.);
#1142=ORIENTED_EDGE('',*,*,#2384,.T.);
#1143=ORIENTED_EDGE('',*,*,#2385,.T.);
#1144=ORIENTED_EDGE('',*,*,#2386,.F.);
#1145=ORIENTED_EDGE('',*,*,#2387,.T.);
#1146=ORIENTED_EDGE('',*,*,#2388,.T.);
#1147=ORIENTED_EDGE('',*,*,#2389,.T.);
#1148=ORIENTED_EDGE('',*,*,#2390,.T.);
#1149=ORIENTED_EDGE('',*,*,#2391,.T.);
#1150=ORIENTED_EDGE('',*,*,#2392,.T.);
#1151=ORIENTED_EDGE('',*,*,#2393,.T.);
#1152=ORIENTED_EDGE('',*,*,#2394,.T.);
#1153=ORIENTED_EDGE('',*,*,#2395,.F.);
#1154=ORIENTED_EDGE('',*,*,#2396,.T.);
#1155=ORIENTED_EDGE('',*,*,#2397,.T.);
#1156=ORIENTED_EDGE('',*,*,#2398,.T.);
#1157=ORIENTED_EDGE('',*,*,#2353,.T.);
#1158=ORIENTED_EDGE('',*,*,#2399,.T.);
#1159=ORIENTED_EDGE('',*,*,#2400,.F.);
#1160=ORIENTED_EDGE('',*,*,#2401,.T.);
#1161=ORIENTED_EDGE('',*,*,#2402,.F.);
#1162=ORIENTED_EDGE('',*,*,#2403,.T.);
#1163=ORIENTED_EDGE('',*,*,#2404,.T.);
#1164=ORIENTED_EDGE('',*,*,#2405,.T.);
#1165=ORIENTED_EDGE('',*,*,#2406,.T.);
#1166=ORIENTED_EDGE('',*,*,#2407,.T.);
#1167=ORIENTED_EDGE('',*,*,#2408,.F.);
#1168=ORIENTED_EDGE('',*,*,#2409,.T.);
#1169=ORIENTED_EDGE('',*,*,#2402,.T.);
#1170=ORIENTED_EDGE('',*,*,#2410,.T.);
#1171=ORIENTED_EDGE('',*,*,#2411,.T.);
#1172=ORIENTED_EDGE('',*,*,#2412,.T.);
#1173=ORIENTED_EDGE('',*,*,#2413,.T.);
#1174=ORIENTED_EDGE('',*,*,#2414,.T.);
#1175=ORIENTED_EDGE('',*,*,#2404,.F.);
#1176=ORIENTED_EDGE('',*,*,#2415,.T.);
#1177=ORIENTED_EDGE('',*,*,#2406,.F.);
#1178=ORIENTED_EDGE('',*,*,#2416,.T.);
#1179=ORIENTED_EDGE('',*,*,#2417,.T.);
#1180=ORIENTED_EDGE('',*,*,#2418,.T.);
#1181=ORIENTED_EDGE('',*,*,#2419,.T.);
#1182=ORIENTED_EDGE('',*,*,#2420,.T.);
#1183=ORIENTED_EDGE('',*,*,#2421,.T.);
#1184=ORIENTED_EDGE('',*,*,#2408,.T.);
#1185=ORIENTED_EDGE('',*,*,#2422,.T.);
#1186=ORIENTED_EDGE('',*,*,#2423,.T.);
#1187=ORIENTED_EDGE('',*,*,#2424,.T.);
#1188=ORIENTED_EDGE('',*,*,#2425,.T.);
#1189=ORIENTED_EDGE('',*,*,#2395,.T.);
#1190=ORIENTED_EDGE('',*,*,#2426,.T.);
#1191=ORIENTED_EDGE('',*,*,#2427,.T.);
#1192=ORIENTED_EDGE('',*,*,#2428,.T.);
#1193=ORIENTED_EDGE('',*,*,#2429,.T.);
#1194=ORIENTED_EDGE('',*,*,#2430,.T.);
#1195=ORIENTED_EDGE('',*,*,#2397,.F.);
#1196=ORIENTED_EDGE('',*,*,#2431,.T.);
#1197=ORIENTED_EDGE('',*,*,#2400,.T.);
#1198=ORIENTED_EDGE('',*,*,#2432,.T.);
#1199=ORIENTED_EDGE('',*,*,#2433,.T.);
#1200=ORIENTED_EDGE('',*,*,#2434,.T.);
#1201=ORIENTED_EDGE('',*,*,#2435,.T.);
#1202=ORIENTED_EDGE('',*,*,#2436,.T.);
#1203=ORIENTED_EDGE('',*,*,#2437,.T.);
#1204=ORIENTED_EDGE('',*,*,#2438,.T.);
#1205=ORIENTED_EDGE('',*,*,#2409,.F.);
#1206=ORIENTED_EDGE('',*,*,#2421,.F.);
#1207=ORIENTED_EDGE('',*,*,#2439,.F.);
#1208=ORIENTED_EDGE('',*,*,#2440,.F.);
#1209=ORIENTED_EDGE('',*,*,#2410,.F.);
#1210=ORIENTED_EDGE('',*,*,#2407,.F.);
#1211=ORIENTED_EDGE('',*,*,#2418,.F.);
#1212=ORIENTED_EDGE('',*,*,#2441,.F.);
#1213=ORIENTED_EDGE('',*,*,#2442,.T.);
#1214=ORIENTED_EDGE('',*,*,#2419,.F.);
#1215=ORIENTED_EDGE('',*,*,#2443,.F.);
#1216=ORIENTED_EDGE('',*,*,#2444,.F.);
#1217=ORIENTED_EDGE('',*,*,#2445,.F.);
#1218=ORIENTED_EDGE('',*,*,#2425,.F.);
#1219=ORIENTED_EDGE('',*,*,#2440,.T.);
#1220=ORIENTED_EDGE('',*,*,#2443,.T.);
#1221=ORIENTED_EDGE('',*,*,#2446,.F.);
#1222=ORIENTED_EDGE('',*,*,#2445,.T.);
#1223=ORIENTED_EDGE('',*,*,#2441,.T.);
#1224=ORIENTED_EDGE('',*,*,#2447,.F.);
#1225=ORIENTED_EDGE('',*,*,#2446,.T.);
#1226=ORIENTED_EDGE('',*,*,#2424,.F.);
#1227=ORIENTED_EDGE('',*,*,#2448,.F.);
#1228=ORIENTED_EDGE('',*,*,#2411,.F.);
#1229=ORIENTED_EDGE('',*,*,#2403,.F.);
#1230=ORIENTED_EDGE('',*,*,#2412,.F.);
#1231=ORIENTED_EDGE('',*,*,#2449,.F.);
#1232=ORIENTED_EDGE('',*,*,#2415,.F.);
#1233=ORIENTED_EDGE('',*,*,#2405,.F.);
#1234=ORIENTED_EDGE('',*,*,#2414,.F.);
#1235=ORIENTED_EDGE('',*,*,#2450,.F.);
#1236=ORIENTED_EDGE('',*,*,#2416,.F.);
#1237=ORIENTED_EDGE('',*,*,#2447,.T.);
#1238=ORIENTED_EDGE('',*,*,#2417,.F.);
#1239=ORIENTED_EDGE('',*,*,#2451,.F.);
#1240=ORIENTED_EDGE('',*,*,#2422,.F.);
#1241=ORIENTED_EDGE('',*,*,#2449,.T.);
#1242=ORIENTED_EDGE('',*,*,#2448,.T.);
#1243=ORIENTED_EDGE('',*,*,#2452,.F.);
#1244=ORIENTED_EDGE('',*,*,#2451,.T.);
#1245=ORIENTED_EDGE('',*,*,#2450,.T.);
#1246=ORIENTED_EDGE('',*,*,#2453,.F.);
#1247=ORIENTED_EDGE('',*,*,#2452,.T.);
#1248=ORIENTED_EDGE('',*,*,#2423,.F.);
#1249=ORIENTED_EDGE('',*,*,#2453,.T.);
#1250=ORIENTED_EDGE('',*,*,#2413,.F.);
#1251=ORIENTED_EDGE('',*,*,#2396,.F.);
#1252=ORIENTED_EDGE('',*,*,#2428,.F.);
#1253=ORIENTED_EDGE('',*,*,#2454,.F.);
#1254=ORIENTED_EDGE('',*,*,#2431,.F.);
#1255=ORIENTED_EDGE('',*,*,#2455,.F.);
#1256=ORIENTED_EDGE('',*,*,#2429,.F.);
#1257=ORIENTED_EDGE('',*,*,#2456,.F.);
#1258=ORIENTED_EDGE('',*,*,#2437,.F.);
#1259=ORIENTED_EDGE('',*,*,#2398,.F.);
#1260=ORIENTED_EDGE('',*,*,#2430,.F.);
#1261=ORIENTED_EDGE('',*,*,#2457,.F.);
#1262=ORIENTED_EDGE('',*,*,#2458,.F.);
#1263=ORIENTED_EDGE('',*,*,#2350,.F.);
#1264=ORIENTED_EDGE('',*,*,#2456,.T.);
#1265=ORIENTED_EDGE('',*,*,#2454,.T.);
#1266=ORIENTED_EDGE('',*,*,#2459,.F.);
#1267=ORIENTED_EDGE('',*,*,#2457,.T.);
#1268=ORIENTED_EDGE('',*,*,#2455,.T.);
#1269=ORIENTED_EDGE('',*,*,#2460,.F.);
#1270=ORIENTED_EDGE('',*,*,#2401,.F.);
#1271=ORIENTED_EDGE('',*,*,#2434,.F.);
#1272=ORIENTED_EDGE('',*,*,#2461,.F.);
#1273=ORIENTED_EDGE('',*,*,#2426,.F.);
#1274=ORIENTED_EDGE('',*,*,#2459,.T.);
#1275=ORIENTED_EDGE('',*,*,#2427,.F.);
#1276=ORIENTED_EDGE('',*,*,#2462,.F.);
#1277=ORIENTED_EDGE('',*,*,#2438,.F.);
#1278=ORIENTED_EDGE('',*,*,#2460,.T.);
#1279=ORIENTED_EDGE('',*,*,#2436,.F.);
#1280=ORIENTED_EDGE('',*,*,#2463,.F.);
#1281=ORIENTED_EDGE('',*,*,#2464,.F.);
#1282=ORIENTED_EDGE('',*,*,#2399,.F.);
#1283=ORIENTED_EDGE('',*,*,#2352,.F.);
#1284=ORIENTED_EDGE('',*,*,#2465,.F.);
#1285=ORIENTED_EDGE('',*,*,#2466,.F.);
#1286=ORIENTED_EDGE('',*,*,#2432,.F.);
#1287=ORIENTED_EDGE('',*,*,#2462,.T.);
#1288=ORIENTED_EDGE('',*,*,#2461,.T.);
#1289=ORIENTED_EDGE('',*,*,#2467,.F.);
#1290=ORIENTED_EDGE('',*,*,#2466,.T.);
#1291=ORIENTED_EDGE('',*,*,#2463,.T.);
#1292=ORIENTED_EDGE('',*,*,#2468,.F.);
#1293=ORIENTED_EDGE('',*,*,#2467,.T.);
#1294=ORIENTED_EDGE('',*,*,#2433,.F.);
#1295=ORIENTED_EDGE('',*,*,#2468,.T.);
#1296=ORIENTED_EDGE('',*,*,#2435,.F.);
#1297=ORIENTED_EDGE('',*,*,#2469,.F.);
#1298=ORIENTED_EDGE('',*,*,#2470,.T.);
#1299=ORIENTED_EDGE('',*,*,#2471,.T.);
#1300=ORIENTED_EDGE('',*,*,#2369,.T.);
#1301=ORIENTED_EDGE('',*,*,#2472,.T.);
#1302=ORIENTED_EDGE('',*,*,#2365,.T.);
#1303=ORIENTED_EDGE('',*,*,#2473,.T.);
#1304=ORIENTED_EDGE('',*,*,#2474,.F.);
#1305=ORIENTED_EDGE('',*,*,#2475,.F.);
#1306=ORIENTED_EDGE('',*,*,#2476,.F.);
#1307=ORIENTED_EDGE('',*,*,#2477,.T.);
#1308=ORIENTED_EDGE('',*,*,#2469,.T.);
#1309=ORIENTED_EDGE('',*,*,#2478,.F.);
#1310=ORIENTED_EDGE('',*,*,#2479,.F.);
#1311=ORIENTED_EDGE('',*,*,#2480,.T.);
#1312=ORIENTED_EDGE('',*,*,#2481,.T.);
#1313=ORIENTED_EDGE('',*,*,#2482,.T.);
#1314=ORIENTED_EDGE('',*,*,#2483,.T.);
#1315=ORIENTED_EDGE('',*,*,#2484,.T.);
#1316=ORIENTED_EDGE('',*,*,#2485,.F.);
#1317=ORIENTED_EDGE('',*,*,#2486,.T.);
#1318=ORIENTED_EDGE('',*,*,#2487,.T.);
#1319=ORIENTED_EDGE('',*,*,#2488,.F.);
#1320=ORIENTED_EDGE('',*,*,#2489,.F.);
#1321=ORIENTED_EDGE('',*,*,#2490,.T.);
#1322=ORIENTED_EDGE('',*,*,#2476,.T.);
#1323=ORIENTED_EDGE('',*,*,#2491,.T.);
#1324=ORIENTED_EDGE('',*,*,#2375,.T.);
#1325=ORIENTED_EDGE('',*,*,#2492,.F.);
#1326=ORIENTED_EDGE('',*,*,#2493,.T.);
#1327=ORIENTED_EDGE('',*,*,#2489,.T.);
#1328=ORIENTED_EDGE('',*,*,#2374,.F.);
#1329=ORIENTED_EDGE('',*,*,#2494,.F.);
#1330=ORIENTED_EDGE('',*,*,#2495,.T.);
#1331=ORIENTED_EDGE('',*,*,#2492,.T.);
#1332=ORIENTED_EDGE('',*,*,#2373,.T.);
#1333=ORIENTED_EDGE('',*,*,#2496,.F.);
#1334=ORIENTED_EDGE('',*,*,#2497,.T.);
#1335=ORIENTED_EDGE('',*,*,#2494,.T.);
#1336=ORIENTED_EDGE('',*,*,#2372,.F.);
#1337=ORIENTED_EDGE('',*,*,#2498,.F.);
#1338=ORIENTED_EDGE('',*,*,#2499,.T.);
#1339=ORIENTED_EDGE('',*,*,#2496,.T.);
#1340=ORIENTED_EDGE('',*,*,#2371,.T.);
#1341=ORIENTED_EDGE('',*,*,#2471,.F.);
#1342=ORIENTED_EDGE('',*,*,#2500,.T.);
#1343=ORIENTED_EDGE('',*,*,#2498,.T.);
#1344=ORIENTED_EDGE('',*,*,#2370,.T.);
#1345=ORIENTED_EDGE('',*,*,#2501,.F.);
#1346=ORIENTED_EDGE('',*,*,#2392,.F.);
#1347=ORIENTED_EDGE('',*,*,#2502,.F.);
#1348=ORIENTED_EDGE('',*,*,#2357,.T.);
#1349=ORIENTED_EDGE('',*,*,#2502,.T.);
#1350=ORIENTED_EDGE('',*,*,#2391,.F.);
#1351=ORIENTED_EDGE('',*,*,#2503,.F.);
#1352=ORIENTED_EDGE('',*,*,#2358,.F.);
#1353=ORIENTED_EDGE('',*,*,#2501,.T.);
#1354=ORIENTED_EDGE('',*,*,#2356,.F.);
#1355=ORIENTED_EDGE('',*,*,#2504,.F.);
#1356=ORIENTED_EDGE('',*,*,#2393,.F.);
#1357=ORIENTED_EDGE('',*,*,#2503,.T.);
#1358=ORIENTED_EDGE('',*,*,#2390,.F.);
#1359=ORIENTED_EDGE('',*,*,#2505,.F.);
#1360=ORIENTED_EDGE('',*,*,#2359,.F.);
#1361=ORIENTED_EDGE('',*,*,#2504,.T.);
#1362=ORIENTED_EDGE('',*,*,#2355,.T.);
#1363=ORIENTED_EDGE('',*,*,#2506,.F.);
#1364=ORIENTED_EDGE('',*,*,#2394,.F.);
#1365=ORIENTED_EDGE('',*,*,#2505,.T.);
#1366=ORIENTED_EDGE('',*,*,#2389,.F.);
#1367=ORIENTED_EDGE('',*,*,#2507,.F.);
#1368=ORIENTED_EDGE('',*,*,#2360,.F.);
#1369=ORIENTED_EDGE('',*,*,#2506,.T.);
#1370=ORIENTED_EDGE('',*,*,#2354,.F.);
#1371=ORIENTED_EDGE('',*,*,#2508,.F.);
#1372=ORIENTED_EDGE('',*,*,#2387,.F.);
#1373=ORIENTED_EDGE('',*,*,#2507,.T.);
#1374=ORIENTED_EDGE('',*,*,#2388,.F.);
#1375=ORIENTED_EDGE('',*,*,#2508,.T.);
#1376=ORIENTED_EDGE('',*,*,#2361,.F.);
#1377=ORIENTED_EDGE('',*,*,#2509,.F.);
#1378=ORIENTED_EDGE('',*,*,#2383,.F.);
#1379=ORIENTED_EDGE('',*,*,#2510,.F.);
#1380=ORIENTED_EDGE('',*,*,#2470,.F.);
#1381=ORIENTED_EDGE('',*,*,#2510,.T.);
#1382=ORIENTED_EDGE('',*,*,#2382,.F.);
#1383=ORIENTED_EDGE('',*,*,#2511,.F.);
#1384=ORIENTED_EDGE('',*,*,#2500,.F.);
#1385=ORIENTED_EDGE('',*,*,#2509,.T.);
#1386=ORIENTED_EDGE('',*,*,#2477,.F.);
#1387=ORIENTED_EDGE('',*,*,#2512,.F.);
#1388=ORIENTED_EDGE('',*,*,#2384,.F.);
#1389=ORIENTED_EDGE('',*,*,#2511,.T.);
#1390=ORIENTED_EDGE('',*,*,#2381,.F.);
#1391=ORIENTED_EDGE('',*,*,#2513,.F.);
#1392=ORIENTED_EDGE('',*,*,#2499,.F.);
#1393=ORIENTED_EDGE('',*,*,#2512,.T.);
#1394=ORIENTED_EDGE('',*,*,#2490,.F.);
#1395=ORIENTED_EDGE('',*,*,#2514,.F.);
#1396=ORIENTED_EDGE('',*,*,#2385,.F.);
#1397=ORIENTED_EDGE('',*,*,#2513,.T.);
#1398=ORIENTED_EDGE('',*,*,#2380,.F.);
#1399=ORIENTED_EDGE('',*,*,#2515,.F.);
#1400=ORIENTED_EDGE('',*,*,#2497,.F.);
#1401=ORIENTED_EDGE('',*,*,#2514,.T.);
#1402=ORIENTED_EDGE('',*,*,#2493,.F.);
#1403=ORIENTED_EDGE('',*,*,#2516,.F.);
#1404=ORIENTED_EDGE('',*,*,#2378,.F.);
#1405=ORIENTED_EDGE('',*,*,#2515,.T.);
#1406=ORIENTED_EDGE('',*,*,#2379,.F.);
#1407=ORIENTED_EDGE('',*,*,#2516,.T.);
#1408=ORIENTED_EDGE('',*,*,#2495,.F.);
#1409=ORIENTED_EDGE('',*,*,#2377,.F.);
#1410=ORIENTED_EDGE('',*,*,#2376,.F.);
#1411=ORIENTED_EDGE('',*,*,#2386,.T.);
#1412=ORIENTED_EDGE('',*,*,#2472,.F.);
#1413=ORIENTED_EDGE('',*,*,#2517,.T.);
#1414=ORIENTED_EDGE('',*,*,#2478,.T.);
#1415=ORIENTED_EDGE('',*,*,#2473,.F.);
#1416=ORIENTED_EDGE('',*,*,#2364,.F.);
#1417=ORIENTED_EDGE('',*,*,#2518,.T.);
#1418=ORIENTED_EDGE('',*,*,#2519,.T.);
#1419=ORIENTED_EDGE('',*,*,#2491,.F.);
#1420=ORIENTED_EDGE('',*,*,#2484,.F.);
#1421=ORIENTED_EDGE('',*,*,#2520,.F.);
#1422=ORIENTED_EDGE('',*,*,#2483,.F.);
#1423=ORIENTED_EDGE('',*,*,#2521,.T.);
#1424=ORIENTED_EDGE('',*,*,#2522,.T.);
#1425=ORIENTED_EDGE('',*,*,#2362,.T.);
#1426=ORIENTED_EDGE('',*,*,#2520,.T.);
#1427=ORIENTED_EDGE('',*,*,#2523,.T.);
#1428=ORIENTED_EDGE('',*,*,#2524,.T.);
#1429=ORIENTED_EDGE('',*,*,#2481,.F.);
#1430=ORIENTED_EDGE('',*,*,#2525,.T.);
#1431=ORIENTED_EDGE('',*,*,#2526,.F.);
#1432=ORIENTED_EDGE('',*,*,#2527,.T.);
#1433=ORIENTED_EDGE('',*,*,#2479,.T.);
#1434=ORIENTED_EDGE('',*,*,#2517,.F.);
#1435=ORIENTED_EDGE('',*,*,#2368,.F.);
#1436=ORIENTED_EDGE('',*,*,#2475,.T.);
#1437=ORIENTED_EDGE('',*,*,#2528,.F.);
#1438=ORIENTED_EDGE('',*,*,#2529,.F.);
#1439=ORIENTED_EDGE('',*,*,#2366,.T.);
#1440=ORIENTED_EDGE('',*,*,#2530,.F.);
#1441=ORIENTED_EDGE('',*,*,#2531,.T.);
#1442=ORIENTED_EDGE('',*,*,#2532,.T.);
#1443=ORIENTED_EDGE('',*,*,#2533,.F.);
#1444=ORIENTED_EDGE('',*,*,#2528,.T.);
#1445=ORIENTED_EDGE('',*,*,#2474,.T.);
#1446=ORIENTED_EDGE('',*,*,#2519,.F.);
#1447=ORIENTED_EDGE('',*,*,#2534,.T.);
#1448=ORIENTED_EDGE('',*,*,#2535,.F.);
#1449=ORIENTED_EDGE('',*,*,#2536,.T.);
#1450=ORIENTED_EDGE('',*,*,#2537,.T.);
#1451=ORIENTED_EDGE('',*,*,#2538,.T.);
#1452=ORIENTED_EDGE('',*,*,#2539,.T.);
#1453=ORIENTED_EDGE('',*,*,#2485,.T.);
#1454=ORIENTED_EDGE('',*,*,#2540,.F.);
#1455=ORIENTED_EDGE('',*,*,#2541,.F.);
#1456=ORIENTED_EDGE('',*,*,#2488,.T.);
#1457=ORIENTED_EDGE('',*,*,#2542,.F.);
#1458=ORIENTED_EDGE('',*,*,#2543,.F.);
#1459=ORIENTED_EDGE('',*,*,#2540,.T.);
#1460=ORIENTED_EDGE('',*,*,#2487,.F.);
#1461=ORIENTED_EDGE('',*,*,#2544,.F.);
#1462=ORIENTED_EDGE('',*,*,#2545,.T.);
#1463=ORIENTED_EDGE('',*,*,#2542,.T.);
#1464=ORIENTED_EDGE('',*,*,#2486,.F.);
#1465=ORIENTED_EDGE('',*,*,#2539,.F.);
#1466=ORIENTED_EDGE('',*,*,#2546,.T.);
#1467=ORIENTED_EDGE('',*,*,#2544,.T.);
#1468=ORIENTED_EDGE('',*,*,#2522,.F.);
#1469=ORIENTED_EDGE('',*,*,#2547,.T.);
#1470=ORIENTED_EDGE('',*,*,#2523,.F.);
#1471=ORIENTED_EDGE('',*,*,#2548,.T.);
#1472=ORIENTED_EDGE('',*,*,#2526,.T.);
#1473=ORIENTED_EDGE('',*,*,#2367,.T.);
#1474=ORIENTED_EDGE('',*,*,#2529,.T.);
#1475=ORIENTED_EDGE('',*,*,#2533,.T.);
#1476=ORIENTED_EDGE('',*,*,#2549,.T.);
#1477=ORIENTED_EDGE('',*,*,#2541,.T.);
#1478=ORIENTED_EDGE('',*,*,#2543,.T.);
#1479=ORIENTED_EDGE('',*,*,#2545,.F.);
#1480=ORIENTED_EDGE('',*,*,#2546,.F.);
#1481=ORIENTED_EDGE('',*,*,#2538,.F.);
#1482=ORIENTED_EDGE('',*,*,#2550,.F.);
#1483=ORIENTED_EDGE('',*,*,#2534,.F.);
#1484=ORIENTED_EDGE('',*,*,#2518,.F.);
#1485=ORIENTED_EDGE('',*,*,#2363,.F.);
#1486=ORIENTED_EDGE('',*,*,#2537,.F.);
#1487=ORIENTED_EDGE('',*,*,#2551,.T.);
#1488=ORIENTED_EDGE('',*,*,#2530,.T.);
#1489=ORIENTED_EDGE('',*,*,#2550,.T.);
#1490=ORIENTED_EDGE('',*,*,#2532,.F.);
#1491=ORIENTED_EDGE('',*,*,#2552,.T.);
#1492=ORIENTED_EDGE('',*,*,#2535,.T.);
#1493=ORIENTED_EDGE('',*,*,#2549,.F.);
#1494=ORIENTED_EDGE('',*,*,#2553,.T.);
#1495=ORIENTED_EDGE('',*,*,#2439,.T.);
#1496=ORIENTED_EDGE('',*,*,#2554,.T.);
#1497=ORIENTED_EDGE('',*,*,#2458,.T.);
#1498=ORIENTED_EDGE('',*,*,#2547,.F.);
#1499=ORIENTED_EDGE('',*,*,#2521,.F.);
#1500=ORIENTED_EDGE('',*,*,#2482,.F.);
#1501=ORIENTED_EDGE('',*,*,#2524,.F.);
#1502=ORIENTED_EDGE('',*,*,#2548,.F.);
#1503=ORIENTED_EDGE('',*,*,#2525,.F.);
#1504=ORIENTED_EDGE('',*,*,#2480,.F.);
#1505=ORIENTED_EDGE('',*,*,#2527,.F.);
#1506=ORIENTED_EDGE('',*,*,#2555,.F.);
#1507=ORIENTED_EDGE('',*,*,#2465,.T.);
#1508=ORIENTED_EDGE('',*,*,#2556,.F.);
#1509=ORIENTED_EDGE('',*,*,#2551,.F.);
#1510=ORIENTED_EDGE('',*,*,#2556,.T.);
#1511=ORIENTED_EDGE('',*,*,#2351,.F.);
#1512=ORIENTED_EDGE('',*,*,#2554,.F.);
#1513=ORIENTED_EDGE('',*,*,#2420,.F.);
#1514=ORIENTED_EDGE('',*,*,#2557,.F.);
#1515=ORIENTED_EDGE('',*,*,#2531,.F.);
#1516=ORIENTED_EDGE('',*,*,#2555,.T.);
#1517=ORIENTED_EDGE('',*,*,#2536,.F.);
#1518=ORIENTED_EDGE('',*,*,#2558,.F.);
#1519=ORIENTED_EDGE('',*,*,#2444,.T.);
#1520=ORIENTED_EDGE('',*,*,#2553,.F.);
#1521=ORIENTED_EDGE('',*,*,#2464,.T.);
#1522=ORIENTED_EDGE('',*,*,#2557,.T.);
#1523=ORIENTED_EDGE('',*,*,#2442,.F.);
#1524=ORIENTED_EDGE('',*,*,#2558,.T.);
#1525=ORIENTED_EDGE('',*,*,#2552,.F.);
#1526=ORIENTED_EDGE('',*,*,#2559,.T.);
#1527=ORIENTED_EDGE('',*,*,#2560,.T.);
#1528=ORIENTED_EDGE('',*,*,#2561,.T.);
#1529=ORIENTED_EDGE('',*,*,#2562,.F.);
#1530=ORIENTED_EDGE('',*,*,#2563,.T.);
#1531=ORIENTED_EDGE('',*,*,#2564,.F.);
#1532=ORIENTED_EDGE('',*,*,#2565,.T.);
#1533=ORIENTED_EDGE('',*,*,#2566,.F.);
#1534=ORIENTED_EDGE('',*,*,#2567,.T.);
#1535=ORIENTED_EDGE('',*,*,#2568,.T.);
#1536=ORIENTED_EDGE('',*,*,#2569,.T.);
#1537=ORIENTED_EDGE('',*,*,#2570,.T.);
#1538=ORIENTED_EDGE('',*,*,#2571,.F.);
#1539=ORIENTED_EDGE('',*,*,#2572,.T.);
#1540=ORIENTED_EDGE('',*,*,#2573,.T.);
#1541=ORIENTED_EDGE('',*,*,#2574,.F.);
#1542=ORIENTED_EDGE('',*,*,#2575,.F.);
#1543=ORIENTED_EDGE('',*,*,#2576,.F.);
#1544=ORIENTED_EDGE('',*,*,#2577,.T.);
#1545=ORIENTED_EDGE('',*,*,#2578,.F.);
#1546=ORIENTED_EDGE('',*,*,#2579,.F.);
#1547=ORIENTED_EDGE('',*,*,#2580,.F.);
#1548=ORIENTED_EDGE('',*,*,#2581,.T.);
#1549=ORIENTED_EDGE('',*,*,#2582,.F.);
#1550=ORIENTED_EDGE('',*,*,#2583,.T.);
#1551=ORIENTED_EDGE('',*,*,#2584,.F.);
#1552=ORIENTED_EDGE('',*,*,#2585,.T.);
#1553=ORIENTED_EDGE('',*,*,#2586,.T.);
#1554=ORIENTED_EDGE('',*,*,#2587,.T.);
#1555=ORIENTED_EDGE('',*,*,#2588,.T.);
#1556=ORIENTED_EDGE('',*,*,#2589,.T.);
#1557=ORIENTED_EDGE('',*,*,#2590,.T.);
#1558=ORIENTED_EDGE('',*,*,#2591,.T.);
#1559=ORIENTED_EDGE('',*,*,#2592,.T.);
#1560=ORIENTED_EDGE('',*,*,#2593,.F.);
#1561=ORIENTED_EDGE('',*,*,#2594,.T.);
#1562=ORIENTED_EDGE('',*,*,#2595,.T.);
#1563=ORIENTED_EDGE('',*,*,#2596,.T.);
#1564=ORIENTED_EDGE('',*,*,#2562,.T.);
#1565=ORIENTED_EDGE('',*,*,#2597,.T.);
#1566=ORIENTED_EDGE('',*,*,#2598,.F.);
#1567=ORIENTED_EDGE('',*,*,#2599,.T.);
#1568=ORIENTED_EDGE('',*,*,#2600,.F.);
#1569=ORIENTED_EDGE('',*,*,#2601,.T.);
#1570=ORIENTED_EDGE('',*,*,#2602,.T.);
#1571=ORIENTED_EDGE('',*,*,#2603,.T.);
#1572=ORIENTED_EDGE('',*,*,#2604,.T.);
#1573=ORIENTED_EDGE('',*,*,#2605,.T.);
#1574=ORIENTED_EDGE('',*,*,#2606,.F.);
#1575=ORIENTED_EDGE('',*,*,#2607,.T.);
#1576=ORIENTED_EDGE('',*,*,#2600,.T.);
#1577=ORIENTED_EDGE('',*,*,#2608,.T.);
#1578=ORIENTED_EDGE('',*,*,#2609,.T.);
#1579=ORIENTED_EDGE('',*,*,#2610,.T.);
#1580=ORIENTED_EDGE('',*,*,#2611,.T.);
#1581=ORIENTED_EDGE('',*,*,#2612,.T.);
#1582=ORIENTED_EDGE('',*,*,#2602,.F.);
#1583=ORIENTED_EDGE('',*,*,#2613,.T.);
#1584=ORIENTED_EDGE('',*,*,#2604,.F.);
#1585=ORIENTED_EDGE('',*,*,#2614,.T.);
#1586=ORIENTED_EDGE('',*,*,#2615,.T.);
#1587=ORIENTED_EDGE('',*,*,#2616,.T.);
#1588=ORIENTED_EDGE('',*,*,#2617,.T.);
#1589=ORIENTED_EDGE('',*,*,#2618,.T.);
#1590=ORIENTED_EDGE('',*,*,#2619,.T.);
#1591=ORIENTED_EDGE('',*,*,#2606,.T.);
#1592=ORIENTED_EDGE('',*,*,#2620,.T.);
#1593=ORIENTED_EDGE('',*,*,#2621,.T.);
#1594=ORIENTED_EDGE('',*,*,#2622,.T.);
#1595=ORIENTED_EDGE('',*,*,#2623,.T.);
#1596=ORIENTED_EDGE('',*,*,#2593,.T.);
#1597=ORIENTED_EDGE('',*,*,#2624,.T.);
#1598=ORIENTED_EDGE('',*,*,#2625,.T.);
#1599=ORIENTED_EDGE('',*,*,#2626,.T.);
#1600=ORIENTED_EDGE('',*,*,#2627,.T.);
#1601=ORIENTED_EDGE('',*,*,#2628,.T.);
#1602=ORIENTED_EDGE('',*,*,#2595,.F.);
#1603=ORIENTED_EDGE('',*,*,#2629,.T.);
#1604=ORIENTED_EDGE('',*,*,#2598,.T.);
#1605=ORIENTED_EDGE('',*,*,#2630,.T.);
#1606=ORIENTED_EDGE('',*,*,#2631,.T.);
#1607=ORIENTED_EDGE('',*,*,#2632,.T.);
#1608=ORIENTED_EDGE('',*,*,#2633,.T.);
#1609=ORIENTED_EDGE('',*,*,#2634,.T.);
#1610=ORIENTED_EDGE('',*,*,#2635,.T.);
#1611=ORIENTED_EDGE('',*,*,#2636,.T.);
#1612=ORIENTED_EDGE('',*,*,#2607,.F.);
#1613=ORIENTED_EDGE('',*,*,#2619,.F.);
#1614=ORIENTED_EDGE('',*,*,#2637,.F.);
#1615=ORIENTED_EDGE('',*,*,#2638,.F.);
#1616=ORIENTED_EDGE('',*,*,#2608,.F.);
#1617=ORIENTED_EDGE('',*,*,#2605,.F.);
#1618=ORIENTED_EDGE('',*,*,#2616,.F.);
#1619=ORIENTED_EDGE('',*,*,#2639,.F.);
#1620=ORIENTED_EDGE('',*,*,#2640,.T.);
#1621=ORIENTED_EDGE('',*,*,#2617,.F.);
#1622=ORIENTED_EDGE('',*,*,#2641,.F.);
#1623=ORIENTED_EDGE('',*,*,#2642,.F.);
#1624=ORIENTED_EDGE('',*,*,#2643,.F.);
#1625=ORIENTED_EDGE('',*,*,#2623,.F.);
#1626=ORIENTED_EDGE('',*,*,#2638,.T.);
#1627=ORIENTED_EDGE('',*,*,#2641,.T.);
#1628=ORIENTED_EDGE('',*,*,#2644,.F.);
#1629=ORIENTED_EDGE('',*,*,#2643,.T.);
#1630=ORIENTED_EDGE('',*,*,#2639,.T.);
#1631=ORIENTED_EDGE('',*,*,#2645,.F.);
#1632=ORIENTED_EDGE('',*,*,#2644,.T.);
#1633=ORIENTED_EDGE('',*,*,#2622,.F.);
#1634=ORIENTED_EDGE('',*,*,#2646,.F.);
#1635=ORIENTED_EDGE('',*,*,#2609,.F.);
#1636=ORIENTED_EDGE('',*,*,#2601,.F.);
#1637=ORIENTED_EDGE('',*,*,#2610,.F.);
#1638=ORIENTED_EDGE('',*,*,#2647,.F.);
#1639=ORIENTED_EDGE('',*,*,#2613,.F.);
#1640=ORIENTED_EDGE('',*,*,#2603,.F.);
#1641=ORIENTED_EDGE('',*,*,#2612,.F.);
#1642=ORIENTED_EDGE('',*,*,#2648,.F.);
#1643=ORIENTED_EDGE('',*,*,#2614,.F.);
#1644=ORIENTED_EDGE('',*,*,#2645,.T.);
#1645=ORIENTED_EDGE('',*,*,#2615,.F.);
#1646=ORIENTED_EDGE('',*,*,#2649,.F.);
#1647=ORIENTED_EDGE('',*,*,#2620,.F.);
#1648=ORIENTED_EDGE('',*,*,#2647,.T.);
#1649=ORIENTED_EDGE('',*,*,#2646,.T.);
#1650=ORIENTED_EDGE('',*,*,#2650,.F.);
#1651=ORIENTED_EDGE('',*,*,#2649,.T.);
#1652=ORIENTED_EDGE('',*,*,#2648,.T.);
#1653=ORIENTED_EDGE('',*,*,#2651,.F.);
#1654=ORIENTED_EDGE('',*,*,#2650,.T.);
#1655=ORIENTED_EDGE('',*,*,#2621,.F.);
#1656=ORIENTED_EDGE('',*,*,#2651,.T.);
#1657=ORIENTED_EDGE('',*,*,#2611,.F.);
#1658=ORIENTED_EDGE('',*,*,#2594,.F.);
#1659=ORIENTED_EDGE('',*,*,#2626,.F.);
#1660=ORIENTED_EDGE('',*,*,#2652,.F.);
#1661=ORIENTED_EDGE('',*,*,#2629,.F.);
#1662=ORIENTED_EDGE('',*,*,#2653,.F.);
#1663=ORIENTED_EDGE('',*,*,#2627,.F.);
#1664=ORIENTED_EDGE('',*,*,#2654,.F.);
#1665=ORIENTED_EDGE('',*,*,#2635,.F.);
#1666=ORIENTED_EDGE('',*,*,#2596,.F.);
#1667=ORIENTED_EDGE('',*,*,#2628,.F.);
#1668=ORIENTED_EDGE('',*,*,#2655,.F.);
#1669=ORIENTED_EDGE('',*,*,#2656,.F.);
#1670=ORIENTED_EDGE('',*,*,#2559,.F.);
#1671=ORIENTED_EDGE('',*,*,#2654,.T.);
#1672=ORIENTED_EDGE('',*,*,#2652,.T.);
#1673=ORIENTED_EDGE('',*,*,#2657,.F.);
#1674=ORIENTED_EDGE('',*,*,#2655,.T.);
#1675=ORIENTED_EDGE('',*,*,#2653,.T.);
#1676=ORIENTED_EDGE('',*,*,#2658,.F.);
#1677=ORIENTED_EDGE('',*,*,#2599,.F.);
#1678=ORIENTED_EDGE('',*,*,#2632,.F.);
#1679=ORIENTED_EDGE('',*,*,#2659,.F.);
#1680=ORIENTED_EDGE('',*,*,#2624,.F.);
#1681=ORIENTED_EDGE('',*,*,#2657,.T.);
#1682=ORIENTED_EDGE('',*,*,#2625,.F.);
#1683=ORIENTED_EDGE('',*,*,#2660,.F.);
#1684=ORIENTED_EDGE('',*,*,#2636,.F.);
#1685=ORIENTED_EDGE('',*,*,#2658,.T.);
#1686=ORIENTED_EDGE('',*,*,#2634,.F.);
#1687=ORIENTED_EDGE('',*,*,#2661,.F.);
#1688=ORIENTED_EDGE('',*,*,#2662,.F.);
#1689=ORIENTED_EDGE('',*,*,#2597,.F.);
#1690=ORIENTED_EDGE('',*,*,#2561,.F.);
#1691=ORIENTED_EDGE('',*,*,#2663,.F.);
#1692=ORIENTED_EDGE('',*,*,#2664,.F.);
#1693=ORIENTED_EDGE('',*,*,#2630,.F.);
#1694=ORIENTED_EDGE('',*,*,#2660,.T.);
#1695=ORIENTED_EDGE('',*,*,#2659,.T.);
#1696=ORIENTED_EDGE('',*,*,#2665,.F.);
#1697=ORIENTED_EDGE('',*,*,#2664,.T.);
#1698=ORIENTED_EDGE('',*,*,#2661,.T.);
#1699=ORIENTED_EDGE('',*,*,#2666,.F.);
#1700=ORIENTED_EDGE('',*,*,#2665,.T.);
#1701=ORIENTED_EDGE('',*,*,#2631,.F.);
#1702=ORIENTED_EDGE('',*,*,#2666,.T.);
#1703=ORIENTED_EDGE('',*,*,#2633,.F.);
#1704=ORIENTED_EDGE('',*,*,#2667,.F.);
#1705=ORIENTED_EDGE('',*,*,#2668,.T.);
#1706=ORIENTED_EDGE('',*,*,#2669,.T.);
#1707=ORIENTED_EDGE('',*,*,#2578,.T.);
#1708=ORIENTED_EDGE('',*,*,#2670,.T.);
#1709=ORIENTED_EDGE('',*,*,#2574,.T.);
#1710=ORIENTED_EDGE('',*,*,#2671,.T.);
#1711=ORIENTED_EDGE('',*,*,#2672,.F.);
#1712=ORIENTED_EDGE('',*,*,#2673,.F.);
#1713=ORIENTED_EDGE('',*,*,#2674,.F.);
#1714=ORIENTED_EDGE('',*,*,#2675,.T.);
#1715=ORIENTED_EDGE('',*,*,#2667,.T.);
#1716=ORIENTED_EDGE('',*,*,#2676,.F.);
#1717=ORIENTED_EDGE('',*,*,#2677,.F.);
#1718=ORIENTED_EDGE('',*,*,#2678,.T.);
#1719=ORIENTED_EDGE('',*,*,#2679,.T.);
#1720=ORIENTED_EDGE('',*,*,#2680,.T.);
#1721=ORIENTED_EDGE('',*,*,#2681,.T.);
#1722=ORIENTED_EDGE('',*,*,#2682,.T.);
#1723=ORIENTED_EDGE('',*,*,#2683,.F.);
#1724=ORIENTED_EDGE('',*,*,#2684,.T.);
#1725=ORIENTED_EDGE('',*,*,#2685,.T.);
#1726=ORIENTED_EDGE('',*,*,#2686,.F.);
#1727=ORIENTED_EDGE('',*,*,#2687,.F.);
#1728=ORIENTED_EDGE('',*,*,#2688,.T.);
#1729=ORIENTED_EDGE('',*,*,#2674,.T.);
#1730=ORIENTED_EDGE('',*,*,#2689,.T.);
#1731=ORIENTED_EDGE('',*,*,#2584,.T.);
#1732=ORIENTED_EDGE('',*,*,#2690,.F.);
#1733=ORIENTED_EDGE('',*,*,#2691,.T.);
#1734=ORIENTED_EDGE('',*,*,#2687,.T.);
#1735=ORIENTED_EDGE('',*,*,#2583,.F.);
#1736=ORIENTED_EDGE('',*,*,#2692,.F.);
#1737=ORIENTED_EDGE('',*,*,#2693,.T.);
#1738=ORIENTED_EDGE('',*,*,#2690,.T.);
#1739=ORIENTED_EDGE('',*,*,#2582,.T.);
#1740=ORIENTED_EDGE('',*,*,#2694,.F.);
#1741=ORIENTED_EDGE('',*,*,#2695,.T.);
#1742=ORIENTED_EDGE('',*,*,#2692,.T.);
#1743=ORIENTED_EDGE('',*,*,#2581,.F.);
#1744=ORIENTED_EDGE('',*,*,#2696,.F.);
#1745=ORIENTED_EDGE('',*,*,#2697,.T.);
#1746=ORIENTED_EDGE('',*,*,#2694,.T.);
#1747=ORIENTED_EDGE('',*,*,#2580,.T.);
#1748=ORIENTED_EDGE('',*,*,#2669,.F.);
#1749=ORIENTED_EDGE('',*,*,#2698,.T.);
#1750=ORIENTED_EDGE('',*,*,#2696,.T.);
#1751=ORIENTED_EDGE('',*,*,#2579,.T.);
#1752=ORIENTED_EDGE('',*,*,#2699,.F.);
#1753=ORIENTED_EDGE('',*,*,#2590,.F.);
#1754=ORIENTED_EDGE('',*,*,#2700,.F.);
#1755=ORIENTED_EDGE('',*,*,#2566,.T.);
#1756=ORIENTED_EDGE('',*,*,#2700,.T.);
#1757=ORIENTED_EDGE('',*,*,#2589,.F.);
#1758=ORIENTED_EDGE('',*,*,#2701,.F.);
#1759=ORIENTED_EDGE('',*,*,#2567,.F.);
#1760=ORIENTED_EDGE('',*,*,#2699,.T.);
#1761=ORIENTED_EDGE('',*,*,#2565,.F.);
#1762=ORIENTED_EDGE('',*,*,#2702,.F.);
#1763=ORIENTED_EDGE('',*,*,#2591,.F.);
#1764=ORIENTED_EDGE('',*,*,#2701,.T.);
#1765=ORIENTED_EDGE('',*,*,#2588,.F.);
#1766=ORIENTED_EDGE('',*,*,#2703,.F.);
#1767=ORIENTED_EDGE('',*,*,#2568,.F.);
#1768=ORIENTED_EDGE('',*,*,#2702,.T.);
#1769=ORIENTED_EDGE('',*,*,#2564,.T.);
#1770=ORIENTED_EDGE('',*,*,#2704,.F.);
#1771=ORIENTED_EDGE('',*,*,#2592,.F.);
#1772=ORIENTED_EDGE('',*,*,#2703,.T.);
#1773=ORIENTED_EDGE('',*,*,#2587,.F.);
#1774=ORIENTED_EDGE('',*,*,#2705,.F.);
#1775=ORIENTED_EDGE('',*,*,#2569,.F.);
#1776=ORIENTED_EDGE('',*,*,#2704,.T.);
#1777=ORIENTED_EDGE('',*,*,#2563,.F.);
#1778=ORIENTED_EDGE('',*,*,#2706,.F.);
#1779=ORIENTED_EDGE('',*,*,#2585,.F.);
#1780=ORIENTED_EDGE('',*,*,#2705,.T.);
#1781=ORIENTED_EDGE('',*,*,#2586,.F.);
#1782=ORIENTED_EDGE('',*,*,#2706,.T.);
#1783=ORIENTED_EDGE('',*,*,#2570,.F.);
#1784=ORIENTED_EDGE('',*,*,#2707,.T.);
#1785=ORIENTED_EDGE('',*,*,#2708,.T.);
#1786=ORIENTED_EDGE('',*,*,#2709,.T.);
#1787=ORIENTED_EDGE('',*,*,#2710,.T.);
#1788=ORIENTED_EDGE('',*,*,#2711,.T.);
#1789=ORIENTED_EDGE('',*,*,#2712,.T.);
#1790=ORIENTED_EDGE('',*,*,#2713,.T.);
#1791=ORIENTED_EDGE('',*,*,#2714,.T.);
#1792=ORIENTED_EDGE('',*,*,#2715,.F.);
#1793=ORIENTED_EDGE('',*,*,#2712,.F.);
#1794=ORIENTED_EDGE('',*,*,#2716,.F.);
#1795=ORIENTED_EDGE('',*,*,#2668,.F.);
#1796=ORIENTED_EDGE('',*,*,#2716,.T.);
#1797=ORIENTED_EDGE('',*,*,#2711,.F.);
#1798=ORIENTED_EDGE('',*,*,#2717,.F.);
#1799=ORIENTED_EDGE('',*,*,#2698,.F.);
#1800=ORIENTED_EDGE('',*,*,#2715,.T.);
#1801=ORIENTED_EDGE('',*,*,#2675,.F.);
#1802=ORIENTED_EDGE('',*,*,#2718,.F.);
#1803=ORIENTED_EDGE('',*,*,#2713,.F.);
#1804=ORIENTED_EDGE('',*,*,#2717,.T.);
#1805=ORIENTED_EDGE('',*,*,#2710,.F.);
#1806=ORIENTED_EDGE('',*,*,#2719,.F.);
#1807=ORIENTED_EDGE('',*,*,#2697,.F.);
#1808=ORIENTED_EDGE('',*,*,#2718,.T.);
#1809=ORIENTED_EDGE('',*,*,#2688,.F.);
#1810=ORIENTED_EDGE('',*,*,#2720,.F.);
#1811=ORIENTED_EDGE('',*,*,#2714,.F.);
#1812=ORIENTED_EDGE('',*,*,#2719,.T.);
#1813=ORIENTED_EDGE('',*,*,#2709,.F.);
#1814=ORIENTED_EDGE('',*,*,#2721,.F.);
#1815=ORIENTED_EDGE('',*,*,#2695,.F.);
#1816=ORIENTED_EDGE('',*,*,#2720,.T.);
#1817=ORIENTED_EDGE('',*,*,#2691,.F.);
#1818=ORIENTED_EDGE('',*,*,#2722,.F.);
#1819=ORIENTED_EDGE('',*,*,#2707,.F.);
#1820=ORIENTED_EDGE('',*,*,#2721,.T.);
#1821=ORIENTED_EDGE('',*,*,#2708,.F.);
#1822=ORIENTED_EDGE('',*,*,#2722,.T.);
#1823=ORIENTED_EDGE('',*,*,#2693,.F.);
#1824=ORIENTED_EDGE('',*,*,#2670,.F.);
#1825=ORIENTED_EDGE('',*,*,#2723,.T.);
#1826=ORIENTED_EDGE('',*,*,#2676,.T.);
#1827=ORIENTED_EDGE('',*,*,#2671,.F.);
#1828=ORIENTED_EDGE('',*,*,#2573,.F.);
#1829=ORIENTED_EDGE('',*,*,#2724,.T.);
#1830=ORIENTED_EDGE('',*,*,#2725,.T.);
#1831=ORIENTED_EDGE('',*,*,#2689,.F.);
#1832=ORIENTED_EDGE('',*,*,#2682,.F.);
#1833=ORIENTED_EDGE('',*,*,#2726,.F.);
#1834=ORIENTED_EDGE('',*,*,#2681,.F.);
#1835=ORIENTED_EDGE('',*,*,#2727,.T.);
#1836=ORIENTED_EDGE('',*,*,#2728,.T.);
#1837=ORIENTED_EDGE('',*,*,#2571,.T.);
#1838=ORIENTED_EDGE('',*,*,#2726,.T.);
#1839=ORIENTED_EDGE('',*,*,#2729,.T.);
#1840=ORIENTED_EDGE('',*,*,#2730,.T.);
#1841=ORIENTED_EDGE('',*,*,#2679,.F.);
#1842=ORIENTED_EDGE('',*,*,#2731,.T.);
#1843=ORIENTED_EDGE('',*,*,#2732,.F.);
#1844=ORIENTED_EDGE('',*,*,#2733,.T.);
#1845=ORIENTED_EDGE('',*,*,#2677,.T.);
#1846=ORIENTED_EDGE('',*,*,#2723,.F.);
#1847=ORIENTED_EDGE('',*,*,#2577,.F.);
#1848=ORIENTED_EDGE('',*,*,#2673,.T.);
#1849=ORIENTED_EDGE('',*,*,#2734,.F.);
#1850=ORIENTED_EDGE('',*,*,#2735,.F.);
#1851=ORIENTED_EDGE('',*,*,#2575,.T.);
#1852=ORIENTED_EDGE('',*,*,#2736,.F.);
#1853=ORIENTED_EDGE('',*,*,#2737,.T.);
#1854=ORIENTED_EDGE('',*,*,#2738,.T.);
#1855=ORIENTED_EDGE('',*,*,#2739,.F.);
#1856=ORIENTED_EDGE('',*,*,#2734,.T.);
#1857=ORIENTED_EDGE('',*,*,#2672,.T.);
#1858=ORIENTED_EDGE('',*,*,#2725,.F.);
#1859=ORIENTED_EDGE('',*,*,#2740,.T.);
#1860=ORIENTED_EDGE('',*,*,#2741,.F.);
#1861=ORIENTED_EDGE('',*,*,#2742,.T.);
#1862=ORIENTED_EDGE('',*,*,#2743,.T.);
#1863=ORIENTED_EDGE('',*,*,#2744,.T.);
#1864=ORIENTED_EDGE('',*,*,#2745,.T.);
#1865=ORIENTED_EDGE('',*,*,#2683,.T.);
#1866=ORIENTED_EDGE('',*,*,#2746,.F.);
#1867=ORIENTED_EDGE('',*,*,#2747,.F.);
#1868=ORIENTED_EDGE('',*,*,#2686,.T.);
#1869=ORIENTED_EDGE('',*,*,#2748,.F.);
#1870=ORIENTED_EDGE('',*,*,#2749,.F.);
#1871=ORIENTED_EDGE('',*,*,#2746,.T.);
#1872=ORIENTED_EDGE('',*,*,#2685,.F.);
#1873=ORIENTED_EDGE('',*,*,#2750,.F.);
#1874=ORIENTED_EDGE('',*,*,#2751,.T.);
#1875=ORIENTED_EDGE('',*,*,#2748,.T.);
#1876=ORIENTED_EDGE('',*,*,#2684,.F.);
#1877=ORIENTED_EDGE('',*,*,#2745,.F.);
#1878=ORIENTED_EDGE('',*,*,#2752,.T.);
#1879=ORIENTED_EDGE('',*,*,#2750,.T.);
#1880=ORIENTED_EDGE('',*,*,#2728,.F.);
#1881=ORIENTED_EDGE('',*,*,#2753,.T.);
#1882=ORIENTED_EDGE('',*,*,#2729,.F.);
#1883=ORIENTED_EDGE('',*,*,#2754,.T.);
#1884=ORIENTED_EDGE('',*,*,#2732,.T.);
#1885=ORIENTED_EDGE('',*,*,#2576,.T.);
#1886=ORIENTED_EDGE('',*,*,#2735,.T.);
#1887=ORIENTED_EDGE('',*,*,#2739,.T.);
#1888=ORIENTED_EDGE('',*,*,#2755,.T.);
#1889=ORIENTED_EDGE('',*,*,#2747,.T.);
#1890=ORIENTED_EDGE('',*,*,#2749,.T.);
#1891=ORIENTED_EDGE('',*,*,#2751,.F.);
#1892=ORIENTED_EDGE('',*,*,#2752,.F.);
#1893=ORIENTED_EDGE('',*,*,#2744,.F.);
#1894=ORIENTED_EDGE('',*,*,#2756,.F.);
#1895=ORIENTED_EDGE('',*,*,#2740,.F.);
#1896=ORIENTED_EDGE('',*,*,#2724,.F.);
#1897=ORIENTED_EDGE('',*,*,#2572,.F.);
#1898=ORIENTED_EDGE('',*,*,#2743,.F.);
#1899=ORIENTED_EDGE('',*,*,#2757,.T.);
#1900=ORIENTED_EDGE('',*,*,#2736,.T.);
#1901=ORIENTED_EDGE('',*,*,#2756,.T.);
#1902=ORIENTED_EDGE('',*,*,#2738,.F.);
#1903=ORIENTED_EDGE('',*,*,#2758,.T.);
#1904=ORIENTED_EDGE('',*,*,#2741,.T.);
#1905=ORIENTED_EDGE('',*,*,#2755,.F.);
#1906=ORIENTED_EDGE('',*,*,#2759,.T.);
#1907=ORIENTED_EDGE('',*,*,#2637,.T.);
#1908=ORIENTED_EDGE('',*,*,#2760,.T.);
#1909=ORIENTED_EDGE('',*,*,#2656,.T.);
#1910=ORIENTED_EDGE('',*,*,#2753,.F.);
#1911=ORIENTED_EDGE('',*,*,#2727,.F.);
#1912=ORIENTED_EDGE('',*,*,#2680,.F.);
#1913=ORIENTED_EDGE('',*,*,#2730,.F.);
#1914=ORIENTED_EDGE('',*,*,#2754,.F.);
#1915=ORIENTED_EDGE('',*,*,#2731,.F.);
#1916=ORIENTED_EDGE('',*,*,#2678,.F.);
#1917=ORIENTED_EDGE('',*,*,#2733,.F.);
#1918=ORIENTED_EDGE('',*,*,#2761,.F.);
#1919=ORIENTED_EDGE('',*,*,#2663,.T.);
#1920=ORIENTED_EDGE('',*,*,#2762,.F.);
#1921=ORIENTED_EDGE('',*,*,#2757,.F.);
#1922=ORIENTED_EDGE('',*,*,#2762,.T.);
#1923=ORIENTED_EDGE('',*,*,#2560,.F.);
#1924=ORIENTED_EDGE('',*,*,#2760,.F.);
#1925=ORIENTED_EDGE('',*,*,#2618,.F.);
#1926=ORIENTED_EDGE('',*,*,#2763,.F.);
#1927=ORIENTED_EDGE('',*,*,#2737,.F.);
#1928=ORIENTED_EDGE('',*,*,#2761,.T.);
#1929=ORIENTED_EDGE('',*,*,#2742,.F.);
#1930=ORIENTED_EDGE('',*,*,#2764,.F.);
#1931=ORIENTED_EDGE('',*,*,#2642,.T.);
#1932=ORIENTED_EDGE('',*,*,#2759,.F.);
#1933=ORIENTED_EDGE('',*,*,#2662,.T.);
#1934=ORIENTED_EDGE('',*,*,#2763,.T.);
#1935=ORIENTED_EDGE('',*,*,#2640,.F.);
#1936=ORIENTED_EDGE('',*,*,#2764,.T.);
#1937=ORIENTED_EDGE('',*,*,#2758,.F.);
#1938=EDGE_CURVE('',#2765,#2766,#3256,.T.);
#1939=EDGE_CURVE('',#2766,#2767,#3257,.T.);
#1940=EDGE_CURVE('',#2767,#2768,#3258,.T.);
#1941=EDGE_CURVE('',#2765,#2768,#3259,.T.);
#1942=EDGE_CURVE('',#2769,#2770,#180,.T.);
#1943=EDGE_CURVE('',#2771,#2770,#3260,.T.);
#1944=EDGE_CURVE('',#2771,#2772,#181,.T.);
#1945=EDGE_CURVE('',#2773,#2772,#3261,.T.);
#1946=EDGE_CURVE('',#2773,#2774,#182,.T.);
#1947=EDGE_CURVE('',#2774,#2775,#3262,.T.);
#1948=EDGE_CURVE('',#2775,#2776,#183,.T.);
#1949=EDGE_CURVE('',#2776,#2769,#3263,.T.);
#1950=EDGE_CURVE('',#2777,#2778,#3264,.T.);
#1951=EDGE_CURVE('',#2777,#2779,#3265,.T.);
#1952=EDGE_CURVE('',#2779,#2780,#3266,.T.);
#1953=EDGE_CURVE('',#2781,#2780,#3267,.T.);
#1954=EDGE_CURVE('',#2782,#2781,#3268,.T.);
#1955=EDGE_CURVE('',#2783,#2782,#3269,.T.);
#1956=EDGE_CURVE('',#2783,#2784,#3270,.T.);
#1957=EDGE_CURVE('',#2785,#2784,#184,.T.);
#1958=EDGE_CURVE('',#2786,#2785,#3271,.T.);
#1959=EDGE_CURVE('',#2787,#2786,#185,.T.);
#1960=EDGE_CURVE('',#2787,#2788,#3272,.T.);
#1961=EDGE_CURVE('',#2789,#2788,#186,.T.);
#1962=EDGE_CURVE('',#2789,#2790,#3273,.T.);
#1963=EDGE_CURVE('',#2778,#2790,#187,.T.);
#1964=EDGE_CURVE('',#2791,#2792,#188,.F.);
#1965=EDGE_CURVE('',#2792,#2793,#3274,.T.);
#1966=EDGE_CURVE('',#2793,#2794,#189,.F.);
#1967=EDGE_CURVE('',#2794,#2795,#3275,.T.);
#1968=EDGE_CURVE('',#2795,#2796,#190,.F.);
#1969=EDGE_CURVE('',#2796,#2797,#3276,.T.);
#1970=EDGE_CURVE('',#2797,#2798,#191,.F.);
#1971=EDGE_CURVE('',#2798,#2791,#3277,.T.);
#1972=EDGE_CURVE('',#2799,#2800,#3278,.T.);
#1973=EDGE_CURVE('',#2799,#2801,#3279,.T.);
#1974=EDGE_CURVE('',#2801,#2802,#3280,.T.);
#1975=EDGE_CURVE('',#2802,#2765,#3281,.F.);
#1976=EDGE_CURVE('',#2768,#2803,#3282,.T.);
#1977=EDGE_CURVE('',#2804,#2803,#3283,.T.);
#1978=EDGE_CURVE('',#2804,#2800,#3284,.F.);
#1979=EDGE_CURVE('',#2805,#2806,#3285,.T.);
#1980=EDGE_CURVE('',#2805,#2807,#3286,.T.);
#1981=EDGE_CURVE('',#2807,#2808,#3287,.T.);
#1982=EDGE_CURVE('',#2808,#2809,#3288,.F.);
#1983=EDGE_CURVE('',#2809,#2810,#3289,.T.);
#1984=EDGE_CURVE('',#2810,#2811,#3290,.T.);
#1985=EDGE_CURVE('',#2812,#2811,#3291,.T.);
#1986=EDGE_CURVE('',#2812,#2806,#3292,.F.);
#1987=EDGE_CURVE('',#2806,#2813,#3293,.T.);
#1988=EDGE_CURVE('',#2813,#2814,#3294,.T.);
#1989=EDGE_CURVE('',#2814,#2805,#3295,.T.);
#1990=EDGE_CURVE('',#2815,#2816,#3296,.T.);
#1991=EDGE_CURVE('',#2816,#2808,#3297,.T.);
#1992=EDGE_CURVE('',#2807,#2815,#3298,.T.);
#1993=EDGE_CURVE('',#2809,#2817,#3299,.T.);
#1994=EDGE_CURVE('',#2817,#2818,#3300,.T.);
#1995=EDGE_CURVE('',#2818,#2810,#3301,.T.);
#1996=EDGE_CURVE('',#2811,#2819,#3302,.T.);
#1997=EDGE_CURVE('',#2819,#2820,#3303,.T.);
#1998=EDGE_CURVE('',#2820,#2812,#3304,.T.);
#1999=EDGE_CURVE('',#2821,#2822,#3305,.T.);
#2000=EDGE_CURVE('',#2822,#2823,#3306,.T.);
#2001=EDGE_CURVE('',#2823,#2824,#3307,.T.);
#2002=EDGE_CURVE('',#2824,#2821,#3308,.T.);
#2003=EDGE_CURVE('',#2800,#2825,#3309,.T.);
#2004=EDGE_CURVE('',#2825,#2826,#3310,.T.);
#2005=EDGE_CURVE('',#2826,#2799,#3311,.T.);
#2006=EDGE_CURVE('',#2827,#2828,#3312,.T.);
#2007=EDGE_CURVE('',#2828,#2802,#3313,.T.);
#2008=EDGE_CURVE('',#2801,#2827,#3314,.T.);
#2009=EDGE_CURVE('',#2803,#2829,#3315,.T.);
#2010=EDGE_CURVE('',#2829,#2830,#3316,.T.);
#2011=EDGE_CURVE('',#2830,#2804,#3317,.T.);
#2012=EDGE_CURVE('',#2831,#2832,#3318,.T.);
#2013=EDGE_CURVE('',#2832,#2833,#3319,.T.);
#2014=EDGE_CURVE('',#2833,#2834,#3320,.T.);
#2015=EDGE_CURVE('',#2834,#2831,#3321,.T.);
#2016=EDGE_CURVE('',#2835,#2820,#3322,.T.);
#2017=EDGE_CURVE('',#2813,#2835,#3323,.F.);
#2018=EDGE_CURVE('',#2836,#2818,#3324,.T.);
#2019=EDGE_CURVE('',#2836,#2819,#3325,.T.);
#2020=EDGE_CURVE('',#2835,#2824,#3326,.F.);
#2021=EDGE_CURVE('',#2836,#2835,#3327,.T.);
#2022=EDGE_CURVE('',#2821,#2836,#3328,.F.);
#2023=EDGE_CURVE('',#2813,#2824,#3329,.T.);
#2024=EDGE_CURVE('',#2821,#2818,#3330,.F.);
#2025=EDGE_CURVE('',#2814,#2823,#3331,.F.);
#2026=EDGE_CURVE('',#2815,#2814,#3332,.T.);
#2027=EDGE_CURVE('',#2817,#2816,#3333,.F.);
#2028=EDGE_CURVE('',#2822,#2817,#3334,.T.);
#2029=EDGE_CURVE('',#2815,#2823,#3335,.F.);
#2030=EDGE_CURVE('',#2822,#2816,#3336,.F.);
#2031=EDGE_CURVE('',#2827,#2826,#3337,.T.);
#2032=EDGE_CURVE('',#2828,#2833,#3338,.T.);
#2033=EDGE_CURVE('',#2834,#2827,#3339,.T.);
#2034=EDGE_CURVE('',#2837,#2828,#3340,.F.);
#2035=EDGE_CURVE('',#2766,#2837,#3341,.T.);
#2036=EDGE_CURVE('',#2834,#2826,#3342,.T.);
#2037=EDGE_CURVE('',#2837,#2833,#3343,.F.);
#2038=EDGE_CURVE('',#2825,#2830,#3344,.F.);
#2039=EDGE_CURVE('',#2831,#2825,#3345,.F.);
#2040=EDGE_CURVE('',#2838,#2832,#3346,.T.);
#2041=EDGE_CURVE('',#2837,#2838,#3347,.T.);
#2042=EDGE_CURVE('',#2838,#2767,#3348,.T.);
#2043=EDGE_CURVE('',#2829,#2838,#3349,.T.);
#2044=EDGE_CURVE('',#2831,#2830,#3350,.T.);
#2045=EDGE_CURVE('',#2829,#2832,#3351,.T.);
#2046=EDGE_CURVE('',#2839,#2840,#3352,.T.);
#2047=EDGE_CURVE('',#2839,#2841,#89,.T.);
#2048=EDGE_CURVE('',#2841,#2785,#3353,.T.);
#2049=EDGE_CURVE('',#2784,#2840,#192,.T.);
#2050=EDGE_CURVE('',#2780,#2842,#3354,.T.);
#2051=EDGE_CURVE('',#2843,#2842,#3355,.T.);
#2052=EDGE_CURVE('',#2781,#2843,#3356,.T.);
#2053=EDGE_CURVE('',#2844,#2845,#3357,.T.);
#2054=EDGE_CURVE('',#2844,#2839,#90,.T.);
#2055=EDGE_CURVE('',#2846,#2840,#3358,.T.);
#2056=EDGE_CURVE('',#2847,#2846,#3359,.T.);
#2057=EDGE_CURVE('',#2847,#2848,#193,.F.);
#2058=EDGE_CURVE('',#2848,#2849,#3360,.T.);
#2059=EDGE_CURVE('',#2849,#2850,#194,.F.);
#2060=EDGE_CURVE('',#2850,#2851,#3361,.T.);
#2061=EDGE_CURVE('',#2851,#2845,#3362,.T.);
#2062=EDGE_CURVE('',#2852,#2853,#3363,.T.);
#2063=EDGE_CURVE('',#2852,#2854,#3364,.T.);
#2064=EDGE_CURVE('',#2854,#2855,#3365,.T.);
#2065=EDGE_CURVE('',#2853,#2855,#3366,.T.);
#2066=EDGE_CURVE('',#2856,#2790,#3367,.T.);
#2067=EDGE_CURVE('',#2856,#2844,#91,.T.);
#2068=EDGE_CURVE('',#2845,#2778,#195,.T.);
#2069=EDGE_CURVE('',#2857,#2789,#3368,.T.);
#2070=EDGE_CURVE('',#2857,#2856,#92,.T.);
#2071=EDGE_CURVE('',#2858,#2788,#3369,.T.);
#2072=EDGE_CURVE('',#2858,#2857,#93,.T.);
#2073=EDGE_CURVE('',#2859,#2787,#3370,.T.);
#2074=EDGE_CURVE('',#2859,#2858,#94,.T.);
#2075=EDGE_CURVE('',#2860,#2786,#3371,.T.);
#2076=EDGE_CURVE('',#2860,#2859,#95,.T.);
#2077=EDGE_CURVE('',#2841,#2860,#96,.T.);
#2078=EDGE_CURVE('',#2797,#2772,#3372,.T.);
#2079=EDGE_CURVE('',#2773,#2796,#3373,.T.);
#2080=EDGE_CURVE('',#2774,#2795,#3374,.T.);
#2081=EDGE_CURVE('',#2798,#2771,#3375,.T.);
#2082=EDGE_CURVE('',#2775,#2794,#3376,.T.);
#2083=EDGE_CURVE('',#2791,#2770,#3377,.T.);
#2084=EDGE_CURVE('',#2776,#2793,#3378,.T.);
#2085=EDGE_CURVE('',#2792,#2769,#3379,.T.);
#2086=EDGE_CURVE('',#2861,#2862,#97,.T.);
#2087=EDGE_CURVE('',#2862,#2863,#98,.T.);
#2088=EDGE_CURVE('',#2863,#2864,#99,.T.);
#2089=EDGE_CURVE('',#2864,#2865,#100,.T.);
#2090=EDGE_CURVE('',#2865,#2866,#101,.T.);
#2091=EDGE_CURVE('',#2866,#2867,#102,.T.);
#2092=EDGE_CURVE('',#2867,#2868,#103,.T.);
#2093=EDGE_CURVE('',#2868,#2861,#104,.T.);
#2094=EDGE_CURVE('',#2867,#2839,#196,.T.);
#2095=EDGE_CURVE('',#2841,#2866,#197,.T.);
#2096=EDGE_CURVE('',#2860,#2865,#198,.T.);
#2097=EDGE_CURVE('',#2868,#2844,#199,.T.);
#2098=EDGE_CURVE('',#2859,#2864,#200,.T.);
#2099=EDGE_CURVE('',#2861,#2856,#201,.T.);
#2100=EDGE_CURVE('',#2858,#2863,#202,.T.);
#2101=EDGE_CURVE('',#2862,#2857,#203,.T.);
#2102=EDGE_CURVE('',#2784,#2846,#3380,.T.);
#2103=EDGE_CURVE('',#2779,#2869,#3381,.T.);
#2104=EDGE_CURVE('',#2869,#2842,#3382,.T.);
#2105=EDGE_CURVE('',#2778,#2851,#3383,.T.);
#2106=EDGE_CURVE('',#2850,#2870,#3384,.F.);
#2107=EDGE_CURVE('',#2870,#2777,#3385,.T.);
#2108=EDGE_CURVE('',#2871,#2872,#3386,.T.);
#2109=EDGE_CURVE('',#2872,#2849,#3387,.T.);
#2110=EDGE_CURVE('',#2848,#2871,#3388,.F.);
#2111=EDGE_CURVE('',#2873,#2783,#3389,.T.);
#2112=EDGE_CURVE('',#2873,#2847,#3390,.T.);
#2113=EDGE_CURVE('',#2874,#2843,#3391,.T.);
#2114=EDGE_CURVE('',#2782,#2874,#3392,.T.);
#2115=EDGE_CURVE('',#2875,#2876,#3393,.T.);
#2116=EDGE_CURVE('',#2875,#2877,#3394,.T.);
#2117=EDGE_CURVE('',#2877,#2878,#3395,.T.);
#2118=EDGE_CURVE('',#2874,#2878,#3396,.T.);
#2119=EDGE_CURVE('',#2869,#2876,#3397,.T.);
#2120=EDGE_CURVE('',#2879,#2880,#3398,.T.);
#2121=EDGE_CURVE('',#2879,#2881,#3399,.T.);
#2122=EDGE_CURVE('',#2881,#2882,#3400,.T.);
#2123=EDGE_CURVE('',#2882,#2883,#3401,.T.);
#2124=EDGE_CURVE('',#2883,#2852,#3402,.T.);
#2125=EDGE_CURVE('',#2884,#2853,#3403,.T.);
#2126=EDGE_CURVE('',#2880,#2884,#3404,.T.);
#2127=EDGE_CURVE('',#2885,#2855,#3405,.T.);
#2128=EDGE_CURVE('',#2884,#2885,#3406,.T.);
#2129=EDGE_CURVE('',#2886,#2854,#3407,.T.);
#2130=EDGE_CURVE('',#2886,#2885,#3408,.T.);
#2131=EDGE_CURVE('',#2883,#2886,#3409,.T.);
#2132=EDGE_CURVE('',#2870,#2872,#204,.T.);
#2133=EDGE_CURVE('',#2871,#2873,#205,.T.);
#2134=EDGE_CURVE('',#2878,#2880,#3410,.T.);
#2135=EDGE_CURVE('',#2876,#2882,#3411,.T.);
#2136=EDGE_CURVE('',#2881,#2875,#3412,.T.);
#2137=EDGE_CURVE('',#2877,#2879,#3413,.T.);
#2138=EDGE_CURVE('',#2837,#2835,#3414,.T.);
#2139=EDGE_CURVE('',#2820,#2766,#3415,.T.);
#2140=EDGE_CURVE('',#2838,#2881,#3416,.T.);
#2141=EDGE_CURVE('',#2875,#2767,#3417,.F.);
#2142=EDGE_CURVE('',#2877,#2819,#3418,.T.);
#2143=EDGE_CURVE('',#2836,#2879,#3419,.T.);
#2144=EDGE_CURVE('',#2887,#2888,#3420,.T.);
#2145=EDGE_CURVE('',#2888,#2889,#3421,.T.);
#2146=EDGE_CURVE('',#2889,#2890,#3422,.T.);
#2147=EDGE_CURVE('',#2887,#2890,#3423,.T.);
#2148=EDGE_CURVE('',#2891,#2892,#206,.T.);
#2149=EDGE_CURVE('',#2893,#2892,#3424,.T.);
#2150=EDGE_CURVE('',#2893,#2894,#207,.T.);
#2151=EDGE_CURVE('',#2895,#2894,#3425,.T.);
#2152=EDGE_CURVE('',#2895,#2896,#208,.T.);
#2153=EDGE_CURVE('',#2896,#2897,#3426,.T.);
#2154=EDGE_CURVE('',#2897,#2898,#209,.T.);
#2155=EDGE_CURVE('',#2898,#2891,#3427,.T.);
#2156=EDGE_CURVE('',#2899,#2900,#3428,.T.);
#2157=EDGE_CURVE('',#2899,#2901,#3429,.T.);
#2158=EDGE_CURVE('',#2901,#2902,#3430,.T.);
#2159=EDGE_CURVE('',#2903,#2902,#3431,.T.);
#2160=EDGE_CURVE('',#2904,#2903,#3432,.T.);
#2161=EDGE_CURVE('',#2905,#2904,#3433,.T.);
#2162=EDGE_CURVE('',#2905,#2906,#3434,.T.);
#2163=EDGE_CURVE('',#2907,#2906,#210,.T.);
#2164=EDGE_CURVE('',#2908,#2907,#3435,.T.);
#2165=EDGE_CURVE('',#2909,#2908,#211,.T.);
#2166=EDGE_CURVE('',#2909,#2910,#3436,.T.);
#2167=EDGE_CURVE('',#2911,#2910,#212,.T.);
#2168=EDGE_CURVE('',#2911,#2912,#3437,.T.);
#2169=EDGE_CURVE('',#2900,#2912,#213,.T.);
#2170=EDGE_CURVE('',#2913,#2914,#214,.F.);
#2171=EDGE_CURVE('',#2914,#2915,#3438,.T.);
#2172=EDGE_CURVE('',#2915,#2916,#215,.F.);
#2173=EDGE_CURVE('',#2916,#2917,#3439,.T.);
#2174=EDGE_CURVE('',#2917,#2918,#216,.F.);
#2175=EDGE_CURVE('',#2918,#2919,#3440,.T.);
#2176=EDGE_CURVE('',#2919,#2920,#217,.F.);
#2177=EDGE_CURVE('',#2920,#2913,#3441,.T.);
#2178=EDGE_CURVE('',#2921,#2922,#3442,.T.);
#2179=EDGE_CURVE('',#2921,#2923,#3443,.T.);
#2180=EDGE_CURVE('',#2923,#2924,#3444,.T.);
#2181=EDGE_CURVE('',#2924,#2887,#3445,.F.);
#2182=EDGE_CURVE('',#2890,#2925,#3446,.T.);
#2183=EDGE_CURVE('',#2926,#2925,#3447,.T.);
#2184=EDGE_CURVE('',#2926,#2922,#3448,.F.);
#2185=EDGE_CURVE('',#2927,#2928,#3449,.T.);
#2186=EDGE_CURVE('',#2927,#2929,#3450,.T.);
#2187=EDGE_CURVE('',#2929,#2930,#3451,.T.);
#2188=EDGE_CURVE('',#2930,#2931,#3452,.F.);
#2189=EDGE_CURVE('',#2931,#2932,#3453,.T.);
#2190=EDGE_CURVE('',#2932,#2933,#3454,.T.);
#2191=EDGE_CURVE('',#2934,#2933,#3455,.T.);
#2192=EDGE_CURVE('',#2934,#2928,#3456,.F.);
#2193=EDGE_CURVE('',#2928,#2935,#3457,.T.);
#2194=EDGE_CURVE('',#2935,#2936,#3458,.T.);
#2195=EDGE_CURVE('',#2936,#2927,#3459,.T.);
#2196=EDGE_CURVE('',#2937,#2938,#3460,.T.);
#2197=EDGE_CURVE('',#2938,#2930,#3461,.T.);
#2198=EDGE_CURVE('',#2929,#2937,#3462,.T.);
#2199=EDGE_CURVE('',#2931,#2939,#3463,.T.);
#2200=EDGE_CURVE('',#2939,#2940,#3464,.T.);
#2201=EDGE_CURVE('',#2940,#2932,#3465,.T.);
#2202=EDGE_CURVE('',#2933,#2941,#3466,.T.);
#2203=EDGE_CURVE('',#2941,#2942,#3467,.T.);
#2204=EDGE_CURVE('',#2942,#2934,#3468,.T.);
#2205=EDGE_CURVE('',#2943,#2944,#3469,.T.);
#2206=EDGE_CURVE('',#2944,#2945,#3470,.T.);
#2207=EDGE_CURVE('',#2945,#2946,#3471,.T.);
#2208=EDGE_CURVE('',#2946,#2943,#3472,.T.);
#2209=EDGE_CURVE('',#2922,#2947,#3473,.T.);
#2210=EDGE_CURVE('',#2947,#2948,#3474,.T.);
#2211=EDGE_CURVE('',#2948,#2921,#3475,.T.);
#2212=EDGE_CURVE('',#2949,#2950,#3476,.T.);
#2213=EDGE_CURVE('',#2950,#2924,#3477,.T.);
#2214=EDGE_CURVE('',#2923,#2949,#3478,.T.);
#2215=EDGE_CURVE('',#2925,#2951,#3479,.T.);
#2216=EDGE_CURVE('',#2951,#2952,#3480,.T.);
#2217=EDGE_CURVE('',#2952,#2926,#3481,.T.);
#2218=EDGE_CURVE('',#2953,#2954,#3482,.T.);
#2219=EDGE_CURVE('',#2954,#2955,#3483,.T.);
#2220=EDGE_CURVE('',#2955,#2956,#3484,.T.);
#2221=EDGE_CURVE('',#2956,#2953,#3485,.T.);
#2222=EDGE_CURVE('',#2957,#2942,#3486,.T.);
#2223=EDGE_CURVE('',#2935,#2957,#3487,.F.);
#2224=EDGE_CURVE('',#2958,#2940,#3488,.T.);
#2225=EDGE_CURVE('',#2958,#2941,#3489,.T.);
#2226=EDGE_CURVE('',#2957,#2946,#3490,.F.);
#2227=EDGE_CURVE('',#2958,#2957,#3491,.T.);
#2228=EDGE_CURVE('',#2943,#2958,#3492,.F.);
#2229=EDGE_CURVE('',#2935,#2946,#3493,.T.);
#2230=EDGE_CURVE('',#2943,#2940,#3494,.F.);
#2231=EDGE_CURVE('',#2936,#2945,#3495,.F.);
#2232=EDGE_CURVE('',#2937,#2936,#3496,.T.);
#2233=EDGE_CURVE('',#2939,#2938,#3497,.F.);
#2234=EDGE_CURVE('',#2944,#2939,#3498,.T.);
#2235=EDGE_CURVE('',#2937,#2945,#3499,.F.);
#2236=EDGE_CURVE('',#2944,#2938,#3500,.F.);
#2237=EDGE_CURVE('',#2949,#2948,#3501,.T.);
#2238=EDGE_CURVE('',#2950,#2955,#3502,.T.);
#2239=EDGE_CURVE('',#2956,#2949,#3503,.T.);
#2240=EDGE_CURVE('',#2959,#2950,#3504,.F.);
#2241=EDGE_CURVE('',#2888,#2959,#3505,.T.);
#2242=EDGE_CURVE('',#2956,#2948,#3506,.T.);
#2243=EDGE_CURVE('',#2959,#2955,#3507,.F.);
#2244=EDGE_CURVE('',#2947,#2952,#3508,.F.);
#2245=EDGE_CURVE('',#2953,#2947,#3509,.F.);
#2246=EDGE_CURVE('',#2960,#2954,#3510,.T.);
#2247=EDGE_CURVE('',#2959,#2960,#3511,.T.);
#2248=EDGE_CURVE('',#2960,#2889,#3512,.T.);
#2249=EDGE_CURVE('',#2951,#2960,#3513,.T.);
#2250=EDGE_CURVE('',#2953,#2952,#3514,.T.);
#2251=EDGE_CURVE('',#2951,#2954,#3515,.T.);
#2252=EDGE_CURVE('',#2961,#2962,#3516,.T.);
#2253=EDGE_CURVE('',#2961,#2963,#105,.T.);
#2254=EDGE_CURVE('',#2963,#2907,#3517,.T.);
#2255=EDGE_CURVE('',#2906,#2962,#218,.T.);
#2256=EDGE_CURVE('',#2902,#2964,#3518,.T.);
#2257=EDGE_CURVE('',#2965,#2964,#3519,.T.);
#2258=EDGE_CURVE('',#2903,#2965,#3520,.T.);
#2259=EDGE_CURVE('',#2966,#2967,#3521,.T.);
#2260=EDGE_CURVE('',#2966,#2961,#106,.T.);
#2261=EDGE_CURVE('',#2968,#2962,#3522,.T.);
#2262=EDGE_CURVE('',#2969,#2968,#3523,.T.);
#2263=EDGE_CURVE('',#2969,#2970,#219,.F.);
#2264=EDGE_CURVE('',#2970,#2971,#3524,.T.);
#2265=EDGE_CURVE('',#2971,#2972,#220,.F.);
#2266=EDGE_CURVE('',#2972,#2973,#3525,.T.);
#2267=EDGE_CURVE('',#2973,#2967,#3526,.T.);
#2268=EDGE_CURVE('',#2974,#2975,#3527,.T.);
#2269=EDGE_CURVE('',#2974,#2976,#3528,.T.);
#2270=EDGE_CURVE('',#2976,#2977,#3529,.T.);
#2271=EDGE_CURVE('',#2975,#2977,#3530,.T.);
#2272=EDGE_CURVE('',#2978,#2912,#3531,.T.);
#2273=EDGE_CURVE('',#2978,#2966,#107,.T.);
#2274=EDGE_CURVE('',#2967,#2900,#221,.T.);
#2275=EDGE_CURVE('',#2979,#2911,#3532,.T.);
#2276=EDGE_CURVE('',#2979,#2978,#108,.T.);
#2277=EDGE_CURVE('',#2980,#2910,#3533,.T.);
#2278=EDGE_CURVE('',#2980,#2979,#109,.T.);
#2279=EDGE_CURVE('',#2981,#2909,#3534,.T.);
#2280=EDGE_CURVE('',#2981,#2980,#110,.T.);
#2281=EDGE_CURVE('',#2982,#2908,#3535,.T.);
#2282=EDGE_CURVE('',#2982,#2981,#111,.T.);
#2283=EDGE_CURVE('',#2963,#2982,#112,.T.);
#2284=EDGE_CURVE('',#2919,#2894,#3536,.T.);
#2285=EDGE_CURVE('',#2895,#2918,#3537,.T.);
#2286=EDGE_CURVE('',#2896,#2917,#3538,.T.);
#2287=EDGE_CURVE('',#2920,#2893,#3539,.T.);
#2288=EDGE_CURVE('',#2897,#2916,#3540,.T.);
#2289=EDGE_CURVE('',#2913,#2892,#3541,.T.);
#2290=EDGE_CURVE('',#2898,#2915,#3542,.T.);
#2291=EDGE_CURVE('',#2914,#2891,#3543,.T.);
#2292=EDGE_CURVE('',#2983,#2984,#113,.T.);
#2293=EDGE_CURVE('',#2984,#2985,#114,.T.);
#2294=EDGE_CURVE('',#2985,#2986,#115,.T.);
#2295=EDGE_CURVE('',#2986,#2987,#116,.T.);
#2296=EDGE_CURVE('',#2987,#2988,#117,.T.);
#2297=EDGE_CURVE('',#2988,#2989,#118,.T.);
#2298=EDGE_CURVE('',#2989,#2990,#119,.T.);
#2299=EDGE_CURVE('',#2990,#2983,#120,.T.);
#2300=EDGE_CURVE('',#2989,#2961,#222,.T.);
#2301=EDGE_CURVE('',#2963,#2988,#223,.T.);
#2302=EDGE_CURVE('',#2982,#2987,#224,.T.);
#2303=EDGE_CURVE('',#2990,#2966,#225,.T.);
#2304=EDGE_CURVE('',#2981,#2986,#226,.T.);
#2305=EDGE_CURVE('',#2983,#2978,#227,.T.);
#2306=EDGE_CURVE('',#2980,#2985,#228,.T.);
#2307=EDGE_CURVE('',#2984,#2979,#229,.T.);
#2308=EDGE_CURVE('',#2906,#2968,#3544,.T.);
#2309=EDGE_CURVE('',#2901,#2991,#3545,.T.);
#2310=EDGE_CURVE('',#2991,#2964,#3546,.T.);
#2311=EDGE_CURVE('',#2900,#2973,#3547,.T.);
#2312=EDGE_CURVE('',#2972,#2992,#3548,.F.);
#2313=EDGE_CURVE('',#2992,#2899,#3549,.T.);
#2314=EDGE_CURVE('',#2993,#2994,#3550,.T.);
#2315=EDGE_CURVE('',#2994,#2971,#3551,.T.);
#2316=EDGE_CURVE('',#2970,#2993,#3552,.F.);
#2317=EDGE_CURVE('',#2995,#2905,#3553,.T.);
#2318=EDGE_CURVE('',#2995,#2969,#3554,.T.);
#2319=EDGE_CURVE('',#2996,#2965,#3555,.T.);
#2320=EDGE_CURVE('',#2904,#2996,#3556,.T.);
#2321=EDGE_CURVE('',#2997,#2998,#3557,.T.);
#2322=EDGE_CURVE('',#2997,#2999,#3558,.T.);
#2323=EDGE_CURVE('',#2999,#3000,#3559,.T.);
#2324=EDGE_CURVE('',#2996,#3000,#3560,.T.);
#2325=EDGE_CURVE('',#2991,#2998,#3561,.T.);
#2326=EDGE_CURVE('',#3001,#3002,#3562,.T.);
#2327=EDGE_CURVE('',#3001,#3003,#3563,.T.);
#2328=EDGE_CURVE('',#3003,#3004,#3564,.T.);
#2329=EDGE_CURVE('',#3004,#3005,#3565,.T.);
#2330=EDGE_CURVE('',#3005,#2974,#3566,.T.);
#2331=EDGE_CURVE('',#3006,#2975,#3567,.T.);
#2332=EDGE_CURVE('',#3002,#3006,#3568,.T.);
#2333=EDGE_CURVE('',#3007,#2977,#3569,.T.);
#2334=EDGE_CURVE('',#3006,#3007,#3570,.T.);
#2335=EDGE_CURVE('',#3008,#2976,#3571,.T.);
#2336=EDGE_CURVE('',#3008,#3007,#3572,.T.);
#2337=EDGE_CURVE('',#3005,#3008,#3573,.T.);
#2338=EDGE_CURVE('',#2992,#2994,#230,.T.);
#2339=EDGE_CURVE('',#2993,#2995,#231,.T.);
#2340=EDGE_CURVE('',#3000,#3002,#3574,.T.);
#2341=EDGE_CURVE('',#2998,#3004,#3575,.T.);
#2342=EDGE_CURVE('',#3003,#2997,#3576,.T.);
#2343=EDGE_CURVE('',#2999,#3001,#3577,.T.);
#2344=EDGE_CURVE('',#2959,#2957,#3578,.T.);
#2345=EDGE_CURVE('',#2942,#2888,#3579,.T.);
#2346=EDGE_CURVE('',#2960,#3003,#3580,.T.);
#2347=EDGE_CURVE('',#2997,#2889,#3581,.F.);
#2348=EDGE_CURVE('',#2999,#2941,#3582,.T.);
#2349=EDGE_CURVE('',#2958,#3001,#3583,.T.);
#2350=EDGE_CURVE('',#3009,#3010,#3584,.T.);
#2351=EDGE_CURVE('',#3010,#3011,#3585,.T.);
#2352=EDGE_CURVE('',#3011,#3012,#3586,.T.);
#2353=EDGE_CURVE('',#3009,#3012,#3587,.T.);
#2354=EDGE_CURVE('',#3013,#3014,#232,.T.);
#2355=EDGE_CURVE('',#3015,#3014,#3588,.T.);
#2356=EDGE_CURVE('',#3015,#3016,#233,.T.);
#2357=EDGE_CURVE('',#3017,#3016,#3589,.T.);
#2358=EDGE_CURVE('',#3017,#3018,#234,.T.);
#2359=EDGE_CURVE('',#3018,#3019,#3590,.T.);
#2360=EDGE_CURVE('',#3019,#3020,#235,.T.);
#2361=EDGE_CURVE('',#3020,#3013,#3591,.T.);
#2362=EDGE_CURVE('',#3021,#3022,#3592,.T.);
#2363=EDGE_CURVE('',#3021,#3023,#3593,.T.);
#2364=EDGE_CURVE('',#3023,#3024,#3594,.T.);
#2365=EDGE_CURVE('',#3025,#3024,#3595,.T.);
#2366=EDGE_CURVE('',#3026,#3025,#3596,.T.);
#2367=EDGE_CURVE('',#3027,#3026,#3597,.T.);
#2368=EDGE_CURVE('',#3027,#3028,#3598,.T.);
#2369=EDGE_CURVE('',#3029,#3028,#236,.T.);
#2370=EDGE_CURVE('',#3030,#3029,#3599,.T.);
#2371=EDGE_CURVE('',#3031,#3030,#237,.T.);
#2372=EDGE_CURVE('',#3031,#3032,#3600,.T.);
#2373=EDGE_CURVE('',#3033,#3032,#238,.T.);
#2374=EDGE_CURVE('',#3033,#3034,#3601,.T.);
#2375=EDGE_CURVE('',#3022,#3034,#239,.T.);
#2376=EDGE_CURVE('',#3035,#3035,#121,.T.);
#2377=EDGE_CURVE('',#3036,#3036,#122,.T.);
#2378=EDGE_CURVE('',#3037,#3038,#123,.T.);
#2379=EDGE_CURVE('',#3038,#3039,#124,.T.);
#2380=EDGE_CURVE('',#3039,#3040,#125,.T.);
#2381=EDGE_CURVE('',#3040,#3041,#126,.T.);
#2382=EDGE_CURVE('',#3041,#3042,#127,.T.);
#2383=EDGE_CURVE('',#3042,#3043,#128,.T.);
#2384=EDGE_CURVE('',#3043,#3044,#129,.T.);
#2385=EDGE_CURVE('',#3044,#3037,#130,.T.);
#2386=EDGE_CURVE('',#3045,#3045,#131,.F.);
#2387=EDGE_CURVE('',#3046,#3047,#240,.F.);
#2388=EDGE_CURVE('',#3047,#3048,#3602,.T.);
#2389=EDGE_CURVE('',#3048,#3049,#241,.F.);
#2390=EDGE_CURVE('',#3049,#3050,#3603,.T.);
#2391=EDGE_CURVE('',#3050,#3051,#242,.F.);
#2392=EDGE_CURVE('',#3051,#3052,#3604,.T.);
#2393=EDGE_CURVE('',#3052,#3053,#243,.F.);
#2394=EDGE_CURVE('',#3053,#3046,#3605,.T.);
#2395=EDGE_CURVE('',#3054,#3055,#3606,.T.);
#2396=EDGE_CURVE('',#3054,#3056,#3607,.T.);
#2397=EDGE_CURVE('',#3056,#3057,#3608,.T.);
#2398=EDGE_CURVE('',#3057,#3009,#3609,.F.);
#2399=EDGE_CURVE('',#3012,#3058,#3610,.T.);
#2400=EDGE_CURVE('',#3059,#3058,#3611,.T.);
#2401=EDGE_CURVE('',#3059,#3055,#3612,.F.);
#2402=EDGE_CURVE('',#3060,#3061,#3613,.T.);
#2403=EDGE_CURVE('',#3060,#3062,#3614,.T.);
#2404=EDGE_CURVE('',#3062,#3063,#3615,.T.);
#2405=EDGE_CURVE('',#3063,#3064,#3616,.F.);
#2406=EDGE_CURVE('',#3064,#3065,#3617,.T.);
#2407=EDGE_CURVE('',#3065,#3066,#3618,.T.);
#2408=EDGE_CURVE('',#3067,#3066,#3619,.T.);
#2409=EDGE_CURVE('',#3067,#3061,#3620,.F.);
#2410=EDGE_CURVE('',#3061,#3068,#3621,.T.);
#2411=EDGE_CURVE('',#3068,#3069,#3622,.T.);
#2412=EDGE_CURVE('',#3069,#3060,#3623,.T.);
#2413=EDGE_CURVE('',#3070,#3071,#3624,.T.);
#2414=EDGE_CURVE('',#3071,#3063,#3625,.T.);
#2415=EDGE_CURVE('',#3062,#3070,#3626,.T.);
#2416=EDGE_CURVE('',#3064,#3072,#3627,.T.);
#2417=EDGE_CURVE('',#3072,#3073,#3628,.T.);
#2418=EDGE_CURVE('',#3073,#3065,#3629,.T.);
#2419=EDGE_CURVE('',#3066,#3074,#3630,.T.);
#2420=EDGE_CURVE('',#3074,#3075,#3631,.T.);
#2421=EDGE_CURVE('',#3075,#3067,#3632,.T.);
#2422=EDGE_CURVE('',#3076,#3077,#3633,.T.);
#2423=EDGE_CURVE('',#3077,#3078,#3634,.T.);
#2424=EDGE_CURVE('',#3078,#3079,#3635,.T.);
#2425=EDGE_CURVE('',#3079,#3076,#3636,.T.);
#2426=EDGE_CURVE('',#3055,#3080,#3637,.T.);
#2427=EDGE_CURVE('',#3080,#3081,#3638,.T.);
#2428=EDGE_CURVE('',#3081,#3054,#3639,.T.);
#2429=EDGE_CURVE('',#3082,#3083,#3640,.T.);
#2430=EDGE_CURVE('',#3083,#3057,#3641,.T.);
#2431=EDGE_CURVE('',#3056,#3082,#3642,.T.);
#2432=EDGE_CURVE('',#3058,#3084,#3643,.T.);
#2433=EDGE_CURVE('',#3084,#3085,#3644,.T.);
#2434=EDGE_CURVE('',#3085,#3059,#3645,.T.);
#2435=EDGE_CURVE('',#3086,#3087,#3646,.T.);
#2436=EDGE_CURVE('',#3087,#3088,#3647,.T.);
#2437=EDGE_CURVE('',#3088,#3089,#3648,.T.);
#2438=EDGE_CURVE('',#3089,#3086,#3649,.T.);
#2439=EDGE_CURVE('',#3090,#3075,#3650,.T.);
#2440=EDGE_CURVE('',#3068,#3090,#3651,.F.);
#2441=EDGE_CURVE('',#3091,#3073,#3652,.T.);
#2442=EDGE_CURVE('',#3091,#3074,#3653,.T.);
#2443=EDGE_CURVE('',#3090,#3079,#3654,.F.);
#2444=EDGE_CURVE('',#3091,#3090,#3655,.T.);
#2445=EDGE_CURVE('',#3076,#3091,#3656,.F.);
#2446=EDGE_CURVE('',#3068,#3079,#3657,.T.);
#2447=EDGE_CURVE('',#3076,#3073,#3658,.F.);
#2448=EDGE_CURVE('',#3069,#3078,#3659,.F.);
#2449=EDGE_CURVE('',#3070,#3069,#3660,.T.);
#2450=EDGE_CURVE('',#3072,#3071,#3661,.F.);
#2451=EDGE_CURVE('',#3077,#3072,#3662,.T.);
#2452=EDGE_CURVE('',#3070,#3078,#3663,.F.);
#2453=EDGE_CURVE('',#3077,#3071,#3664,.F.);
#2454=EDGE_CURVE('',#3082,#3081,#3665,.T.);
#2455=EDGE_CURVE('',#3083,#3088,#3666,.T.);
#2456=EDGE_CURVE('',#3089,#3082,#3667,.T.);
#2457=EDGE_CURVE('',#3092,#3083,#3668,.F.);
#2458=EDGE_CURVE('',#3010,#3092,#3669,.T.);
#2459=EDGE_CURVE('',#3089,#3081,#3670,.T.);
#2460=EDGE_CURVE('',#3092,#3088,#3671,.F.);
#2461=EDGE_CURVE('',#3080,#3085,#3672,.F.);
#2462=EDGE_CURVE('',#3086,#3080,#3673,.F.);
#2463=EDGE_CURVE('',#3093,#3087,#3674,.T.);
#2464=EDGE_CURVE('',#3092,#3093,#3675,.T.);
#2465=EDGE_CURVE('',#3093,#3011,#3676,.T.);
#2466=EDGE_CURVE('',#3084,#3093,#3677,.T.);
#2467=EDGE_CURVE('',#3086,#3085,#3678,.T.);
#2468=EDGE_CURVE('',#3084,#3087,#3679,.T.);
#2469=EDGE_CURVE('',#3094,#3095,#3680,.T.);
#2470=EDGE_CURVE('',#3094,#3096,#132,.T.);
#2471=EDGE_CURVE('',#3096,#3029,#3681,.T.);
#2472=EDGE_CURVE('',#3028,#3095,#244,.T.);
#2473=EDGE_CURVE('',#3024,#3097,#3682,.T.);
#2474=EDGE_CURVE('',#3098,#3097,#3683,.T.);
#2475=EDGE_CURVE('',#3025,#3098,#3684,.T.);
#2476=EDGE_CURVE('',#3099,#3100,#3685,.T.);
#2477=EDGE_CURVE('',#3099,#3094,#133,.T.);
#2478=EDGE_CURVE('',#3101,#3095,#3686,.T.);
#2479=EDGE_CURVE('',#3102,#3101,#3687,.T.);
#2480=EDGE_CURVE('',#3102,#3103,#245,.F.);
#2481=EDGE_CURVE('',#3103,#3104,#3688,.T.);
#2482=EDGE_CURVE('',#3104,#3105,#246,.F.);
#2483=EDGE_CURVE('',#3105,#3106,#3689,.T.);
#2484=EDGE_CURVE('',#3106,#3100,#3690,.T.);
#2485=EDGE_CURVE('',#3107,#3108,#3691,.T.);
#2486=EDGE_CURVE('',#3107,#3109,#3692,.T.);
#2487=EDGE_CURVE('',#3109,#3110,#3693,.T.);
#2488=EDGE_CURVE('',#3108,#3110,#3694,.T.);
#2489=EDGE_CURVE('',#3111,#3034,#3695,.T.);
#2490=EDGE_CURVE('',#3111,#3099,#134,.T.);
#2491=EDGE_CURVE('',#3100,#3022,#247,.T.);
#2492=EDGE_CURVE('',#3112,#3033,#3696,.T.);
#2493=EDGE_CURVE('',#3112,#3111,#135,.T.);
#2494=EDGE_CURVE('',#3113,#3032,#3697,.T.);
#2495=EDGE_CURVE('',#3113,#3112,#136,.T.);
#2496=EDGE_CURVE('',#3114,#3031,#3698,.T.);
#2497=EDGE_CURVE('',#3114,#3113,#137,.T.);
#2498=EDGE_CURVE('',#3115,#3030,#3699,.T.);
#2499=EDGE_CURVE('',#3115,#3114,#138,.T.);
#2500=EDGE_CURVE('',#3096,#3115,#139,.T.);
#2501=EDGE_CURVE('',#3052,#3016,#3700,.T.);
#2502=EDGE_CURVE('',#3017,#3051,#3701,.T.);
#2503=EDGE_CURVE('',#3018,#3050,#3702,.T.);
#2504=EDGE_CURVE('',#3053,#3015,#3703,.T.);
#2505=EDGE_CURVE('',#3019,#3049,#3704,.T.);
#2506=EDGE_CURVE('',#3046,#3014,#3705,.T.);
#2507=EDGE_CURVE('',#3020,#3048,#3706,.T.);
#2508=EDGE_CURVE('',#3047,#3013,#3707,.T.);
#2509=EDGE_CURVE('',#3043,#3094,#248,.T.);
#2510=EDGE_CURVE('',#3096,#3042,#249,.T.);
#2511=EDGE_CURVE('',#3115,#3041,#250,.T.);
#2512=EDGE_CURVE('',#3044,#3099,#251,.T.);
#2513=EDGE_CURVE('',#3114,#3040,#252,.T.);
#2514=EDGE_CURVE('',#3037,#3111,#253,.T.);
#2515=EDGE_CURVE('',#3113,#3039,#254,.T.);
#2516=EDGE_CURVE('',#3038,#3112,#255,.T.);
#2517=EDGE_CURVE('',#3028,#3101,#3708,.T.);
#2518=EDGE_CURVE('',#3023,#3116,#3709,.T.);
#2519=EDGE_CURVE('',#3116,#3097,#3710,.T.);
#2520=EDGE_CURVE('',#3022,#3106,#3711,.T.);
#2521=EDGE_CURVE('',#3105,#3117,#3712,.F.);
#2522=EDGE_CURVE('',#3117,#3021,#3713,.T.);
#2523=EDGE_CURVE('',#3118,#3119,#3714,.T.);
#2524=EDGE_CURVE('',#3119,#3104,#3715,.T.);
#2525=EDGE_CURVE('',#3103,#3118,#3716,.F.);
#2526=EDGE_CURVE('',#3120,#3027,#3717,.T.);
#2527=EDGE_CURVE('',#3120,#3102,#3718,.T.);
#2528=EDGE_CURVE('',#3121,#3098,#3719,.T.);
#2529=EDGE_CURVE('',#3026,#3121,#3720,.T.);
#2530=EDGE_CURVE('',#3122,#3123,#3721,.T.);
#2531=EDGE_CURVE('',#3122,#3124,#3722,.T.);
#2532=EDGE_CURVE('',#3124,#3125,#3723,.T.);
#2533=EDGE_CURVE('',#3121,#3125,#3724,.T.);
#2534=EDGE_CURVE('',#3116,#3123,#3725,.T.);
#2535=EDGE_CURVE('',#3126,#3127,#3726,.T.);
#2536=EDGE_CURVE('',#3126,#3128,#3727,.T.);
#2537=EDGE_CURVE('',#3128,#3129,#3728,.T.);
#2538=EDGE_CURVE('',#3129,#3130,#3729,.T.);
#2539=EDGE_CURVE('',#3130,#3107,#3730,.T.);
#2540=EDGE_CURVE('',#3131,#3108,#3731,.T.);
#2541=EDGE_CURVE('',#3127,#3131,#3732,.T.);
#2542=EDGE_CURVE('',#3132,#3110,#3733,.T.);
#2543=EDGE_CURVE('',#3131,#3132,#3734,.T.);
#2544=EDGE_CURVE('',#3133,#3109,#3735,.T.);
#2545=EDGE_CURVE('',#3133,#3132,#3736,.T.);
#2546=EDGE_CURVE('',#3130,#3133,#3737,.T.);
#2547=EDGE_CURVE('',#3117,#3119,#256,.T.);
#2548=EDGE_CURVE('',#3118,#3120,#257,.T.);
#2549=EDGE_CURVE('',#3125,#3127,#3738,.T.);
#2550=EDGE_CURVE('',#3123,#3129,#3739,.T.);
#2551=EDGE_CURVE('',#3128,#3122,#3740,.T.);
#2552=EDGE_CURVE('',#3124,#3126,#3741,.T.);
#2553=EDGE_CURVE('',#3092,#3090,#3742,.T.);
#2554=EDGE_CURVE('',#3075,#3010,#3743,.T.);
#2555=EDGE_CURVE('',#3093,#3128,#3744,.T.);
#2556=EDGE_CURVE('',#3122,#3011,#3745,.F.);
#2557=EDGE_CURVE('',#3124,#3074,#3746,.T.);
#2558=EDGE_CURVE('',#3091,#3126,#3747,.T.);
#2559=EDGE_CURVE('',#3134,#3135,#3748,.T.);
#2560=EDGE_CURVE('',#3135,#3136,#3749,.T.);
#2561=EDGE_CURVE('',#3136,#3137,#3750,.T.);
#2562=EDGE_CURVE('',#3134,#3137,#3751,.T.);
#2563=EDGE_CURVE('',#3138,#3139,#258,.T.);
#2564=EDGE_CURVE('',#3140,#3139,#3752,.T.);
#2565=EDGE_CURVE('',#3140,#3141,#259,.T.);
#2566=EDGE_CURVE('',#3142,#3141,#3753,.T.);
#2567=EDGE_CURVE('',#3142,#3143,#260,.T.);
#2568=EDGE_CURVE('',#3143,#3144,#3754,.T.);
#2569=EDGE_CURVE('',#3144,#3145,#261,.T.);
#2570=EDGE_CURVE('',#3145,#3138,#3755,.T.);
#2571=EDGE_CURVE('',#3146,#3147,#3756,.T.);
#2572=EDGE_CURVE('',#3146,#3148,#3757,.T.);
#2573=EDGE_CURVE('',#3148,#3149,#3758,.T.);
#2574=EDGE_CURVE('',#3150,#3149,#3759,.T.);
#2575=EDGE_CURVE('',#3151,#3150,#3760,.T.);
#2576=EDGE_CURVE('',#3152,#3151,#3761,.T.);
#2577=EDGE_CURVE('',#3152,#3153,#3762,.T.);
#2578=EDGE_CURVE('',#3154,#3153,#262,.T.);
#2579=EDGE_CURVE('',#3155,#3154,#3763,.T.);
#2580=EDGE_CURVE('',#3156,#3155,#263,.T.);
#2581=EDGE_CURVE('',#3156,#3157,#3764,.T.);
#2582=EDGE_CURVE('',#3158,#3157,#264,.T.);
#2583=EDGE_CURVE('',#3158,#3159,#3765,.T.);
#2584=EDGE_CURVE('',#3147,#3159,#265,.T.);
#2585=EDGE_CURVE('',#3160,#3161,#266,.F.);
#2586=EDGE_CURVE('',#3161,#3162,#3766,.T.);
#2587=EDGE_CURVE('',#3162,#3163,#267,.F.);
#2588=EDGE_CURVE('',#3163,#3164,#3767,.T.);
#2589=EDGE_CURVE('',#3164,#3165,#268,.F.);
#2590=EDGE_CURVE('',#3165,#3166,#3768,.T.);
#2591=EDGE_CURVE('',#3166,#3167,#269,.F.);
#2592=EDGE_CURVE('',#3167,#3160,#3769,.T.);
#2593=EDGE_CURVE('',#3168,#3169,#3770,.T.);
#2594=EDGE_CURVE('',#3168,#3170,#3771,.T.);
#2595=EDGE_CURVE('',#3170,#3171,#3772,.T.);
#2596=EDGE_CURVE('',#3171,#3134,#3773,.F.);
#2597=EDGE_CURVE('',#3137,#3172,#3774,.T.);
#2598=EDGE_CURVE('',#3173,#3172,#3775,.T.);
#2599=EDGE_CURVE('',#3173,#3169,#3776,.F.);
#2600=EDGE_CURVE('',#3174,#3175,#3777,.T.);
#2601=EDGE_CURVE('',#3174,#3176,#3778,.T.);
#2602=EDGE_CURVE('',#3176,#3177,#3779,.T.);
#2603=EDGE_CURVE('',#3177,#3178,#3780,.F.);
#2604=EDGE_CURVE('',#3178,#3179,#3781,.T.);
#2605=EDGE_CURVE('',#3179,#3180,#3782,.T.);
#2606=EDGE_CURVE('',#3181,#3180,#3783,.T.);
#2607=EDGE_CURVE('',#3181,#3175,#3784,.F.);
#2608=EDGE_CURVE('',#3175,#3182,#3785,.T.);
#2609=EDGE_CURVE('',#3182,#3183,#3786,.T.);
#2610=EDGE_CURVE('',#3183,#3174,#3787,.T.);
#2611=EDGE_CURVE('',#3184,#3185,#3788,.T.);
#2612=EDGE_CURVE('',#3185,#3177,#3789,.T.);
#2613=EDGE_CURVE('',#3176,#3184,#3790,.T.);
#2614=EDGE_CURVE('',#3178,#3186,#3791,.T.);
#2615=EDGE_CURVE('',#3186,#3187,#3792,.T.);
#2616=EDGE_CURVE('',#3187,#3179,#3793,.T.);
#2617=EDGE_CURVE('',#3180,#3188,#3794,.T.);
#2618=EDGE_CURVE('',#3188,#3189,#3795,.T.);
#2619=EDGE_CURVE('',#3189,#3181,#3796,.T.);
#2620=EDGE_CURVE('',#3190,#3191,#3797,.T.);
#2621=EDGE_CURVE('',#3191,#3192,#3798,.T.);
#2622=EDGE_CURVE('',#3192,#3193,#3799,.T.);
#2623=EDGE_CURVE('',#3193,#3190,#3800,.T.);
#2624=EDGE_CURVE('',#3169,#3194,#3801,.T.);
#2625=EDGE_CURVE('',#3194,#3195,#3802,.T.);
#2626=EDGE_CURVE('',#3195,#3168,#3803,.T.);
#2627=EDGE_CURVE('',#3196,#3197,#3804,.T.);
#2628=EDGE_CURVE('',#3197,#3171,#3805,.T.);
#2629=EDGE_CURVE('',#3170,#3196,#3806,.T.);
#2630=EDGE_CURVE('',#3172,#3198,#3807,.T.);
#2631=EDGE_CURVE('',#3198,#3199,#3808,.T.);
#2632=EDGE_CURVE('',#3199,#3173,#3809,.T.);
#2633=EDGE_CURVE('',#3200,#3201,#3810,.T.);
#2634=EDGE_CURVE('',#3201,#3202,#3811,.T.);
#2635=EDGE_CURVE('',#3202,#3203,#3812,.T.);
#2636=EDGE_CURVE('',#3203,#3200,#3813,.T.);
#2637=EDGE_CURVE('',#3204,#3189,#3814,.T.);
#2638=EDGE_CURVE('',#3182,#3204,#3815,.F.);
#2639=EDGE_CURVE('',#3205,#3187,#3816,.T.);
#2640=EDGE_CURVE('',#3205,#3188,#3817,.T.);
#2641=EDGE_CURVE('',#3204,#3193,#3818,.F.);
#2642=EDGE_CURVE('',#3205,#3204,#3819,.T.);
#2643=EDGE_CURVE('',#3190,#3205,#3820,.F.);
#2644=EDGE_CURVE('',#3182,#3193,#3821,.T.);
#2645=EDGE_CURVE('',#3190,#3187,#3822,.F.);
#2646=EDGE_CURVE('',#3183,#3192,#3823,.F.);
#2647=EDGE_CURVE('',#3184,#3183,#3824,.T.);
#2648=EDGE_CURVE('',#3186,#3185,#3825,.F.);
#2649=EDGE_CURVE('',#3191,#3186,#3826,.T.);
#2650=EDGE_CURVE('',#3184,#3192,#3827,.F.);
#2651=EDGE_CURVE('',#3191,#3185,#3828,.F.);
#2652=EDGE_CURVE('',#3196,#3195,#3829,.T.);
#2653=EDGE_CURVE('',#3197,#3202,#3830,.T.);
#2654=EDGE_CURVE('',#3203,#3196,#3831,.T.);
#2655=EDGE_CURVE('',#3206,#3197,#3832,.F.);
#2656=EDGE_CURVE('',#3135,#3206,#3833,.T.);
#2657=EDGE_CURVE('',#3203,#3195,#3834,.T.);
#2658=EDGE_CURVE('',#3206,#3202,#3835,.F.);
#2659=EDGE_CURVE('',#3194,#3199,#3836,.F.);
#2660=EDGE_CURVE('',#3200,#3194,#3837,.F.);
#2661=EDGE_CURVE('',#3207,#3201,#3838,.T.);
#2662=EDGE_CURVE('',#3206,#3207,#3839,.T.);
#2663=EDGE_CURVE('',#3207,#3136,#3840,.T.);
#2664=EDGE_CURVE('',#3198,#3207,#3841,.T.);
#2665=EDGE_CURVE('',#3200,#3199,#3842,.T.);
#2666=EDGE_CURVE('',#3198,#3201,#3843,.T.);
#2667=EDGE_CURVE('',#3208,#3209,#3844,.T.);
#2668=EDGE_CURVE('',#3208,#3210,#140,.T.);
#2669=EDGE_CURVE('',#3210,#3154,#3845,.T.);
#2670=EDGE_CURVE('',#3153,#3209,#270,.T.);
#2671=EDGE_CURVE('',#3149,#3211,#3846,.T.);
#2672=EDGE_CURVE('',#3212,#3211,#3847,.T.);
#2673=EDGE_CURVE('',#3150,#3212,#3848,.T.);
#2674=EDGE_CURVE('',#3213,#3214,#3849,.T.);
#2675=EDGE_CURVE('',#3213,#3208,#141,.T.);
#2676=EDGE_CURVE('',#3215,#3209,#3850,.T.);
#2677=EDGE_CURVE('',#3216,#3215,#3851,.T.);
#2678=EDGE_CURVE('',#3216,#3217,#271,.F.);
#2679=EDGE_CURVE('',#3217,#3218,#3852,.T.);
#2680=EDGE_CURVE('',#3218,#3219,#272,.F.);
#2681=EDGE_CURVE('',#3219,#3220,#3853,.T.);
#2682=EDGE_CURVE('',#3220,#3214,#3854,.T.);
#2683=EDGE_CURVE('',#3221,#3222,#3855,.T.);
#2684=EDGE_CURVE('',#3221,#3223,#3856,.T.);
#2685=EDGE_CURVE('',#3223,#3224,#3857,.T.);
#2686=EDGE_CURVE('',#3222,#3224,#3858,.T.);
#2687=EDGE_CURVE('',#3225,#3159,#3859,.T.);
#2688=EDGE_CURVE('',#3225,#3213,#142,.T.);
#2689=EDGE_CURVE('',#3214,#3147,#273,.T.);
#2690=EDGE_CURVE('',#3226,#3158,#3860,.T.);
#2691=EDGE_CURVE('',#3226,#3225,#143,.T.);
#2692=EDGE_CURVE('',#3227,#3157,#3861,.T.);
#2693=EDGE_CURVE('',#3227,#3226,#144,.T.);
#2694=EDGE_CURVE('',#3228,#3156,#3862,.T.);
#2695=EDGE_CURVE('',#3228,#3227,#145,.T.);
#2696=EDGE_CURVE('',#3229,#3155,#3863,.T.);
#2697=EDGE_CURVE('',#3229,#3228,#146,.T.);
#2698=EDGE_CURVE('',#3210,#3229,#147,.T.);
#2699=EDGE_CURVE('',#3166,#3141,#3864,.T.);
#2700=EDGE_CURVE('',#3142,#3165,#3865,.T.);
#2701=EDGE_CURVE('',#3143,#3164,#3866,.T.);
#2702=EDGE_CURVE('',#3167,#3140,#3867,.T.);
#2703=EDGE_CURVE('',#3144,#3163,#3868,.T.);
#2704=EDGE_CURVE('',#3160,#3139,#3869,.T.);
#2705=EDGE_CURVE('',#3145,#3162,#3870,.T.);
#2706=EDGE_CURVE('',#3161,#3138,#3871,.T.);
#2707=EDGE_CURVE('',#3230,#3231,#148,.T.);
#2708=EDGE_CURVE('',#3231,#3232,#149,.T.);
#2709=EDGE_CURVE('',#3232,#3233,#150,.T.);
#2710=EDGE_CURVE('',#3233,#3234,#151,.T.);
#2711=EDGE_CURVE('',#3234,#3235,#152,.T.);
#2712=EDGE_CURVE('',#3235,#3236,#153,.T.);
#2713=EDGE_CURVE('',#3236,#3237,#154,.T.);
#2714=EDGE_CURVE('',#3237,#3230,#155,.T.);
#2715=EDGE_CURVE('',#3236,#3208,#274,.T.);
#2716=EDGE_CURVE('',#3210,#3235,#275,.T.);
#2717=EDGE_CURVE('',#3229,#3234,#276,.T.);
#2718=EDGE_CURVE('',#3237,#3213,#277,.T.);
#2719=EDGE_CURVE('',#3228,#3233,#278,.T.);
#2720=EDGE_CURVE('',#3230,#3225,#279,.T.);
#2721=EDGE_CURVE('',#3227,#3232,#280,.T.);
#2722=EDGE_CURVE('',#3231,#3226,#281,.T.);
#2723=EDGE_CURVE('',#3153,#3215,#3872,.T.);
#2724=EDGE_CURVE('',#3148,#3238,#3873,.T.);
#2725=EDGE_CURVE('',#3238,#3211,#3874,.T.);
#2726=EDGE_CURVE('',#3147,#3220,#3875,.T.);
#2727=EDGE_CURVE('',#3219,#3239,#3876,.F.);
#2728=EDGE_CURVE('',#3239,#3146,#3877,.T.);
#2729=EDGE_CURVE('',#3240,#3241,#3878,.T.);
#2730=EDGE_CURVE('',#3241,#3218,#3879,.T.);
#2731=EDGE_CURVE('',#3217,#3240,#3880,.F.);
#2732=EDGE_CURVE('',#3242,#3152,#3881,.T.);
#2733=EDGE_CURVE('',#3242,#3216,#3882,.T.);
#2734=EDGE_CURVE('',#3243,#3212,#3883,.T.);
#2735=EDGE_CURVE('',#3151,#3243,#3884,.T.);
#2736=EDGE_CURVE('',#3244,#3245,#3885,.T.);
#2737=EDGE_CURVE('',#3244,#3246,#3886,.T.);
#2738=EDGE_CURVE('',#3246,#3247,#3887,.T.);
#2739=EDGE_CURVE('',#3243,#3247,#3888,.T.);
#2740=EDGE_CURVE('',#3238,#3245,#3889,.T.);
#2741=EDGE_CURVE('',#3248,#3249,#3890,.T.);
#2742=EDGE_CURVE('',#3248,#3250,#3891,.T.);
#2743=EDGE_CURVE('',#3250,#3251,#3892,.T.);
#2744=EDGE_CURVE('',#3251,#3252,#3893,.T.);
#2745=EDGE_CURVE('',#3252,#3221,#3894,.T.);
#2746=EDGE_CURVE('',#3253,#3222,#3895,.T.);
#2747=EDGE_CURVE('',#3249,#3253,#3896,.T.);
#2748=EDGE_CURVE('',#3254,#3224,#3897,.T.);
#2749=EDGE_CURVE('',#3253,#3254,#3898,.T.);
#2750=EDGE_CURVE('',#3255,#3223,#3899,.T.);
#2751=EDGE_CURVE('',#3255,#3254,#3900,.T.);
#2752=EDGE_CURVE('',#3252,#3255,#3901,.T.);
#2753=EDGE_CURVE('',#3239,#3241,#282,.T.);
#2754=EDGE_CURVE('',#3240,#3242,#283,.T.);
#2755=EDGE_CURVE('',#3247,#3249,#3902,.T.);
#2756=EDGE_CURVE('',#3245,#3251,#3903,.T.);
#2757=EDGE_CURVE('',#3250,#3244,#3904,.T.);
#2758=EDGE_CURVE('',#3246,#3248,#3905,.T.);
#2759=EDGE_CURVE('',#3206,#3204,#3906,.T.);
#2760=EDGE_CURVE('',#3189,#3135,#3907,.T.);
#2761=EDGE_CURVE('',#3207,#3250,#3908,.T.);
#2762=EDGE_CURVE('',#3244,#3136,#3909,.F.);
#2763=EDGE_CURVE('',#3246,#3188,#3910,.T.);
#2764=EDGE_CURVE('',#3205,#3248,#3911,.T.);
#2765=VERTEX_POINT('',#7805);
#2766=VERTEX_POINT('',#7806);
#2767=VERTEX_POINT('',#7808);
#2768=VERTEX_POINT('',#7810);
#2769=VERTEX_POINT('',#7814);
#2770=VERTEX_POINT('',#7815);
#2771=VERTEX_POINT('',#7817);
#2772=VERTEX_POINT('',#7819);
#2773=VERTEX_POINT('',#7821);
#2774=VERTEX_POINT('',#7823);
#2775=VERTEX_POINT('',#7825);
#2776=VERTEX_POINT('',#7827);
#2777=VERTEX_POINT('',#7830);
#2778=VERTEX_POINT('',#7831);
#2779=VERTEX_POINT('',#7833);
#2780=VERTEX_POINT('',#7835);
#2781=VERTEX_POINT('',#7837);
#2782=VERTEX_POINT('',#7839);
#2783=VERTEX_POINT('',#7841);
#2784=VERTEX_POINT('',#7843);
#2785=VERTEX_POINT('',#7845);
#2786=VERTEX_POINT('',#7847);
#2787=VERTEX_POINT('',#7849);
#2788=VERTEX_POINT('',#7851);
#2789=VERTEX_POINT('',#7853);
#2790=VERTEX_POINT('',#7855);
#2791=VERTEX_POINT('',#7859);
#2792=VERTEX_POINT('',#7860);
#2793=VERTEX_POINT('',#7862);
#2794=VERTEX_POINT('',#7864);
#2795=VERTEX_POINT('',#7866);
#2796=VERTEX_POINT('',#7868);
#2797=VERTEX_POINT('',#7870);
#2798=VERTEX_POINT('',#7872);
#2799=VERTEX_POINT('',#7875);
#2800=VERTEX_POINT('',#7876);
#2801=VERTEX_POINT('',#7878);
#2802=VERTEX_POINT('',#7880);
#2803=VERTEX_POINT('',#7883);
#2804=VERTEX_POINT('',#7885);
#2805=VERTEX_POINT('',#7888);
#2806=VERTEX_POINT('',#7889);
#2807=VERTEX_POINT('',#7891);
#2808=VERTEX_POINT('',#7893);
#2809=VERTEX_POINT('',#7895);
#2810=VERTEX_POINT('',#7897);
#2811=VERTEX_POINT('',#7899);
#2812=VERTEX_POINT('',#7901);
#2813=VERTEX_POINT('',#7905);
#2814=VERTEX_POINT('',#7907);
#2815=VERTEX_POINT('',#7911);
#2816=VERTEX_POINT('',#7912);
#2817=VERTEX_POINT('',#7917);
#2818=VERTEX_POINT('',#7919);
#2819=VERTEX_POINT('',#7923);
#2820=VERTEX_POINT('',#7925);
#2821=VERTEX_POINT('',#7929);
#2822=VERTEX_POINT('',#7930);
#2823=VERTEX_POINT('',#7932);
#2824=VERTEX_POINT('',#7934);
#2825=VERTEX_POINT('',#7938);
#2826=VERTEX_POINT('',#7940);
#2827=VERTEX_POINT('',#7944);
#2828=VERTEX_POINT('',#7945);
#2829=VERTEX_POINT('',#7950);
#2830=VERTEX_POINT('',#7952);
#2831=VERTEX_POINT('',#7956);
#2832=VERTEX_POINT('',#7957);
#2833=VERTEX_POINT('',#7959);
#2834=VERTEX_POINT('',#7961);
#2835=VERTEX_POINT('',#7965);
#2836=VERTEX_POINT('',#7969);
#2837=VERTEX_POINT('',#7999);
#2838=VERTEX_POINT('',#8011);
#2839=VERTEX_POINT('',#8023);
#2840=VERTEX_POINT('',#8024);
#2841=VERTEX_POINT('',#8030);
#2842=VERTEX_POINT('',#8035);
#2843=VERTEX_POINT('',#8037);
#2844=VERTEX_POINT('',#8040);
#2845=VERTEX_POINT('',#8041);
#2846=VERTEX_POINT('',#8048);
#2847=VERTEX_POINT('',#8050);
#2848=VERTEX_POINT('',#8052);
#2849=VERTEX_POINT('',#8054);
#2850=VERTEX_POINT('',#8056);
#2851=VERTEX_POINT('',#8058);
#2852=VERTEX_POINT('',#8061);
#2853=VERTEX_POINT('',#8062);
#2854=VERTEX_POINT('',#8064);
#2855=VERTEX_POINT('',#8066);
#2856=VERTEX_POINT('',#8070);
#2857=VERTEX_POINT('',#8079);
#2858=VERTEX_POINT('',#8087);
#2859=VERTEX_POINT('',#8095);
#2860=VERTEX_POINT('',#8103);
#2861=VERTEX_POINT('',#8171);
#2862=VERTEX_POINT('',#8172);
#2863=VERTEX_POINT('',#8177);
#2864=VERTEX_POINT('',#8183);
#2865=VERTEX_POINT('',#8188);
#2866=VERTEX_POINT('',#8194);
#2867=VERTEX_POINT('',#8200);
#2868=VERTEX_POINT('',#8206);
#2869=VERTEX_POINT('',#8362);
#2870=VERTEX_POINT('',#8368);
#2871=VERTEX_POINT('',#8372);
#2872=VERTEX_POINT('',#8373);
#2873=VERTEX_POINT('',#8378);
#2874=VERTEX_POINT('',#8382);
#2875=VERTEX_POINT('',#8386);
#2876=VERTEX_POINT('',#8387);
#2877=VERTEX_POINT('',#8389);
#2878=VERTEX_POINT('',#8391);
#2879=VERTEX_POINT('',#8396);
#2880=VERTEX_POINT('',#8397);
#2881=VERTEX_POINT('',#8399);
#2882=VERTEX_POINT('',#8401);
#2883=VERTEX_POINT('',#8403);
#2884=VERTEX_POINT('',#8406);
#2885=VERTEX_POINT('',#8410);
#2886=VERTEX_POINT('',#8414);
#2887=VERTEX_POINT('',#8443);
#2888=VERTEX_POINT('',#8444);
#2889=VERTEX_POINT('',#8446);
#2890=VERTEX_POINT('',#8448);
#2891=VERTEX_POINT('',#8452);
#2892=VERTEX_POINT('',#8453);
#2893=VERTEX_POINT('',#8455);
#2894=VERTEX_POINT('',#8457);
#2895=VERTEX_POINT('',#8459);
#2896=VERTEX_POINT('',#8461);
#2897=VERTEX_POINT('',#8463);
#2898=VERTEX_POINT('',#8465);
#2899=VERTEX_POINT('',#8468);
#2900=VERTEX_POINT('',#8469);
#2901=VERTEX_POINT('',#8471);
#2902=VERTEX_POINT('',#8473);
#2903=VERTEX_POINT('',#8475);
#2904=VERTEX_POINT('',#8477);
#2905=VERTEX_POINT('',#8479);
#2906=VERTEX_POINT('',#8481);
#2907=VERTEX_POINT('',#8483);
#2908=VERTEX_POINT('',#8485);
#2909=VERTEX_POINT('',#8487);
#2910=VERTEX_POINT('',#8489);
#2911=VERTEX_POINT('',#8491);
#2912=VERTEX_POINT('',#8493);
#2913=VERTEX_POINT('',#8497);
#2914=VERTEX_POINT('',#8498);
#2915=VERTEX_POINT('',#8500);
#2916=VERTEX_POINT('',#8502);
#2917=VERTEX_POINT('',#8504);
#2918=VERTEX_POINT('',#8506);
#2919=VERTEX_POINT('',#8508);
#2920=VERTEX_POINT('',#8510);
#2921=VERTEX_POINT('',#8513);
#2922=VERTEX_POINT('',#8514);
#2923=VERTEX_POINT('',#8516);
#2924=VERTEX_POINT('',#8518);
#2925=VERTEX_POINT('',#8521);
#2926=VERTEX_POINT('',#8523);
#2927=VERTEX_POINT('',#8526);
#2928=VERTEX_POINT('',#8527);
#2929=VERTEX_POINT('',#8529);
#2930=VERTEX_POINT('',#8531);
#2931=VERTEX_POINT('',#8533);
#2932=VERTEX_POINT('',#8535);
#2933=VERTEX_POINT('',#8537);
#2934=VERTEX_POINT('',#8539);
#2935=VERTEX_POINT('',#8543);
#2936=VERTEX_POINT('',#8545);
#2937=VERTEX_POINT('',#8549);
#2938=VERTEX_POINT('',#8550);
#2939=VERTEX_POINT('',#8555);
#2940=VERTEX_POINT('',#8557);
#2941=VERTEX_POINT('',#8561);
#2942=VERTEX_POINT('',#8563);
#2943=VERTEX_POINT('',#8567);
#2944=VERTEX_POINT('',#8568);
#2945=VERTEX_POINT('',#8570);
#2946=VERTEX_POINT('',#8572);
#2947=VERTEX_POINT('',#8576);
#2948=VERTEX_POINT('',#8578);
#2949=VERTEX_POINT('',#8582);
#2950=VERTEX_POINT('',#8583);
#2951=VERTEX_POINT('',#8588);
#2952=VERTEX_POINT('',#8590);
#2953=VERTEX_POINT('',#8594);
#2954=VERTEX_POINT('',#8595);
#2955=VERTEX_POINT('',#8597);
#2956=VERTEX_POINT('',#8599);
#2957=VERTEX_POINT('',#8603);
#2958=VERTEX_POINT('',#8607);
#2959=VERTEX_POINT('',#8637);
#2960=VERTEX_POINT('',#8649);
#2961=VERTEX_POINT('',#8661);
#2962=VERTEX_POINT('',#8662);
#2963=VERTEX_POINT('',#8668);
#2964=VERTEX_POINT('',#8673);
#2965=VERTEX_POINT('',#8675);
#2966=VERTEX_POINT('',#8678);
#2967=VERTEX_POINT('',#8679);
#2968=VERTEX_POINT('',#8686);
#2969=VERTEX_POINT('',#8688);
#2970=VERTEX_POINT('',#8690);
#2971=VERTEX_POINT('',#8692);
#2972=VERTEX_POINT('',#8694);
#2973=VERTEX_POINT('',#8696);
#2974=VERTEX_POINT('',#8699);
#2975=VERTEX_POINT('',#8700);
#2976=VERTEX_POINT('',#8702);
#2977=VERTEX_POINT('',#8704);
#2978=VERTEX_POINT('',#8708);
#2979=VERTEX_POINT('',#8717);
#2980=VERTEX_POINT('',#8725);
#2981=VERTEX_POINT('',#8733);
#2982=VERTEX_POINT('',#8741);
#2983=VERTEX_POINT('',#8809);
#2984=VERTEX_POINT('',#8810);
#2985=VERTEX_POINT('',#8815);
#2986=VERTEX_POINT('',#8821);
#2987=VERTEX_POINT('',#8826);
#2988=VERTEX_POINT('',#8832);
#2989=VERTEX_POINT('',#8838);
#2990=VERTEX_POINT('',#8844);
#2991=VERTEX_POINT('',#8994);
#2992=VERTEX_POINT('',#9000);
#2993=VERTEX_POINT('',#9004);
#2994=VERTEX_POINT('',#9005);
#2995=VERTEX_POINT('',#9010);
#2996=VERTEX_POINT('',#9014);
#2997=VERTEX_POINT('',#9018);
#2998=VERTEX_POINT('',#9019);
#2999=VERTEX_POINT('',#9021);
#3000=VERTEX_POINT('',#9023);
#3001=VERTEX_POINT('',#9028);
#3002=VERTEX_POINT('',#9029);
#3003=VERTEX_POINT('',#9031);
#3004=VERTEX_POINT('',#9033);
#3005=VERTEX_POINT('',#9035);
#3006=VERTEX_POINT('',#9038);
#3007=VERTEX_POINT('',#9042);
#3008=VERTEX_POINT('',#9046);
#3009=VERTEX_POINT('',#9075);
#3010=VERTEX_POINT('',#9076);
#3011=VERTEX_POINT('',#9078);
#3012=VERTEX_POINT('',#9080);
#3013=VERTEX_POINT('',#9084);
#3014=VERTEX_POINT('',#9085);
#3015=VERTEX_POINT('',#9087);
#3016=VERTEX_POINT('',#9089);
#3017=VERTEX_POINT('',#9091);
#3018=VERTEX_POINT('',#9093);
#3019=VERTEX_POINT('',#9095);
#3020=VERTEX_POINT('',#9097);
#3021=VERTEX_POINT('',#9100);
#3022=VERTEX_POINT('',#9101);
#3023=VERTEX_POINT('',#9103);
#3024=VERTEX_POINT('',#9105);
#3025=VERTEX_POINT('',#9107);
#3026=VERTEX_POINT('',#9109);
#3027=VERTEX_POINT('',#9111);
#3028=VERTEX_POINT('',#9113);
#3029=VERTEX_POINT('',#9115);
#3030=VERTEX_POINT('',#9117);
#3031=VERTEX_POINT('',#9119);
#3032=VERTEX_POINT('',#9121);
#3033=VERTEX_POINT('',#9123);
#3034=VERTEX_POINT('',#9125);
#3035=VERTEX_POINT('',#9173);
#3036=VERTEX_POINT('',#9185);
#3037=VERTEX_POINT('',#9191);
#3038=VERTEX_POINT('',#9192);
#3039=VERTEX_POINT('',#9198);
#3040=VERTEX_POINT('',#9204);
#3041=VERTEX_POINT('',#9210);
#3042=VERTEX_POINT('',#9216);
#3043=VERTEX_POINT('',#9222);
#3044=VERTEX_POINT('',#9228);
#3045=VERTEX_POINT('',#9245);
#3046=VERTEX_POINT('',#9248);
#3047=VERTEX_POINT('',#9249);
#3048=VERTEX_POINT('',#9251);
#3049=VERTEX_POINT('',#9253);
#3050=VERTEX_POINT('',#9255);
#3051=VERTEX_POINT('',#9257);
#3052=VERTEX_POINT('',#9259);
#3053=VERTEX_POINT('',#9261);
#3054=VERTEX_POINT('',#9264);
#3055=VERTEX_POINT('',#9265);
#3056=VERTEX_POINT('',#9267);
#3057=VERTEX_POINT('',#9269);
#3058=VERTEX_POINT('',#9272);
#3059=VERTEX_POINT('',#9274);
#3060=VERTEX_POINT('',#9277);
#3061=VERTEX_POINT('',#9278);
#3062=VERTEX_POINT('',#9280);
#3063=VERTEX_POINT('',#9282);
#3064=VERTEX_POINT('',#9284);
#3065=VERTEX_POINT('',#9286);
#3066=VERTEX_POINT('',#9288);
#3067=VERTEX_POINT('',#9290);
#3068=VERTEX_POINT('',#9294);
#3069=VERTEX_POINT('',#9296);
#3070=VERTEX_POINT('',#9300);
#3071=VERTEX_POINT('',#9301);
#3072=VERTEX_POINT('',#9306);
#3073=VERTEX_POINT('',#9308);
#3074=VERTEX_POINT('',#9312);
#3075=VERTEX_POINT('',#9314);
#3076=VERTEX_POINT('',#9318);
#3077=VERTEX_POINT('',#9319);
#3078=VERTEX_POINT('',#9321);
#3079=VERTEX_POINT('',#9323);
#3080=VERTEX_POINT('',#9327);
#3081=VERTEX_POINT('',#9329);
#3082=VERTEX_POINT('',#9333);
#3083=VERTEX_POINT('',#9334);
#3084=VERTEX_POINT('',#9339);
#3085=VERTEX_POINT('',#9341);
#3086=VERTEX_POINT('',#9345);
#3087=VERTEX_POINT('',#9346);
#3088=VERTEX_POINT('',#9348);
#3089=VERTEX_POINT('',#9350);
#3090=VERTEX_POINT('',#9354);
#3091=VERTEX_POINT('',#9358);
#3092=VERTEX_POINT('',#9388);
#3093=VERTEX_POINT('',#9400);
#3094=VERTEX_POINT('',#9412);
#3095=VERTEX_POINT('',#9413);
#3096=VERTEX_POINT('',#9419);
#3097=VERTEX_POINT('',#9424);
#3098=VERTEX_POINT('',#9426);
#3099=VERTEX_POINT('',#9429);
#3100=VERTEX_POINT('',#9430);
#3101=VERTEX_POINT('',#9437);
#3102=VERTEX_POINT('',#9439);
#3103=VERTEX_POINT('',#9441);
#3104=VERTEX_POINT('',#9443);
#3105=VERTEX_POINT('',#9445);
#3106=VERTEX_POINT('',#9447);
#3107=VERTEX_POINT('',#9450);
#3108=VERTEX_POINT('',#9451);
#3109=VERTEX_POINT('',#9453);
#3110=VERTEX_POINT('',#9455);
#3111=VERTEX_POINT('',#9459);
#3112=VERTEX_POINT('',#9468);
#3113=VERTEX_POINT('',#9476);
#3114=VERTEX_POINT('',#9484);
#3115=VERTEX_POINT('',#9492);
#3116=VERTEX_POINT('',#9679);
#3117=VERTEX_POINT('',#9685);
#3118=VERTEX_POINT('',#9689);
#3119=VERTEX_POINT('',#9690);
#3120=VERTEX_POINT('',#9695);
#3121=VERTEX_POINT('',#9699);
#3122=VERTEX_POINT('',#9703);
#3123=VERTEX_POINT('',#9704);
#3124=VERTEX_POINT('',#9706);
#3125=VERTEX_POINT('',#9708);
#3126=VERTEX_POINT('',#9713);
#3127=VERTEX_POINT('',#9714);
#3128=VERTEX_POINT('',#9716);
#3129=VERTEX_POINT('',#9718);
#3130=VERTEX_POINT('',#9720);
#3131=VERTEX_POINT('',#9723);
#3132=VERTEX_POINT('',#9727);
#3133=VERTEX_POINT('',#9731);
#3134=VERTEX_POINT('',#9760);
#3135=VERTEX_POINT('',#9761);
#3136=VERTEX_POINT('',#9763);
#3137=VERTEX_POINT('',#9765);
#3138=VERTEX_POINT('',#9769);
#3139=VERTEX_POINT('',#9770);
#3140=VERTEX_POINT('',#9772);
#3141=VERTEX_POINT('',#9774);
#3142=VERTEX_POINT('',#9776);
#3143=VERTEX_POINT('',#9778);
#3144=VERTEX_POINT('',#9780);
#3145=VERTEX_POINT('',#9782);
#3146=VERTEX_POINT('',#9785);
#3147=VERTEX_POINT('',#9786);
#3148=VERTEX_POINT('',#9788);
#3149=VERTEX_POINT('',#9790);
#3150=VERTEX_POINT('',#9792);
#3151=VERTEX_POINT('',#9794);
#3152=VERTEX_POINT('',#9796);
#3153=VERTEX_POINT('',#9798);
#3154=VERTEX_POINT('',#9800);
#3155=VERTEX_POINT('',#9802);
#3156=VERTEX_POINT('',#9804);
#3157=VERTEX_POINT('',#9806);
#3158=VERTEX_POINT('',#9808);
#3159=VERTEX_POINT('',#9810);
#3160=VERTEX_POINT('',#9814);
#3161=VERTEX_POINT('',#9815);
#3162=VERTEX_POINT('',#9817);
#3163=VERTEX_POINT('',#9819);
#3164=VERTEX_POINT('',#9821);
#3165=VERTEX_POINT('',#9823);
#3166=VERTEX_POINT('',#9825);
#3167=VERTEX_POINT('',#9827);
#3168=VERTEX_POINT('',#9830);
#3169=VERTEX_POINT('',#9831);
#3170=VERTEX_POINT('',#9833);
#3171=VERTEX_POINT('',#9835);
#3172=VERTEX_POINT('',#9838);
#3173=VERTEX_POINT('',#9840);
#3174=VERTEX_POINT('',#9843);
#3175=VERTEX_POINT('',#9844);
#3176=VERTEX_POINT('',#9846);
#3177=VERTEX_POINT('',#9848);
#3178=VERTEX_POINT('',#9850);
#3179=VERTEX_POINT('',#9852);
#3180=VERTEX_POINT('',#9854);
#3181=VERTEX_POINT('',#9856);
#3182=VERTEX_POINT('',#9860);
#3183=VERTEX_POINT('',#9862);
#3184=VERTEX_POINT('',#9866);
#3185=VERTEX_POINT('',#9867);
#3186=VERTEX_POINT('',#9872);
#3187=VERTEX_POINT('',#9874);
#3188=VERTEX_POINT('',#9878);
#3189=VERTEX_POINT('',#9880);
#3190=VERTEX_POINT('',#9884);
#3191=VERTEX_POINT('',#9885);
#3192=VERTEX_POINT('',#9887);
#3193=VERTEX_POINT('',#9889);
#3194=VERTEX_POINT('',#9893);
#3195=VERTEX_POINT('',#9895);
#3196=VERTEX_POINT('',#9899);
#3197=VERTEX_POINT('',#9900);
#3198=VERTEX_POINT('',#9905);
#3199=VERTEX_POINT('',#9907);
#3200=VERTEX_POINT('',#9911);
#3201=VERTEX_POINT('',#9912);
#3202=VERTEX_POINT('',#9914);
#3203=VERTEX_POINT('',#9916);
#3204=VERTEX_POINT('',#9920);
#3205=VERTEX_POINT('',#9924);
#3206=VERTEX_POINT('',#9954);
#3207=VERTEX_POINT('',#9966);
#3208=VERTEX_POINT('',#9978);
#3209=VERTEX_POINT('',#9979);
#3210=VERTEX_POINT('',#9985);
#3211=VERTEX_POINT('',#9990);
#3212=VERTEX_POINT('',#9992);
#3213=VERTEX_POINT('',#9995);
#3214=VERTEX_POINT('',#9996);
#3215=VERTEX_POINT('',#10003);
#3216=VERTEX_POINT('',#10005);
#3217=VERTEX_POINT('',#10007);
#3218=VERTEX_POINT('',#10009);
#3219=VERTEX_POINT('',#10011);
#3220=VERTEX_POINT('',#10013);
#3221=VERTEX_POINT('',#10016);
#3222=VERTEX_POINT('',#10017);
#3223=VERTEX_POINT('',#10019);
#3224=VERTEX_POINT('',#10021);
#3225=VERTEX_POINT('',#10025);
#3226=VERTEX_POINT('',#10034);
#3227=VERTEX_POINT('',#10042);
#3228=VERTEX_POINT('',#10050);
#3229=VERTEX_POINT('',#10058);
#3230=VERTEX_POINT('',#10126);
#3231=VERTEX_POINT('',#10127);
#3232=VERTEX_POINT('',#10133);
#3233=VERTEX_POINT('',#10139);
#3234=VERTEX_POINT('',#10145);
#3235=VERTEX_POINT('',#10151);
#3236=VERTEX_POINT('',#10157);
#3237=VERTEX_POINT('',#10163);
#3238=VERTEX_POINT('',#10325);
#3239=VERTEX_POINT('',#10331);
#3240=VERTEX_POINT('',#10335);
#3241=VERTEX_POINT('',#10336);
#3242=VERTEX_POINT('',#10341);
#3243=VERTEX_POINT('',#10345);
#3244=VERTEX_POINT('',#10349);
#3245=VERTEX_POINT('',#10350);
#3246=VERTEX_POINT('',#10352);
#3247=VERTEX_POINT('',#10354);
#3248=VERTEX_POINT('',#10359);
#3249=VERTEX_POINT('',#10360);
#3250=VERTEX_POINT('',#10362);
#3251=VERTEX_POINT('',#10364);
#3252=VERTEX_POINT('',#10366);
#3253=VERTEX_POINT('',#10369);
#3254=VERTEX_POINT('',#10373);
#3255=VERTEX_POINT('',#10377);
#3256=LINE('',#7804,#3912);
#3257=LINE('',#7807,#3913);
#3258=LINE('',#7809,#3914);
#3259=LINE('',#7811,#3915);
#3260=LINE('',#7816,#3916);
#3261=LINE('',#7820,#3917);
#3262=LINE('',#7824,#3918);
#3263=LINE('',#7828,#3919);
#3264=LINE('',#7829,#3920);
#3265=LINE('',#7832,#3921);
#3266=LINE('',#7834,#3922);
#3267=LINE('',#7836,#3923);
#3268=LINE('',#7838,#3924);
#3269=LINE('',#7840,#3925);
#3270=LINE('',#7842,#3926);
#3271=LINE('',#7846,#3927);
#3272=LINE('',#7850,#3928);
#3273=LINE('',#7854,#3929);
#3274=LINE('',#7861,#3930);
#3275=LINE('',#7865,#3931);
#3276=LINE('',#7869,#3932);
#3277=LINE('',#7873,#3933);
#3278=LINE('',#7874,#3934);
#3279=LINE('',#7877,#3935);
#3280=LINE('',#7879,#3936);
#3281=LINE('',#7881,#3937);
#3282=LINE('',#7882,#3938);
#3283=LINE('',#7884,#3939);
#3284=LINE('',#7886,#3940);
#3285=LINE('',#7887,#3941);
#3286=LINE('',#7890,#3942);
#3287=LINE('',#7892,#3943);
#3288=LINE('',#7894,#3944);
#3289=LINE('',#7896,#3945);
#3290=LINE('',#7898,#3946);
#3291=LINE('',#7900,#3947);
#3292=LINE('',#7902,#3948);
#3293=LINE('',#7904,#3949);
#3294=LINE('',#7906,#3950);
#3295=LINE('',#7908,#3951);
#3296=LINE('',#7910,#3952);
#3297=LINE('',#7913,#3953);
#3298=LINE('',#7914,#3954);
#3299=LINE('',#7916,#3955);
#3300=LINE('',#7918,#3956);
#3301=LINE('',#7920,#3957);
#3302=LINE('',#7922,#3958);
#3303=LINE('',#7924,#3959);
#3304=LINE('',#7926,#3960);
#3305=LINE('',#7928,#3961);
#3306=LINE('',#7931,#3962);
#3307=LINE('',#7933,#3963);
#3308=LINE('',#7935,#3964);
#3309=LINE('',#7937,#3965);
#3310=LINE('',#7939,#3966);
#3311=LINE('',#7941,#3967);
#3312=LINE('',#7943,#3968);
#3313=LINE('',#7946,#3969);
#3314=LINE('',#7947,#3970);
#3315=LINE('',#7949,#3971);
#3316=LINE('',#7951,#3972);
#3317=LINE('',#7953,#3973);
#3318=LINE('',#7955,#3974);
#3319=LINE('',#7958,#3975);
#3320=LINE('',#7960,#3976);
#3321=LINE('',#7962,#3977);
#3322=LINE('',#7964,#3978);
#3323=LINE('',#7966,#3979);
#3324=LINE('',#7968,#3980);
#3325=LINE('',#7970,#3981);
#3326=LINE('',#7972,#3982);
#3327=LINE('',#7973,#3983);
#3328=LINE('',#7974,#3984);
#3329=LINE('',#7976,#3985);
#3330=LINE('',#7978,#3986);
#3331=LINE('',#7980,#3987);
#3332=LINE('',#7982,#3988);
#3333=LINE('',#7984,#3989);
#3334=LINE('',#7986,#3990);
#3335=LINE('',#7988,#3991);
#3336=LINE('',#7990,#3992);
#3337=LINE('',#7993,#3993);
#3338=LINE('',#7995,#3994);
#3339=LINE('',#7996,#3995);
#3340=LINE('',#7998,#3996);
#3341=LINE('',#8000,#3997);
#3342=LINE('',#8002,#3998);
#3343=LINE('',#8004,#3999);
#3344=LINE('',#8006,#4000);
#3345=LINE('',#8008,#4001);
#3346=LINE('',#8010,#4002);
#3347=LINE('',#8012,#4003);
#3348=LINE('',#8014,#4004);
#3349=LINE('',#8015,#4005);
#3350=LINE('',#8017,#4006);
#3351=LINE('',#8019,#4007);
#3352=LINE('',#8022,#4008);
#3353=LINE('',#8031,#4009);
#3354=LINE('',#8034,#4010);
#3355=LINE('',#8036,#4011);
#3356=LINE('',#8038,#4012);
#3357=LINE('',#8039,#4013);
#3358=LINE('',#8047,#4014);
#3359=LINE('',#8049,#4015);
#3360=LINE('',#8053,#4016);
#3361=LINE('',#8057,#4017);
#3362=LINE('',#8059,#4018);
#3363=LINE('',#8060,#4019);
#3364=LINE('',#8063,#4020);
#3365=LINE('',#8065,#4021);
#3366=LINE('',#8067,#4022);
#3367=LINE('',#8069,#4023);
#3368=LINE('',#8078,#4024);
#3369=LINE('',#8086,#4025);
#3370=LINE('',#8094,#4026);
#3371=LINE('',#8102,#4027);
#3372=LINE('',#8116,#4028);
#3373=LINE('',#8117,#4029);
#3374=LINE('',#8119,#4030);
#3375=LINE('',#8121,#4031);
#3376=LINE('',#8123,#4032);
#3377=LINE('',#8125,#4033);
#3378=LINE('',#8127,#4034);
#3379=LINE('',#8129,#4035);
#3380=LINE('',#8359,#4036);
#3381=LINE('',#8361,#4037);
#3382=LINE('',#8363,#4038);
#3383=LINE('',#8365,#4039);
#3384=LINE('',#8367,#4040);
#3385=LINE('',#8369,#4041);
#3386=LINE('',#8371,#4042);
#3387=LINE('',#8374,#4043);
#3388=LINE('',#8375,#4044);
#3389=LINE('',#8377,#4045);
#3390=LINE('',#8379,#4046);
#3391=LINE('',#8381,#4047);
#3392=LINE('',#8383,#4048);
#3393=LINE('',#8385,#4049);
#3394=LINE('',#8388,#4050);
#3395=LINE('',#8390,#4051);
#3396=LINE('',#8392,#4052);
#3397=LINE('',#8393,#4053);
#3398=LINE('',#8395,#4054);
#3399=LINE('',#8398,#4055);
#3400=LINE('',#8400,#4056);
#3401=LINE('',#8402,#4057);
#3402=LINE('',#8404,#4058);
#3403=LINE('',#8405,#4059);
#3404=LINE('',#8407,#4060);
#3405=LINE('',#8409,#4061);
#3406=LINE('',#8411,#4062);
#3407=LINE('',#8413,#4063);
#3408=LINE('',#8415,#4064);
#3409=LINE('',#8417,#4065);
#3410=LINE('',#8421,#4066);
#3411=LINE('',#8422,#4067);
#3412=LINE('',#8424,#4068);
#3413=LINE('',#8426,#4069);
#3414=LINE('',#8428,#4070);
#3415=LINE('',#8429,#4071);
#3416=LINE('',#8433,#4072);
#3417=LINE('',#8434,#4073);
#3418=LINE('',#8436,#4074);
#3419=LINE('',#8438,#4075);
#3420=LINE('',#8442,#4076);
#3421=LINE('',#8445,#4077);
#3422=LINE('',#8447,#4078);
#3423=LINE('',#8449,#4079);
#3424=LINE('',#8454,#4080);
#3425=LINE('',#8458,#4081);
#3426=LINE('',#8462,#4082);
#3427=LINE('',#8466,#4083);
#3428=LINE('',#8467,#4084);
#3429=LINE('',#8470,#4085);
#3430=LINE('',#8472,#4086);
#3431=LINE('',#8474,#4087);
#3432=LINE('',#8476,#4088);
#3433=LINE('',#8478,#4089);
#3434=LINE('',#8480,#4090);
#3435=LINE('',#8484,#4091);
#3436=LINE('',#8488,#4092);
#3437=LINE('',#8492,#4093);
#3438=LINE('',#8499,#4094);
#3439=LINE('',#8503,#4095);
#3440=LINE('',#8507,#4096);
#3441=LINE('',#8511,#4097);
#3442=LINE('',#8512,#4098);
#3443=LINE('',#8515,#4099);
#3444=LINE('',#8517,#4100);
#3445=LINE('',#8519,#4101);
#3446=LINE('',#8520,#4102);
#3447=LINE('',#8522,#4103);
#3448=LINE('',#8524,#4104);
#3449=LINE('',#8525,#4105);
#3450=LINE('',#8528,#4106);
#3451=LINE('',#8530,#4107);
#3452=LINE('',#8532,#4108);
#3453=LINE('',#8534,#4109);
#3454=LINE('',#8536,#4110);
#3455=LINE('',#8538,#4111);
#3456=LINE('',#8540,#4112);
#3457=LINE('',#8542,#4113);
#3458=LINE('',#8544,#4114);
#3459=LINE('',#8546,#4115);
#3460=LINE('',#8548,#4116);
#3461=LINE('',#8551,#4117);
#3462=LINE('',#8552,#4118);
#3463=LINE('',#8554,#4119);
#3464=LINE('',#8556,#4120);
#3465=LINE('',#8558,#4121);
#3466=LINE('',#8560,#4122);
#3467=LINE('',#8562,#4123);
#3468=LINE('',#8564,#4124);
#3469=LINE('',#8566,#4125);
#3470=LINE('',#8569,#4126);
#3471=LINE('',#8571,#4127);
#3472=LINE('',#8573,#4128);
#3473=LINE('',#8575,#4129);
#3474=LINE('',#8577,#4130);
#3475=LINE('',#8579,#4131);
#3476=LINE('',#8581,#4132);
#3477=LINE('',#8584,#4133);
#3478=LINE('',#8585,#4134);
#3479=LINE('',#8587,#4135);
#3480=LINE('',#8589,#4136);
#3481=LINE('',#8591,#4137);
#3482=LINE('',#8593,#4138);
#3483=LINE('',#8596,#4139);
#3484=LINE('',#8598,#4140);
#3485=LINE('',#8600,#4141);
#3486=LINE('',#8602,#4142);
#3487=LINE('',#8604,#4143);
#3488=LINE('',#8606,#4144);
#3489=LINE('',#8608,#4145);
#3490=LINE('',#8610,#4146);
#3491=LINE('',#8611,#4147);
#3492=LINE('',#8612,#4148);
#3493=LINE('',#8614,#4149);
#3494=LINE('',#8616,#4150);
#3495=LINE('',#8618,#4151);
#3496=LINE('',#8620,#4152);
#3497=LINE('',#8622,#4153);
#3498=LINE('',#8624,#4154);
#3499=LINE('',#8626,#4155);
#3500=LINE('',#8628,#4156);
#3501=LINE('',#8631,#4157);
#3502=LINE('',#8633,#4158);
#3503=LINE('',#8634,#4159);
#3504=LINE('',#8636,#4160);
#3505=LINE('',#8638,#4161);
#3506=LINE('',#8640,#4162);
#3507=LINE('',#8642,#4163);
#3508=LINE('',#8644,#4164);
#3509=LINE('',#8646,#4165);
#3510=LINE('',#8648,#4166);
#3511=LINE('',#8650,#4167);
#3512=LINE('',#8652,#4168);
#3513=LINE('',#8653,#4169);
#3514=LINE('',#8655,#4170);
#3515=LINE('',#8657,#4171);
#3516=LINE('',#8660,#4172);
#3517=LINE('',#8669,#4173);
#3518=LINE('',#8672,#4174);
#3519=LINE('',#8674,#4175);
#3520=LINE('',#8676,#4176);
#3521=LINE('',#8677,#4177);
#3522=LINE('',#8685,#4178);
#3523=LINE('',#8687,#4179);
#3524=LINE('',#8691,#4180);
#3525=LINE('',#8695,#4181);
#3526=LINE('',#8697,#4182);
#3527=LINE('',#8698,#4183);
#3528=LINE('',#8701,#4184);
#3529=LINE('',#8703,#4185);
#3530=LINE('',#8705,#4186);
#3531=LINE('',#8707,#4187);
#3532=LINE('',#8716,#4188);
#3533=LINE('',#8724,#4189);
#3534=LINE('',#8732,#4190);
#3535=LINE('',#8740,#4191);
#3536=LINE('',#8754,#4192);
#3537=LINE('',#8755,#4193);
#3538=LINE('',#8757,#4194);
#3539=LINE('',#8759,#4195);
#3540=LINE('',#8761,#4196);
#3541=LINE('',#8763,#4197);
#3542=LINE('',#8765,#4198);
#3543=LINE('',#8767,#4199);
#3544=LINE('',#8991,#4200);
#3545=LINE('',#8993,#4201);
#3546=LINE('',#8995,#4202);
#3547=LINE('',#8997,#4203);
#3548=LINE('',#8999,#4204);
#3549=LINE('',#9001,#4205);
#3550=LINE('',#9003,#4206);
#3551=LINE('',#9006,#4207);
#3552=LINE('',#9007,#4208);
#3553=LINE('',#9009,#4209);
#3554=LINE('',#9011,#4210);
#3555=LINE('',#9013,#4211);
#3556=LINE('',#9015,#4212);
#3557=LINE('',#9017,#4213);
#3558=LINE('',#9020,#4214);
#3559=LINE('',#9022,#4215);
#3560=LINE('',#9024,#4216);
#3561=LINE('',#9025,#4217);
#3562=LINE('',#9027,#4218);
#3563=LINE('',#9030,#4219);
#3564=LINE('',#9032,#4220);
#3565=LINE('',#9034,#4221);
#3566=LINE('',#9036,#4222);
#3567=LINE('',#9037,#4223);
#3568=LINE('',#9039,#4224);
#3569=LINE('',#9041,#4225);
#3570=LINE('',#9043,#4226);
#3571=LINE('',#9045,#4227);
#3572=LINE('',#9047,#4228);
#3573=LINE('',#9049,#4229);
#3574=LINE('',#9053,#4230);
#3575=LINE('',#9054,#4231);
#3576=LINE('',#9056,#4232);
#3577=LINE('',#9058,#4233);
#3578=LINE('',#9060,#4234);
#3579=LINE('',#9061,#4235);
#3580=LINE('',#9065,#4236);
#3581=LINE('',#9066,#4237);
#3582=LINE('',#9068,#4238);
#3583=LINE('',#9070,#4239);
#3584=LINE('',#9074,#4240);
#3585=LINE('',#9077,#4241);
#3586=LINE('',#9079,#4242);
#3587=LINE('',#9081,#4243);
#3588=LINE('',#9086,#4244);
#3589=LINE('',#9090,#4245);
#3590=LINE('',#9094,#4246);
#3591=LINE('',#9098,#4247);
#3592=LINE('',#9099,#4248);
#3593=LINE('',#9102,#4249);
#3594=LINE('',#9104,#4250);
#3595=LINE('',#9106,#4251);
#3596=LINE('',#9108,#4252);
#3597=LINE('',#9110,#4253);
#3598=LINE('',#9112,#4254);
#3599=LINE('',#9116,#4255);
#3600=LINE('',#9120,#4256);
#3601=LINE('',#9124,#4257);
#3602=LINE('',#9250,#4258);
#3603=LINE('',#9254,#4259);
#3604=LINE('',#9258,#4260);
#3605=LINE('',#9262,#4261);
#3606=LINE('',#9263,#4262);
#3607=LINE('',#9266,#4263);
#3608=LINE('',#9268,#4264);
#3609=LINE('',#9270,#4265);
#3610=LINE('',#9271,#4266);
#3611=LINE('',#9273,#4267);
#3612=LINE('',#9275,#4268);
#3613=LINE('',#9276,#4269);
#3614=LINE('',#9279,#4270);
#3615=LINE('',#9281,#4271);
#3616=LINE('',#9283,#4272);
#3617=LINE('',#9285,#4273);
#3618=LINE('',#9287,#4274);
#3619=LINE('',#9289,#4275);
#3620=LINE('',#9291,#4276);
#3621=LINE('',#9293,#4277);
#3622=LINE('',#9295,#4278);
#3623=LINE('',#9297,#4279);
#3624=LINE('',#9299,#4280);
#3625=LINE('',#9302,#4281);
#3626=LINE('',#9303,#4282);
#3627=LINE('',#9305,#4283);
#3628=LINE('',#9307,#4284);
#3629=LINE('',#9309,#4285);
#3630=LINE('',#9311,#4286);
#3631=LINE('',#9313,#4287);
#3632=LINE('',#9315,#4288);
#3633=LINE('',#9317,#4289);
#3634=LINE('',#9320,#4290);
#3635=LINE('',#9322,#4291);
#3636=LINE('',#9324,#4292);
#3637=LINE('',#9326,#4293);
#3638=LINE('',#9328,#4294);
#3639=LINE('',#9330,#4295);
#3640=LINE('',#9332,#4296);
#3641=LINE('',#9335,#4297);
#3642=LINE('',#9336,#4298);
#3643=LINE('',#9338,#4299);
#3644=LINE('',#9340,#4300);
#3645=LINE('',#9342,#4301);
#3646=LINE('',#9344,#4302);
#3647=LINE('',#9347,#4303);
#3648=LINE('',#9349,#4304);
#3649=LINE('',#9351,#4305);
#3650=LINE('',#9353,#4306);
#3651=LINE('',#9355,#4307);
#3652=LINE('',#9357,#4308);
#3653=LINE('',#9359,#4309);
#3654=LINE('',#9361,#4310);
#3655=LINE('',#9362,#4311);
#3656=LINE('',#9363,#4312);
#3657=LINE('',#9365,#4313);
#3658=LINE('',#9367,#4314);
#3659=LINE('',#9369,#4315);
#3660=LINE('',#9371,#4316);
#3661=LINE('',#9373,#4317);
#3662=LINE('',#9375,#4318);
#3663=LINE('',#9377,#4319);
#3664=LINE('',#9379,#4320);
#3665=LINE('',#9382,#4321);
#3666=LINE('',#9384,#4322);
#3667=LINE('',#9385,#4323);
#3668=LINE('',#9387,#4324);
#3669=LINE('',#9389,#4325);
#3670=LINE('',#9391,#4326);
#3671=LINE('',#9393,#4327);
#3672=LINE('',#9395,#4328);
#3673=LINE('',#9397,#4329);
#3674=LINE('',#9399,#4330);
#3675=LINE('',#9401,#4331);
#3676=LINE('',#9403,#4332);
#3677=LINE('',#9404,#4333);
#3678=LINE('',#9406,#4334);
#3679=LINE('',#9408,#4335);
#3680=LINE('',#9411,#4336);
#3681=LINE('',#9420,#4337);
#3682=LINE('',#9423,#4338);
#3683=LINE('',#9425,#4339);
#3684=LINE('',#9427,#4340);
#3685=LINE('',#9428,#4341);
#3686=LINE('',#9436,#4342);
#3687=LINE('',#9438,#4343);
#3688=LINE('',#9442,#4344);
#3689=LINE('',#9446,#4345);
#3690=LINE('',#9448,#4346);
#3691=LINE('',#9449,#4347);
#3692=LINE('',#9452,#4348);
#3693=LINE('',#9454,#4349);
#3694=LINE('',#9456,#4350);
#3695=LINE('',#9458,#4351);
#3696=LINE('',#9467,#4352);
#3697=LINE('',#9475,#4353);
#3698=LINE('',#9483,#4354);
#3699=LINE('',#9491,#4355);
#3700=LINE('',#9505,#4356);
#3701=LINE('',#9506,#4357);
#3702=LINE('',#9508,#4358);
#3703=LINE('',#9510,#4359);
#3704=LINE('',#9512,#4360);
#3705=LINE('',#9514,#4361);
#3706=LINE('',#9516,#4362);
#3707=LINE('',#9518,#4363);
#3708=LINE('',#9676,#4364);
#3709=LINE('',#9678,#4365);
#3710=LINE('',#9680,#4366);
#3711=LINE('',#9682,#4367);
#3712=LINE('',#9684,#4368);
#3713=LINE('',#9686,#4369);
#3714=LINE('',#9688,#4370);
#3715=LINE('',#9691,#4371);
#3716=LINE('',#9692,#4372);
#3717=LINE('',#9694,#4373);
#3718=LINE('',#9696,#4374);
#3719=LINE('',#9698,#4375);
#3720=LINE('',#9700,#4376);
#3721=LINE('',#9702,#4377);
#3722=LINE('',#9705,#4378);
#3723=LINE('',#9707,#4379);
#3724=LINE('',#9709,#4380);
#3725=LINE('',#9710,#4381);
#3726=LINE('',#9712,#4382);
#3727=LINE('',#9715,#4383);
#3728=LINE('',#9717,#4384);
#3729=LINE('',#9719,#4385);
#3730=LINE('',#9721,#4386);
#3731=LINE('',#9722,#4387);
#3732=LINE('',#9724,#4388);
#3733=LINE('',#9726,#4389);
#3734=LINE('',#9728,#4390);
#3735=LINE('',#9730,#4391);
#3736=LINE('',#9732,#4392);
#3737=LINE('',#9734,#4393);
#3738=LINE('',#9738,#4394);
#3739=LINE('',#9739,#4395);
#3740=LINE('',#9741,#4396);
#3741=LINE('',#9743,#4397);
#3742=LINE('',#9745,#4398);
#3743=LINE('',#9746,#4399);
#3744=LINE('',#9750,#4400);
#3745=LINE('',#9751,#4401);
#3746=LINE('',#9753,#4402);
#3747=LINE('',#9755,#4403);
#3748=LINE('',#9759,#4404);
#3749=LINE('',#9762,#4405);
#3750=LINE('',#9764,#4406);
#3751=LINE('',#9766,#4407);
#3752=LINE('',#9771,#4408);
#3753=LINE('',#9775,#4409);
#3754=LINE('',#9779,#4410);
#3755=LINE('',#9783,#4411);
#3756=LINE('',#9784,#4412);
#3757=LINE('',#9787,#4413);
#3758=LINE('',#9789,#4414);
#3759=LINE('',#9791,#4415);
#3760=LINE('',#9793,#4416);
#3761=LINE('',#9795,#4417);
#3762=LINE('',#9797,#4418);
#3763=LINE('',#9801,#4419);
#3764=LINE('',#9805,#4420);
#3765=LINE('',#9809,#4421);
#3766=LINE('',#9816,#4422);
#3767=LINE('',#9820,#4423);
#3768=LINE('',#9824,#4424);
#3769=LINE('',#9828,#4425);
#3770=LINE('',#9829,#4426);
#3771=LINE('',#9832,#4427);
#3772=LINE('',#9834,#4428);
#3773=LINE('',#9836,#4429);
#3774=LINE('',#9837,#4430);
#3775=LINE('',#9839,#4431);
#3776=LINE('',#9841,#4432);
#3777=LINE('',#9842,#4433);
#3778=LINE('',#9845,#4434);
#3779=LINE('',#9847,#4435);
#3780=LINE('',#9849,#4436);
#3781=LINE('',#9851,#4437);
#3782=LINE('',#9853,#4438);
#3783=LINE('',#9855,#4439);
#3784=LINE('',#9857,#4440);
#3785=LINE('',#9859,#4441);
#3786=LINE('',#9861,#4442);
#3787=LINE('',#9863,#4443);
#3788=LINE('',#9865,#4444);
#3789=LINE('',#9868,#4445);
#3790=LINE('',#9869,#4446);
#3791=LINE('',#9871,#4447);
#3792=LINE('',#9873,#4448);
#3793=LINE('',#9875,#4449);
#3794=LINE('',#9877,#4450);
#3795=LINE('',#9879,#4451);
#3796=LINE('',#9881,#4452);
#3797=LINE('',#9883,#4453);
#3798=LINE('',#9886,#4454);
#3799=LINE('',#9888,#4455);
#3800=LINE('',#9890,#4456);
#3801=LINE('',#9892,#4457);
#3802=LINE('',#9894,#4458);
#3803=LINE('',#9896,#4459);
#3804=LINE('',#9898,#4460);
#3805=LINE('',#9901,#4461);
#3806=LINE('',#9902,#4462);
#3807=LINE('',#9904,#4463);
#3808=LINE('',#9906,#4464);
#3809=LINE('',#9908,#4465);
#3810=LINE('',#9910,#4466);
#3811=LINE('',#9913,#4467);
#3812=LINE('',#9915,#4468);
#3813=LINE('',#9917,#4469);
#3814=LINE('',#9919,#4470);
#3815=LINE('',#9921,#4471);
#3816=LINE('',#9923,#4472);
#3817=LINE('',#9925,#4473);
#3818=LINE('',#9927,#4474);
#3819=LINE('',#9928,#4475);
#3820=LINE('',#9929,#4476);
#3821=LINE('',#9931,#4477);
#3822=LINE('',#9933,#4478);
#3823=LINE('',#9935,#4479);
#3824=LINE('',#9937,#4480);
#3825=LINE('',#9939,#4481);
#3826=LINE('',#9941,#4482);
#3827=LINE('',#9943,#4483);
#3828=LINE('',#9945,#4484);
#3829=LINE('',#9948,#4485);
#3830=LINE('',#9950,#4486);
#3831=LINE('',#9951,#4487);
#3832=LINE('',#9953,#4488);
#3833=LINE('',#9955,#4489);
#3834=LINE('',#9957,#4490);
#3835=LINE('',#9959,#4491);
#3836=LINE('',#9961,#4492);
#3837=LINE('',#9963,#4493);
#3838=LINE('',#9965,#4494);
#3839=LINE('',#9967,#4495);
#3840=LINE('',#9969,#4496);
#3841=LINE('',#9970,#4497);
#3842=LINE('',#9972,#4498);
#3843=LINE('',#9974,#4499);
#3844=LINE('',#9977,#4500);
#3845=LINE('',#9986,#4501);
#3846=LINE('',#9989,#4502);
#3847=LINE('',#9991,#4503);
#3848=LINE('',#9993,#4504);
#3849=LINE('',#9994,#4505);
#3850=LINE('',#10002,#4506);
#3851=LINE('',#10004,#4507);
#3852=LINE('',#10008,#4508);
#3853=LINE('',#10012,#4509);
#3854=LINE('',#10014,#4510);
#3855=LINE('',#10015,#4511);
#3856=LINE('',#10018,#4512);
#3857=LINE('',#10020,#4513);
#3858=LINE('',#10022,#4514);
#3859=LINE('',#10024,#4515);
#3860=LINE('',#10033,#4516);
#3861=LINE('',#10041,#4517);
#3862=LINE('',#10049,#4518);
#3863=LINE('',#10057,#4519);
#3864=LINE('',#10071,#4520);
#3865=LINE('',#10072,#4521);
#3866=LINE('',#10074,#4522);
#3867=LINE('',#10076,#4523);
#3868=LINE('',#10078,#4524);
#3869=LINE('',#10080,#4525);
#3870=LINE('',#10082,#4526);
#3871=LINE('',#10084,#4527);
#3872=LINE('',#10322,#4528);
#3873=LINE('',#10324,#4529);
#3874=LINE('',#10326,#4530);
#3875=LINE('',#10328,#4531);
#3876=LINE('',#10330,#4532);
#3877=LINE('',#10332,#4533);
#3878=LINE('',#10334,#4534);
#3879=LINE('',#10337,#4535);
#3880=LINE('',#10338,#4536);
#3881=LINE('',#10340,#4537);
#3882=LINE('',#10342,#4538);
#3883=LINE('',#10344,#4539);
#3884=LINE('',#10346,#4540);
#3885=LINE('',#10348,#4541);
#3886=LINE('',#10351,#4542);
#3887=LINE('',#10353,#4543);
#3888=LINE('',#10355,#4544);
#3889=LINE('',#10356,#4545);
#3890=LINE('',#10358,#4546);
#3891=LINE('',#10361,#4547);
#3892=LINE('',#10363,#4548);
#3893=LINE('',#10365,#4549);
#3894=LINE('',#10367,#4550);
#3895=LINE('',#10368,#4551);
#3896=LINE('',#10370,#4552);
#3897=LINE('',#10372,#4553);
#3898=LINE('',#10374,#4554);
#3899=LINE('',#10376,#4555);
#3900=LINE('',#10378,#4556);
#3901=LINE('',#10380,#4557);
#3902=LINE('',#10384,#4558);
#3903=LINE('',#10385,#4559);
#3904=LINE('',#10387,#4560);
#3905=LINE('',#10389,#4561);
#3906=LINE('',#10391,#4562);
#3907=LINE('',#10392,#4563);
#3908=LINE('',#10396,#4564);
#3909=LINE('',#10397,#4565);
#3910=LINE('',#10399,#4566);
#3911=LINE('',#10401,#4567);
#3912=VECTOR('',#6334,1.);
#3913=VECTOR('',#6335,1.);
#3914=VECTOR('',#6336,1.);
#3915=VECTOR('',#6337,1.);
#3916=VECTOR('',#6342,1.);
#3917=VECTOR('',#6345,1.);
#3918=VECTOR('',#6348,1.);
#3919=VECTOR('',#6351,1.);
#3920=VECTOR('',#6352,1.);
#3921=VECTOR('',#6353,1.);
#3922=VECTOR('',#6354,1.);
#3923=VECTOR('',#6355,1.);
#3924=VECTOR('',#6356,1.);
#3925=VECTOR('',#6357,1.);
#3926=VECTOR('',#6358,1.);
#3927=VECTOR('',#6361,1.);
#3928=VECTOR('',#6364,1.);
#3929=VECTOR('',#6367,1.);
#3930=VECTOR('',#6374,1.);
#3931=VECTOR('',#6377,1.);
#3932=VECTOR('',#6380,1.);
#3933=VECTOR('',#6383,1.);
#3934=VECTOR('',#6384,1.);
#3935=VECTOR('',#6385,1.);
#3936=VECTOR('',#6386,1.);
#3937=VECTOR('',#6387,1.);
#3938=VECTOR('',#6388,1.);
#3939=VECTOR('',#6389,1.);
#3940=VECTOR('',#6390,1.);
#3941=VECTOR('',#6391,1.);
#3942=VECTOR('',#6392,1.);
#3943=VECTOR('',#6393,1.);
#3944=VECTOR('',#6394,1.);
#3945=VECTOR('',#6395,1.);
#3946=VECTOR('',#6396,1.);
#3947=VECTOR('',#6397,1.);
#3948=VECTOR('',#6398,1.);
#3949=VECTOR('',#6401,1.);
#3950=VECTOR('',#6402,1.);
#3951=VECTOR('',#6403,1.);
#3952=VECTOR('',#6406,1.);
#3953=VECTOR('',#6407,1.);
#3954=VECTOR('',#6408,1.);
#3955=VECTOR('',#6411,1.);
#3956=VECTOR('',#6412,1.);
#3957=VECTOR('',#6413,1.);
#3958=VECTOR('',#6416,1.);
#3959=VECTOR('',#6417,1.);
#3960=VECTOR('',#6418,1.);
#3961=VECTOR('',#6421,1.);
#3962=VECTOR('',#6422,1.);
#3963=VECTOR('',#6423,1.);
#3964=VECTOR('',#6424,1.);
#3965=VECTOR('',#6427,1.);
#3966=VECTOR('',#6428,1.);
#3967=VECTOR('',#6429,1.);
#3968=VECTOR('',#6432,1.);
#3969=VECTOR('',#6433,1.);
#3970=VECTOR('',#6434,1.);
#3971=VECTOR('',#6437,1.);
#3972=VECTOR('',#6438,1.);
#3973=VECTOR('',#6439,1.);
#3974=VECTOR('',#6442,1.);
#3975=VECTOR('',#6443,1.);
#3976=VECTOR('',#6444,1.);
#3977=VECTOR('',#6445,1.);
#3978=VECTOR('',#6448,1.);
#3979=VECTOR('',#6449,1.);
#3980=VECTOR('',#6452,1.);
#3981=VECTOR('',#6453,1.);
#3982=VECTOR('',#6456,1.);
#3983=VECTOR('',#6457,1.);
#3984=VECTOR('',#6458,1.);
#3985=VECTOR('',#6461,1.);
#3986=VECTOR('',#6464,1.);
#3987=VECTOR('',#6467,1.);
#3988=VECTOR('',#6470,1.);
#3989=VECTOR('',#6473,1.);
#3990=VECTOR('',#6476,1.);
#3991=VECTOR('',#6479,1.);
#3992=VECTOR('',#6482,1.);
#3993=VECTOR('',#6487,1.);
#3994=VECTOR('',#6490,1.);
#3995=VECTOR('',#6491,1.);
#3996=VECTOR('',#6494,1.);
#3997=VECTOR('',#6495,1.);
#3998=VECTOR('',#6498,1.);
#3999=VECTOR('',#6501,1.);
#4000=VECTOR('',#6504,1.);
#4001=VECTOR('',#6507,1.);
#4002=VECTOR('',#6510,1.);
#4003=VECTOR('',#6511,1.);
#4004=VECTOR('',#6514,1.);
#4005=VECTOR('',#6515,1.);
#4006=VECTOR('',#6518,1.);
#4007=VECTOR('',#6521,1.);
#4008=VECTOR('',#6526,1.);
#4009=VECTOR('',#6527,1.);
#4010=VECTOR('',#6532,1.);
#4011=VECTOR('',#6533,1.);
#4012=VECTOR('',#6534,1.);
#4013=VECTOR('',#6535,1.);
#4014=VECTOR('',#6536,1.);
#4015=VECTOR('',#6537,1.);
#4016=VECTOR('',#6540,1.);
#4017=VECTOR('',#6543,1.);
#4018=VECTOR('',#6544,1.);
#4019=VECTOR('',#6545,1.);
#4020=VECTOR('',#6546,1.);
#4021=VECTOR('',#6547,1.);
#4022=VECTOR('',#6548,1.);
#4023=VECTOR('',#6551,1.);
#4024=VECTOR('',#6556,1.);
#4025=VECTOR('',#6559,1.);
#4026=VECTOR('',#6562,1.);
#4027=VECTOR('',#6565,1.);
#4028=VECTOR('',#6570,1.);
#4029=VECTOR('',#6571,1.);
#4030=VECTOR('',#6574,1.);
#4031=VECTOR('',#6577,1.);
#4032=VECTOR('',#6580,1.);
#4033=VECTOR('',#6583,1.);
#4034=VECTOR('',#6586,1.);
#4035=VECTOR('',#6589,1.);
#4036=VECTOR('',#6610,1.);
#4037=VECTOR('',#6613,1.);
#4038=VECTOR('',#6614,1.);
#4039=VECTOR('',#6617,1.);
#4040=VECTOR('',#6620,1.);
#4041=VECTOR('',#6621,1.);
#4042=VECTOR('',#6624,1.);
#4043=VECTOR('',#6625,1.);
#4044=VECTOR('',#6626,1.);
#4045=VECTOR('',#6629,1.);
#4046=VECTOR('',#6630,1.);
#4047=VECTOR('',#6633,1.);
#4048=VECTOR('',#6634,1.);
#4049=VECTOR('',#6637,1.);
#4050=VECTOR('',#6638,1.);
#4051=VECTOR('',#6639,1.);
#4052=VECTOR('',#6640,1.);
#4053=VECTOR('',#6641,1.);
#4054=VECTOR('',#6644,1.);
#4055=VECTOR('',#6645,1.);
#4056=VECTOR('',#6646,1.);
#4057=VECTOR('',#6647,1.);
#4058=VECTOR('',#6648,1.);
#4059=VECTOR('',#6649,1.);
#4060=VECTOR('',#6650,1.);
#4061=VECTOR('',#6653,1.);
#4062=VECTOR('',#6654,1.);
#4063=VECTOR('',#6657,1.);
#4064=VECTOR('',#6658,1.);
#4065=VECTOR('',#6661,1.);
#4066=VECTOR('',#6668,1.);
#4067=VECTOR('',#6669,1.);
#4068=VECTOR('',#6672,1.);
#4069=VECTOR('',#6675,1.);
#4070=VECTOR('',#6678,1.);
#4071=VECTOR('',#6679,1.);
#4072=VECTOR('',#6686,1.);
#4073=VECTOR('',#6687,1.);
#4074=VECTOR('',#6690,1.);
#4075=VECTOR('',#6693,1.);
#4076=VECTOR('',#6700,1.);
#4077=VECTOR('',#6701,1.);
#4078=VECTOR('',#6702,1.);
#4079=VECTOR('',#6703,1.);
#4080=VECTOR('',#6708,1.);
#4081=VECTOR('',#6711,1.);
#4082=VECTOR('',#6714,1.);
#4083=VECTOR('',#6717,1.);
#4084=VECTOR('',#6718,1.);
#4085=VECTOR('',#6719,1.);
#4086=VECTOR('',#6720,1.);
#4087=VECTOR('',#6721,1.);
#4088=VECTOR('',#6722,1.);
#4089=VECTOR('',#6723,1.);
#4090=VECTOR('',#6724,1.);
#4091=VECTOR('',#6727,1.);
#4092=VECTOR('',#6730,1.);
#4093=VECTOR('',#6733,1.);
#4094=VECTOR('',#6740,1.);
#4095=VECTOR('',#6743,1.);
#4096=VECTOR('',#6746,1.);
#4097=VECTOR('',#6749,1.);
#4098=VECTOR('',#6750,1.);
#4099=VECTOR('',#6751,1.);
#4100=VECTOR('',#6752,1.);
#4101=VECTOR('',#6753,1.);
#4102=VECTOR('',#6754,1.);
#4103=VECTOR('',#6755,1.);
#4104=VECTOR('',#6756,1.);
#4105=VECTOR('',#6757,1.);
#4106=VECTOR('',#6758,1.);
#4107=VECTOR('',#6759,1.);
#4108=VECTOR('',#6760,1.);
#4109=VECTOR('',#6761,1.);
#4110=VECTOR('',#6762,1.);
#4111=VECTOR('',#6763,1.);
#4112=VECTOR('',#6764,1.);
#4113=VECTOR('',#6767,1.);
#4114=VECTOR('',#6768,1.);
#4115=VECTOR('',#6769,1.);
#4116=VECTOR('',#6772,1.);
#4117=VECTOR('',#6773,1.);
#4118=VECTOR('',#6774,1.);
#4119=VECTOR('',#6777,1.);
#4120=VECTOR('',#6778,1.);
#4121=VECTOR('',#6779,1.);
#4122=VECTOR('',#6782,1.);
#4123=VECTOR('',#6783,1.);
#4124=VECTOR('',#6784,1.);
#4125=VECTOR('',#6787,1.);
#4126=VECTOR('',#6788,1.);
#4127=VECTOR('',#6789,1.);
#4128=VECTOR('',#6790,1.);
#4129=VECTOR('',#6793,1.);
#4130=VECTOR('',#6794,1.);
#4131=VECTOR('',#6795,1.);
#4132=VECTOR('',#6798,1.);
#4133=VECTOR('',#6799,1.);
#4134=VECTOR('',#6800,1.);
#4135=VECTOR('',#6803,1.);
#4136=VECTOR('',#6804,1.);
#4137=VECTOR('',#6805,1.);
#4138=VECTOR('',#6808,1.);
#4139=VECTOR('',#6809,1.);
#4140=VECTOR('',#6810,1.);
#4141=VECTOR('',#6811,1.);
#4142=VECTOR('',#6814,1.);
#4143=VECTOR('',#6815,1.);
#4144=VECTOR('',#6818,1.);
#4145=VECTOR('',#6819,1.);
#4146=VECTOR('',#6822,1.);
#4147=VECTOR('',#6823,1.);
#4148=VECTOR('',#6824,1.);
#4149=VECTOR('',#6827,1.);
#4150=VECTOR('',#6830,1.);
#4151=VECTOR('',#6833,1.);
#4152=VECTOR('',#6836,1.);
#4153=VECTOR('',#6839,1.);
#4154=VECTOR('',#6842,1.);
#4155=VECTOR('',#6845,1.);
#4156=VECTOR('',#6848,1.);
#4157=VECTOR('',#6853,1.);
#4158=VECTOR('',#6856,1.);
#4159=VECTOR('',#6857,1.);
#4160=VECTOR('',#6860,1.);
#4161=VECTOR('',#6861,1.);
#4162=VECTOR('',#6864,1.);
#4163=VECTOR('',#6867,1.);
#4164=VECTOR('',#6870,1.);
#4165=VECTOR('',#6873,1.);
#4166=VECTOR('',#6876,1.);
#4167=VECTOR('',#6877,1.);
#4168=VECTOR('',#6880,1.);
#4169=VECTOR('',#6881,1.);
#4170=VECTOR('',#6884,1.);
#4171=VECTOR('',#6887,1.);
#4172=VECTOR('',#6892,1.);
#4173=VECTOR('',#6893,1.);
#4174=VECTOR('',#6898,1.);
#4175=VECTOR('',#6899,1.);
#4176=VECTOR('',#6900,1.);
#4177=VECTOR('',#6901,1.);
#4178=VECTOR('',#6902,1.);
#4179=VECTOR('',#6903,1.);
#4180=VECTOR('',#6906,1.);
#4181=VECTOR('',#6909,1.);
#4182=VECTOR('',#6910,1.);
#4183=VECTOR('',#6911,1.);
#4184=VECTOR('',#6912,1.);
#4185=VECTOR('',#6913,1.);
#4186=VECTOR('',#6914,1.);
#4187=VECTOR('',#6917,1.);
#4188=VECTOR('',#6922,1.);
#4189=VECTOR('',#6925,1.);
#4190=VECTOR('',#6928,1.);
#4191=VECTOR('',#6931,1.);
#4192=VECTOR('',#6936,1.);
#4193=VECTOR('',#6937,1.);
#4194=VECTOR('',#6940,1.);
#4195=VECTOR('',#6943,1.);
#4196=VECTOR('',#6946,1.);
#4197=VECTOR('',#6949,1.);
#4198=VECTOR('',#6952,1.);
#4199=VECTOR('',#6955,1.);
#4200=VECTOR('',#6976,1.);
#4201=VECTOR('',#6979,1.);
#4202=VECTOR('',#6980,1.);
#4203=VECTOR('',#6983,1.);
#4204=VECTOR('',#6986,1.);
#4205=VECTOR('',#6987,1.);
#4206=VECTOR('',#6990,1.);
#4207=VECTOR('',#6991,1.);
#4208=VECTOR('',#6992,1.);
#4209=VECTOR('',#6995,1.);
#4210=VECTOR('',#6996,1.);
#4211=VECTOR('',#6999,1.);
#4212=VECTOR('',#7000,1.);
#4213=VECTOR('',#7003,1.);
#4214=VECTOR('',#7004,1.);
#4215=VECTOR('',#7005,1.);
#4216=VECTOR('',#7006,1.);
#4217=VECTOR('',#7007,1.);
#4218=VECTOR('',#7010,1.);
#4219=VECTOR('',#7011,1.);
#4220=VECTOR('',#7012,1.);
#4221=VECTOR('',#7013,1.);
#4222=VECTOR('',#7014,1.);
#4223=VECTOR('',#7015,1.);
#4224=VECTOR('',#7016,1.);
#4225=VECTOR('',#7019,1.);
#4226=VECTOR('',#7020,1.);
#4227=VECTOR('',#7023,1.);
#4228=VECTOR('',#7024,1.);
#4229=VECTOR('',#7027,1.);
#4230=VECTOR('',#7034,1.);
#4231=VECTOR('',#7035,1.);
#4232=VECTOR('',#7038,1.);
#4233=VECTOR('',#7041,1.);
#4234=VECTOR('',#7044,1.);
#4235=VECTOR('',#7045,1.);
#4236=VECTOR('',#7052,1.);
#4237=VECTOR('',#7053,1.);
#4238=VECTOR('',#7056,1.);
#4239=VECTOR('',#7059,1.);
#4240=VECTOR('',#7066,1.);
#4241=VECTOR('',#7067,1.);
#4242=VECTOR('',#7068,1.);
#4243=VECTOR('',#7069,1.);
#4244=VECTOR('',#7074,1.);
#4245=VECTOR('',#7077,1.);
#4246=VECTOR('',#7080,1.);
#4247=VECTOR('',#7083,1.);
#4248=VECTOR('',#7084,1.);
#4249=VECTOR('',#7085,1.);
#4250=VECTOR('',#7086,1.);
#4251=VECTOR('',#7087,1.);
#4252=VECTOR('',#7088,1.);
#4253=VECTOR('',#7089,1.);
#4254=VECTOR('',#7090,1.);
#4255=VECTOR('',#7093,1.);
#4256=VECTOR('',#7096,1.);
#4257=VECTOR('',#7099,1.);
#4258=VECTOR('',#7106,1.);
#4259=VECTOR('',#7109,1.);
#4260=VECTOR('',#7112,1.);
#4261=VECTOR('',#7115,1.);
#4262=VECTOR('',#7116,1.);
#4263=VECTOR('',#7117,1.);
#4264=VECTOR('',#7118,1.);
#4265=VECTOR('',#7119,1.);
#4266=VECTOR('',#7120,1.);
#4267=VECTOR('',#7121,1.);
#4268=VECTOR('',#7122,1.);
#4269=VECTOR('',#7123,1.);
#4270=VECTOR('',#7124,1.);
#4271=VECTOR('',#7125,1.);
#4272=VECTOR('',#7126,1.);
#4273=VECTOR('',#7127,1.);
#4274=VECTOR('',#7128,1.);
#4275=VECTOR('',#7129,1.);
#4276=VECTOR('',#7130,1.);
#4277=VECTOR('',#7133,1.);
#4278=VECTOR('',#7134,1.);
#4279=VECTOR('',#7135,1.);
#4280=VECTOR('',#7138,1.);
#4281=VECTOR('',#7139,1.);
#4282=VECTOR('',#7140,1.);
#4283=VECTOR('',#7143,1.);
#4284=VECTOR('',#7144,1.);
#4285=VECTOR('',#7145,1.);
#4286=VECTOR('',#7148,1.);
#4287=VECTOR('',#7149,1.);
#4288=VECTOR('',#7150,1.);
#4289=VECTOR('',#7153,1.);
#4290=VECTOR('',#7154,1.);
#4291=VECTOR('',#7155,1.);
#4292=VECTOR('',#7156,1.);
#4293=VECTOR('',#7159,1.);
#4294=VECTOR('',#7160,1.);
#4295=VECTOR('',#7161,1.);
#4296=VECTOR('',#7164,1.);
#4297=VECTOR('',#7165,1.);
#4298=VECTOR('',#7166,1.);
#4299=VECTOR('',#7169,1.);
#4300=VECTOR('',#7170,1.);
#4301=VECTOR('',#7171,1.);
#4302=VECTOR('',#7174,1.);
#4303=VECTOR('',#7175,1.);
#4304=VECTOR('',#7176,1.);
#4305=VECTOR('',#7177,1.);
#4306=VECTOR('',#7180,1.);
#4307=VECTOR('',#7181,1.);
#4308=VECTOR('',#7184,1.);
#4309=VECTOR('',#7185,1.);
#4310=VECTOR('',#7188,1.);
#4311=VECTOR('',#7189,1.);
#4312=VECTOR('',#7190,1.);
#4313=VECTOR('',#7193,1.);
#4314=VECTOR('',#7196,1.);
#4315=VECTOR('',#7199,1.);
#4316=VECTOR('',#7202,1.);
#4317=VECTOR('',#7205,1.);
#4318=VECTOR('',#7208,1.);
#4319=VECTOR('',#7211,1.);
#4320=VECTOR('',#7214,1.);
#4321=VECTOR('',#7219,1.);
#4322=VECTOR('',#7222,1.);
#4323=VECTOR('',#7223,1.);
#4324=VECTOR('',#7226,1.);
#4325=VECTOR('',#7227,1.);
#4326=VECTOR('',#7230,1.);
#4327=VECTOR('',#7233,1.);
#4328=VECTOR('',#7236,1.);
#4329=VECTOR('',#7239,1.);
#4330=VECTOR('',#7242,1.);
#4331=VECTOR('',#7243,1.);
#4332=VECTOR('',#7246,1.);
#4333=VECTOR('',#7247,1.);
#4334=VECTOR('',#7250,1.);
#4335=VECTOR('',#7253,1.);
#4336=VECTOR('',#7258,1.);
#4337=VECTOR('',#7259,1.);
#4338=VECTOR('',#7264,1.);
#4339=VECTOR('',#7265,1.);
#4340=VECTOR('',#7266,1.);
#4341=VECTOR('',#7267,1.);
#4342=VECTOR('',#7268,1.);
#4343=VECTOR('',#7269,1.);
#4344=VECTOR('',#7272,1.);
#4345=VECTOR('',#7275,1.);
#4346=VECTOR('',#7276,1.);
#4347=VECTOR('',#7277,1.);
#4348=VECTOR('',#7278,1.);
#4349=VECTOR('',#7279,1.);
#4350=VECTOR('',#7280,1.);
#4351=VECTOR('',#7283,1.);
#4352=VECTOR('',#7288,1.);
#4353=VECTOR('',#7291,1.);
#4354=VECTOR('',#7294,1.);
#4355=VECTOR('',#7297,1.);
#4356=VECTOR('',#7302,1.);
#4357=VECTOR('',#7303,1.);
#4358=VECTOR('',#7306,1.);
#4359=VECTOR('',#7309,1.);
#4360=VECTOR('',#7312,1.);
#4361=VECTOR('',#7315,1.);
#4362=VECTOR('',#7318,1.);
#4363=VECTOR('',#7321,1.);
#4364=VECTOR('',#7348,1.);
#4365=VECTOR('',#7351,1.);
#4366=VECTOR('',#7352,1.);
#4367=VECTOR('',#7355,1.);
#4368=VECTOR('',#7358,1.);
#4369=VECTOR('',#7359,1.);
#4370=VECTOR('',#7362,1.);
#4371=VECTOR('',#7363,1.);
#4372=VECTOR('',#7364,1.);
#4373=VECTOR('',#7367,1.);
#4374=VECTOR('',#7368,1.);
#4375=VECTOR('',#7371,1.);
#4376=VECTOR('',#7372,1.);
#4377=VECTOR('',#7375,1.);
#4378=VECTOR('',#7376,1.);
#4379=VECTOR('',#7377,1.);
#4380=VECTOR('',#7378,1.);
#4381=VECTOR('',#7379,1.);
#4382=VECTOR('',#7382,1.);
#4383=VECTOR('',#7383,1.);
#4384=VECTOR('',#7384,1.);
#4385=VECTOR('',#7385,1.);
#4386=VECTOR('',#7386,1.);
#4387=VECTOR('',#7387,1.);
#4388=VECTOR('',#7388,1.);
#4389=VECTOR('',#7391,1.);
#4390=VECTOR('',#7392,1.);
#4391=VECTOR('',#7395,1.);
#4392=VECTOR('',#7396,1.);
#4393=VECTOR('',#7399,1.);
#4394=VECTOR('',#7406,1.);
#4395=VECTOR('',#7407,1.);
#4396=VECTOR('',#7410,1.);
#4397=VECTOR('',#7413,1.);
#4398=VECTOR('',#7416,1.);
#4399=VECTOR('',#7417,1.);
#4400=VECTOR('',#7424,1.);
#4401=VECTOR('',#7425,1.);
#4402=VECTOR('',#7428,1.);
#4403=VECTOR('',#7431,1.);
#4404=VECTOR('',#7438,1.);
#4405=VECTOR('',#7439,1.);
#4406=VECTOR('',#7440,1.);
#4407=VECTOR('',#7441,1.);
#4408=VECTOR('',#7446,1.);
#4409=VECTOR('',#7449,1.);
#4410=VECTOR('',#7452,1.);
#4411=VECTOR('',#7455,1.);
#4412=VECTOR('',#7456,1.);
#4413=VECTOR('',#7457,1.);
#4414=VECTOR('',#7458,1.);
#4415=VECTOR('',#7459,1.);
#4416=VECTOR('',#7460,1.);
#4417=VECTOR('',#7461,1.);
#4418=VECTOR('',#7462,1.);
#4419=VECTOR('',#7465,1.);
#4420=VECTOR('',#7468,1.);
#4421=VECTOR('',#7471,1.);
#4422=VECTOR('',#7478,1.);
#4423=VECTOR('',#7481,1.);
#4424=VECTOR('',#7484,1.);
#4425=VECTOR('',#7487,1.);
#4426=VECTOR('',#7488,1.);
#4427=VECTOR('',#7489,1.);
#4428=VECTOR('',#7490,1.);
#4429=VECTOR('',#7491,1.);
#4430=VECTOR('',#7492,1.);
#4431=VECTOR('',#7493,1.);
#4432=VECTOR('',#7494,1.);
#4433=VECTOR('',#7495,1.);
#4434=VECTOR('',#7496,1.);
#4435=VECTOR('',#7497,1.);
#4436=VECTOR('',#7498,1.);
#4437=VECTOR('',#7499,1.);
#4438=VECTOR('',#7500,1.);
#4439=VECTOR('',#7501,1.);
#4440=VECTOR('',#7502,1.);
#4441=VECTOR('',#7505,1.);
#4442=VECTOR('',#7506,1.);
#4443=VECTOR('',#7507,1.);
#4444=VECTOR('',#7510,1.);
#4445=VECTOR('',#7511,1.);
#4446=VECTOR('',#7512,1.);
#4447=VECTOR('',#7515,1.);
#4448=VECTOR('',#7516,1.);
#4449=VECTOR('',#7517,1.);
#4450=VECTOR('',#7520,1.);
#4451=VECTOR('',#7521,1.);
#4452=VECTOR('',#7522,1.);
#4453=VECTOR('',#7525,1.);
#4454=VECTOR('',#7526,1.);
#4455=VECTOR('',#7527,1.);
#4456=VECTOR('',#7528,1.);
#4457=VECTOR('',#7531,1.);
#4458=VECTOR('',#7532,1.);
#4459=VECTOR('',#7533,1.);
#4460=VECTOR('',#7536,1.);
#4461=VECTOR('',#7537,1.);
#4462=VECTOR('',#7538,1.);
#4463=VECTOR('',#7541,1.);
#4464=VECTOR('',#7542,1.);
#4465=VECTOR('',#7543,1.);
#4466=VECTOR('',#7546,1.);
#4467=VECTOR('',#7547,1.);
#4468=VECTOR('',#7548,1.);
#4469=VECTOR('',#7549,1.);
#4470=VECTOR('',#7552,1.);
#4471=VECTOR('',#7553,1.);
#4472=VECTOR('',#7556,1.);
#4473=VECTOR('',#7557,1.);
#4474=VECTOR('',#7560,1.);
#4475=VECTOR('',#7561,1.);
#4476=VECTOR('',#7562,1.);
#4477=VECTOR('',#7565,1.);
#4478=VECTOR('',#7568,1.);
#4479=VECTOR('',#7571,1.);
#4480=VECTOR('',#7574,1.);
#4481=VECTOR('',#7577,1.);
#4482=VECTOR('',#7580,1.);
#4483=VECTOR('',#7583,1.);
#4484=VECTOR('',#7586,1.);
#4485=VECTOR('',#7591,1.);
#4486=VECTOR('',#7594,1.);
#4487=VECTOR('',#7595,1.);
#4488=VECTOR('',#7598,1.);
#4489=VECTOR('',#7599,1.);
#4490=VECTOR('',#7602,1.);
#4491=VECTOR('',#7605,1.);
#4492=VECTOR('',#7608,1.);
#4493=VECTOR('',#7611,1.);
#4494=VECTOR('',#7614,1.);
#4495=VECTOR('',#7615,1.);
#4496=VECTOR('',#7618,1.);
#4497=VECTOR('',#7619,1.);
#4498=VECTOR('',#7622,1.);
#4499=VECTOR('',#7625,1.);
#4500=VECTOR('',#7630,1.);
#4501=VECTOR('',#7631,1.);
#4502=VECTOR('',#7636,1.);
#4503=VECTOR('',#7637,1.);
#4504=VECTOR('',#7638,1.);
#4505=VECTOR('',#7639,1.);
#4506=VECTOR('',#7640,1.);
#4507=VECTOR('',#7641,1.);
#4508=VECTOR('',#7644,1.);
#4509=VECTOR('',#7647,1.);
#4510=VECTOR('',#7648,1.);
#4511=VECTOR('',#7649,1.);
#4512=VECTOR('',#7650,1.);
#4513=VECTOR('',#7651,1.);
#4514=VECTOR('',#7652,1.);
#4515=VECTOR('',#7655,1.);
#4516=VECTOR('',#7660,1.);
#4517=VECTOR('',#7663,1.);
#4518=VECTOR('',#7666,1.);
#4519=VECTOR('',#7669,1.);
#4520=VECTOR('',#7674,1.);
#4521=VECTOR('',#7675,1.);
#4522=VECTOR('',#7678,1.);
#4523=VECTOR('',#7681,1.);
#4524=VECTOR('',#7684,1.);
#4525=VECTOR('',#7687,1.);
#4526=VECTOR('',#7690,1.);
#4527=VECTOR('',#7693,1.);
#4528=VECTOR('',#7714,1.);
#4529=VECTOR('',#7717,1.);
#4530=VECTOR('',#7718,1.);
#4531=VECTOR('',#7721,1.);
#4532=VECTOR('',#7724,1.);
#4533=VECTOR('',#7725,1.);
#4534=VECTOR('',#7728,1.);
#4535=VECTOR('',#7729,1.);
#4536=VECTOR('',#7730,1.);
#4537=VECTOR('',#7733,1.);
#4538=VECTOR('',#7734,1.);
#4539=VECTOR('',#7737,1.);
#4540=VECTOR('',#7738,1.);
#4541=VECTOR('',#7741,1.);
#4542=VECTOR('',#7742,1.);
#4543=VECTOR('',#7743,1.);
#4544=VECTOR('',#7744,1.);
#4545=VECTOR('',#7745,1.);
#4546=VECTOR('',#7748,1.);
#4547=VECTOR('',#7749,1.);
#4548=VECTOR('',#7750,1.);
#4549=VECTOR('',#7751,1.);
#4550=VECTOR('',#7752,1.);
#4551=VECTOR('',#7753,1.);
#4552=VECTOR('',#7754,1.);
#4553=VECTOR('',#7757,1.);
#4554=VECTOR('',#7758,1.);
#4555=VECTOR('',#7761,1.);
#4556=VECTOR('',#7762,1.);
#4557=VECTOR('',#7765,1.);
#4558=VECTOR('',#7772,1.);
#4559=VECTOR('',#7773,1.);
#4560=VECTOR('',#7776,1.);
#4561=VECTOR('',#7779,1.);
#4562=VECTOR('',#7782,1.);
#4563=VECTOR('',#7783,1.);
#4564=VECTOR('',#7790,1.);
#4565=VECTOR('',#7791,1.);
#4566=VECTOR('',#7794,1.);
#4567=VECTOR('',#7797,1.);
#4568=EDGE_LOOP('',(#284,#285,#286,#287));
#4569=EDGE_LOOP('',(#288,#289,#290,#291,#292,#293,#294,#295));
#4570=EDGE_LOOP('',(#296,#297,#298,#299,#300,#301,#302,#303,#304,#305,#306,
#307,#308,#309));
#4571=EDGE_LOOP('',(#310,#311,#312,#313,#314,#315,#316,#317));
#4572=EDGE_LOOP('',(#318,#319,#320,#321,#322,#323,#324,#325));
#4573=EDGE_LOOP('',(#326,#327,#328,#329,#330,#331,#332,#333));
#4574=EDGE_LOOP('',(#334,#335,#336,#337));
#4575=EDGE_LOOP('',(#338,#339,#340,#341));
#4576=EDGE_LOOP('',(#342,#343,#344,#345));
#4577=EDGE_LOOP('',(#346,#347,#348,#349));
#4578=EDGE_LOOP('',(#350,#351,#352,#353));
#4579=EDGE_LOOP('',(#354,#355,#356,#357));
#4580=EDGE_LOOP('',(#358,#359,#360,#361));
#4581=EDGE_LOOP('',(#362,#363,#364,#365));
#4582=EDGE_LOOP('',(#366,#367,#368,#369));
#4583=EDGE_LOOP('',(#370,#371,#372,#373,#374));
#4584=EDGE_LOOP('',(#375,#376,#377,#378,#379));
#4585=EDGE_LOOP('',(#380,#381,#382,#383));
#4586=EDGE_LOOP('',(#384,#385,#386));
#4587=EDGE_LOOP('',(#387,#388,#389));
#4588=EDGE_LOOP('',(#390,#391,#392,#393));
#4589=EDGE_LOOP('',(#394,#395,#396,#397));
#4590=EDGE_LOOP('',(#398,#399,#400,#401));
#4591=EDGE_LOOP('',(#402,#403,#404,#405));
#4592=EDGE_LOOP('',(#406,#407,#408));
#4593=EDGE_LOOP('',(#409,#410,#411));
#4594=EDGE_LOOP('',(#412,#413,#414,#415));
#4595=EDGE_LOOP('',(#416,#417,#418,#419));
#4596=EDGE_LOOP('',(#420,#421,#422,#423));
#4597=EDGE_LOOP('',(#424,#425,#426,#427,#428));
#4598=EDGE_LOOP('',(#429,#430,#431));
#4599=EDGE_LOOP('',(#432,#433,#434));
#4600=EDGE_LOOP('',(#435,#436,#437,#438));
#4601=EDGE_LOOP('',(#439,#440,#441,#442));
#4602=EDGE_LOOP('',(#443,#444,#445,#446));
#4603=EDGE_LOOP('',(#447,#448,#449,#450,#451));
#4604=EDGE_LOOP('',(#452,#453,#454));
#4605=EDGE_LOOP('',(#455,#456,#457));
#4606=EDGE_LOOP('',(#458,#459,#460,#461));
#4607=EDGE_LOOP('',(#462,#463,#464,#465,#466));
#4608=EDGE_LOOP('',(#467,#468,#469,#470));
#4609=EDGE_LOOP('',(#471,#472,#473,#474,#475,#476,#477,#478,#479,#480));
#4610=EDGE_LOOP('',(#481,#482,#483,#484));
#4611=EDGE_LOOP('',(#485,#486,#487,#488,#489));
#4612=EDGE_LOOP('',(#490,#491,#492,#493));
#4613=EDGE_LOOP('',(#494,#495,#496,#497));
#4614=EDGE_LOOP('',(#498,#499,#500,#501));
#4615=EDGE_LOOP('',(#502,#503,#504,#505));
#4616=EDGE_LOOP('',(#506,#507,#508,#509));
#4617=EDGE_LOOP('',(#510,#511,#512,#513));
#4618=EDGE_LOOP('',(#514,#515,#516,#517));
#4619=EDGE_LOOP('',(#518,#519,#520,#521));
#4620=EDGE_LOOP('',(#522,#523,#524,#525));
#4621=EDGE_LOOP('',(#526,#527,#528,#529));
#4622=EDGE_LOOP('',(#530,#531,#532,#533));
#4623=EDGE_LOOP('',(#534,#535,#536,#537));
#4624=EDGE_LOOP('',(#538,#539,#540,#541));
#4625=EDGE_LOOP('',(#542,#543,#544,#545,#546,#547,#548,#549));
#4626=EDGE_LOOP('',(#550,#551,#552,#553));
#4627=EDGE_LOOP('',(#554,#555,#556,#557));
#4628=EDGE_LOOP('',(#558,#559,#560,#561));
#4629=EDGE_LOOP('',(#562,#563,#564,#565));
#4630=EDGE_LOOP('',(#566,#567,#568,#569));
#4631=EDGE_LOOP('',(#570,#571,#572,#573));
#4632=EDGE_LOOP('',(#574,#575,#576,#577));
#4633=EDGE_LOOP('',(#578,#579,#580,#581));
#4634=EDGE_LOOP('',(#582,#583,#584));
#4635=EDGE_LOOP('',(#585,#586,#587,#588));
#4636=EDGE_LOOP('',(#589,#590,#591));
#4637=EDGE_LOOP('',(#592,#593,#594,#595,#596));
#4638=EDGE_LOOP('',(#597,#598,#599,#600));
#4639=EDGE_LOOP('',(#601,#602,#603,#604,#605));
#4640=EDGE_LOOP('',(#606,#607,#608,#609));
#4641=EDGE_LOOP('',(#610,#611,#612,#613,#614,#615,#616,#617));
#4642=EDGE_LOOP('',(#618,#619,#620,#621,#622,#623,#624,#625));
#4643=EDGE_LOOP('',(#626,#627,#628,#629));
#4644=EDGE_LOOP('',(#630,#631,#632,#633));
#4645=EDGE_LOOP('',(#634,#635,#636,#637));
#4646=EDGE_LOOP('',(#638,#639,#640,#641,#642,#643,#644,#645,#646,#647,#648,
#649,#650,#651,#652,#653,#654,#655));
#4647=EDGE_LOOP('',(#656,#657,#658,#659));
#4648=EDGE_LOOP('',(#660,#661,#662,#663));
#4649=EDGE_LOOP('',(#664,#665,#666,#667));
#4650=EDGE_LOOP('',(#668,#669,#670,#671));
#4651=EDGE_LOOP('',(#672,#673,#674,#675));
#4652=EDGE_LOOP('',(#676,#677,#678,#679));
#4653=EDGE_LOOP('',(#680,#681,#682,#683,#684,#685));
#4654=EDGE_LOOP('',(#686,#687,#688,#689,#690,#691));
#4655=EDGE_LOOP('',(#692,#693,#694,#695));
#4656=EDGE_LOOP('',(#696,#697,#698,#699));
#4657=EDGE_LOOP('',(#700,#701,#702,#703,#704,#705,#706,#707));
#4658=EDGE_LOOP('',(#708,#709,#710,#711,#712,#713,#714,#715,#716,#717,#718,
#719,#720,#721));
#4659=EDGE_LOOP('',(#722,#723,#724,#725,#726,#727,#728,#729));
#4660=EDGE_LOOP('',(#730,#731,#732,#733,#734,#735,#736,#737));
#4661=EDGE_LOOP('',(#738,#739,#740,#741,#742,#743,#744,#745));
#4662=EDGE_LOOP('',(#746,#747,#748,#749));
#4663=EDGE_LOOP('',(#750,#751,#752,#753));
#4664=EDGE_LOOP('',(#754,#755,#756,#757));
#4665=EDGE_LOOP('',(#758,#759,#760,#761));
#4666=EDGE_LOOP('',(#762,#763,#764,#765));
#4667=EDGE_LOOP('',(#766,#767,#768,#769));
#4668=EDGE_LOOP('',(#770,#771,#772,#773));
#4669=EDGE_LOOP('',(#774,#775,#776,#777));
#4670=EDGE_LOOP('',(#778,#779,#780,#781));
#4671=EDGE_LOOP('',(#782,#783,#784,#785,#786));
#4672=EDGE_LOOP('',(#787,#788,#789,#790,#791));
#4673=EDGE_LOOP('',(#792,#793,#794,#795));
#4674=EDGE_LOOP('',(#796,#797,#798));
#4675=EDGE_LOOP('',(#799,#800,#801));
#4676=EDGE_LOOP('',(#802,#803,#804,#805));
#4677=EDGE_LOOP('',(#806,#807,#808,#809));
#4678=EDGE_LOOP('',(#810,#811,#812,#813));
#4679=EDGE_LOOP('',(#814,#815,#816,#817));
#4680=EDGE_LOOP('',(#818,#819,#820));
#4681=EDGE_LOOP('',(#821,#822,#823));
#4682=EDGE_LOOP('',(#824,#825,#826,#827));
#4683=EDGE_LOOP('',(#828,#829,#830,#831));
#4684=EDGE_LOOP('',(#832,#833,#834,#835));
#4685=EDGE_LOOP('',(#836,#837,#838,#839,#840));
#4686=EDGE_LOOP('',(#841,#842,#843));
#4687=EDGE_LOOP('',(#844,#845,#846));
#4688=EDGE_LOOP('',(#847,#848,#849,#850));
#4689=EDGE_LOOP('',(#851,#852,#853,#854));
#4690=EDGE_LOOP('',(#855,#856,#857,#858));
#4691=EDGE_LOOP('',(#859,#860,#861,#862,#863));
#4692=EDGE_LOOP('',(#864,#865,#866));
#4693=EDGE_LOOP('',(#867,#868,#869));
#4694=EDGE_LOOP('',(#870,#871,#872,#873));
#4695=EDGE_LOOP('',(#874,#875,#876,#877,#878));
#4696=EDGE_LOOP('',(#879,#880,#881,#882));
#4697=EDGE_LOOP('',(#883,#884,#885,#886,#887,#888,#889,#890,#891,#892));
#4698=EDGE_LOOP('',(#893,#894,#895,#896));
#4699=EDGE_LOOP('',(#897,#898,#899,#900,#901));
#4700=EDGE_LOOP('',(#902,#903,#904,#905));
#4701=EDGE_LOOP('',(#906,#907,#908,#909));
#4702=EDGE_LOOP('',(#910,#911,#912,#913));
#4703=EDGE_LOOP('',(#914,#915,#916,#917));
#4704=EDGE_LOOP('',(#918,#919,#920,#921));
#4705=EDGE_LOOP('',(#922,#923,#924,#925));
#4706=EDGE_LOOP('',(#926,#927,#928,#929));
#4707=EDGE_LOOP('',(#930,#931,#932,#933));
#4708=EDGE_LOOP('',(#934,#935,#936,#937));
#4709=EDGE_LOOP('',(#938,#939,#940,#941));
#4710=EDGE_LOOP('',(#942,#943,#944,#945));
#4711=EDGE_LOOP('',(#946,#947,#948,#949));
#4712=EDGE_LOOP('',(#950,#951,#952,#953));
#4713=EDGE_LOOP('',(#954,#955,#956,#957,#958,#959,#960,#961));
#4714=EDGE_LOOP('',(#962,#963,#964,#965));
#4715=EDGE_LOOP('',(#966,#967,#968,#969));
#4716=EDGE_LOOP('',(#970,#971,#972,#973));
#4717=EDGE_LOOP('',(#974,#975,#976,#977));
#4718=EDGE_LOOP('',(#978,#979,#980,#981));
#4719=EDGE_LOOP('',(#982,#983,#984,#985));
#4720=EDGE_LOOP('',(#986,#987,#988,#989));
#4721=EDGE_LOOP('',(#990,#991,#992,#993));
#4722=EDGE_LOOP('',(#994,#995,#996));
#4723=EDGE_LOOP('',(#997,#998,#999,#1000));
#4724=EDGE_LOOP('',(#1001,#1002,#1003));
#4725=EDGE_LOOP('',(#1004,#1005,#1006,#1007,#1008));
#4726=EDGE_LOOP('',(#1009,#1010,#1011,#1012));
#4727=EDGE_LOOP('',(#1013,#1014,#1015,#1016,#1017));
#4728=EDGE_LOOP('',(#1018,#1019,#1020,#1021));
#4729=EDGE_LOOP('',(#1022,#1023,#1024,#1025,#1026,#1027,#1028,#1029));
#4730=EDGE_LOOP('',(#1030,#1031,#1032,#1033,#1034,#1035,#1036,#1037));
#4731=EDGE_LOOP('',(#1038,#1039,#1040,#1041));
#4732=EDGE_LOOP('',(#1042,#1043,#1044,#1045));
#4733=EDGE_LOOP('',(#1046,#1047,#1048,#1049));
#4734=EDGE_LOOP('',(#1050,#1051,#1052,#1053,#1054,#1055,#1056,#1057,#1058,
#1059,#1060,#1061,#1062,#1063,#1064,#1065,#1066,#1067));
#4735=EDGE_LOOP('',(#1068,#1069,#1070,#1071));
#4736=EDGE_LOOP('',(#1072,#1073,#1074,#1075));
#4737=EDGE_LOOP('',(#1076,#1077,#1078,#1079));
#4738=EDGE_LOOP('',(#1080,#1081,#1082,#1083));
#4739=EDGE_LOOP('',(#1084,#1085,#1086,#1087));
#4740=EDGE_LOOP('',(#1088,#1089,#1090,#1091));
#4741=EDGE_LOOP('',(#1092,#1093,#1094,#1095,#1096,#1097));
#4742=EDGE_LOOP('',(#1098,#1099,#1100,#1101,#1102,#1103));
#4743=EDGE_LOOP('',(#1104,#1105,#1106,#1107));
#4744=EDGE_LOOP('',(#1108,#1109,#1110,#1111));
#4745=EDGE_LOOP('',(#1112,#1113,#1114,#1115,#1116,#1117,#1118,#1119));
#4746=EDGE_LOOP('',(#1120,#1121,#1122,#1123,#1124,#1125,#1126,#1127,#1128,
#1129,#1130,#1131,#1132,#1133));
#4747=EDGE_LOOP('',(#1134));
#4748=EDGE_LOOP('',(#1135));
#4749=EDGE_LOOP('',(#1136,#1137,#1138,#1139,#1140,#1141,#1142,#1143));
#4750=EDGE_LOOP('',(#1144));
#4751=EDGE_LOOP('',(#1145,#1146,#1147,#1148,#1149,#1150,#1151,#1152));
#4752=EDGE_LOOP('',(#1153,#1154,#1155,#1156,#1157,#1158,#1159,#1160));
#4753=EDGE_LOOP('',(#1161,#1162,#1163,#1164,#1165,#1166,#1167,#1168));
#4754=EDGE_LOOP('',(#1169,#1170,#1171,#1172));
#4755=EDGE_LOOP('',(#1173,#1174,#1175,#1176));
#4756=EDGE_LOOP('',(#1177,#1178,#1179,#1180));
#4757=EDGE_LOOP('',(#1181,#1182,#1183,#1184));
#4758=EDGE_LOOP('',(#1185,#1186,#1187,#1188));
#4759=EDGE_LOOP('',(#1189,#1190,#1191,#1192));
#4760=EDGE_LOOP('',(#1193,#1194,#1195,#1196));
#4761=EDGE_LOOP('',(#1197,#1198,#1199,#1200));
#4762=EDGE_LOOP('',(#1201,#1202,#1203,#1204));
#4763=EDGE_LOOP('',(#1205,#1206,#1207,#1208,#1209));
#4764=EDGE_LOOP('',(#1210,#1211,#1212,#1213,#1214));
#4765=EDGE_LOOP('',(#1215,#1216,#1217,#1218));
#4766=EDGE_LOOP('',(#1219,#1220,#1221));
#4767=EDGE_LOOP('',(#1222,#1223,#1224));
#4768=EDGE_LOOP('',(#1225,#1226,#1227,#1228));
#4769=EDGE_LOOP('',(#1229,#1230,#1231,#1232));
#4770=EDGE_LOOP('',(#1233,#1234,#1235,#1236));
#4771=EDGE_LOOP('',(#1237,#1238,#1239,#1240));
#4772=EDGE_LOOP('',(#1241,#1242,#1243));
#4773=EDGE_LOOP('',(#1244,#1245,#1246));
#4774=EDGE_LOOP('',(#1247,#1248,#1249,#1250));
#4775=EDGE_LOOP('',(#1251,#1252,#1253,#1254));
#4776=EDGE_LOOP('',(#1255,#1256,#1257,#1258));
#4777=EDGE_LOOP('',(#1259,#1260,#1261,#1262,#1263));
#4778=EDGE_LOOP('',(#1264,#1265,#1266));
#4779=EDGE_LOOP('',(#1267,#1268,#1269));
#4780=EDGE_LOOP('',(#1270,#1271,#1272,#1273));
#4781=EDGE_LOOP('',(#1274,#1275,#1276,#1277));
#4782=EDGE_LOOP('',(#1278,#1279,#1280,#1281));
#4783=EDGE_LOOP('',(#1282,#1283,#1284,#1285,#1286));
#4784=EDGE_LOOP('',(#1287,#1288,#1289));
#4785=EDGE_LOOP('',(#1290,#1291,#1292));
#4786=EDGE_LOOP('',(#1293,#1294,#1295,#1296));
#4787=EDGE_LOOP('',(#1297,#1298,#1299,#1300,#1301));
#4788=EDGE_LOOP('',(#1302,#1303,#1304,#1305));
#4789=EDGE_LOOP('',(#1306,#1307,#1308,#1309,#1310,#1311,#1312,#1313,#1314,
#1315));
#4790=EDGE_LOOP('',(#1316,#1317,#1318,#1319));
#4791=EDGE_LOOP('',(#1320,#1321,#1322,#1323,#1324));
#4792=EDGE_LOOP('',(#1325,#1326,#1327,#1328));
#4793=EDGE_LOOP('',(#1329,#1330,#1331,#1332));
#4794=EDGE_LOOP('',(#1333,#1334,#1335,#1336));
#4795=EDGE_LOOP('',(#1337,#1338,#1339,#1340));
#4796=EDGE_LOOP('',(#1341,#1342,#1343,#1344));
#4797=EDGE_LOOP('',(#1345,#1346,#1347,#1348));
#4798=EDGE_LOOP('',(#1349,#1350,#1351,#1352));
#4799=EDGE_LOOP('',(#1353,#1354,#1355,#1356));
#4800=EDGE_LOOP('',(#1357,#1358,#1359,#1360));
#4801=EDGE_LOOP('',(#1361,#1362,#1363,#1364));
#4802=EDGE_LOOP('',(#1365,#1366,#1367,#1368));
#4803=EDGE_LOOP('',(#1369,#1370,#1371,#1372));
#4804=EDGE_LOOP('',(#1373,#1374,#1375,#1376));
#4805=EDGE_LOOP('',(#1377,#1378,#1379,#1380));
#4806=EDGE_LOOP('',(#1381,#1382,#1383,#1384));
#4807=EDGE_LOOP('',(#1385,#1386,#1387,#1388));
#4808=EDGE_LOOP('',(#1389,#1390,#1391,#1392));
#4809=EDGE_LOOP('',(#1393,#1394,#1395,#1396));
#4810=EDGE_LOOP('',(#1397,#1398,#1399,#1400));
#4811=EDGE_LOOP('',(#1401,#1402,#1403,#1404));
#4812=EDGE_LOOP('',(#1405,#1406,#1407,#1408));
#4813=EDGE_LOOP('',(#1409));
#4814=EDGE_LOOP('',(#1410));
#4815=EDGE_LOOP('',(#1411));
#4816=EDGE_LOOP('',(#1412,#1413,#1414));
#4817=EDGE_LOOP('',(#1415,#1416,#1417,#1418));
#4818=EDGE_LOOP('',(#1419,#1420,#1421));
#4819=EDGE_LOOP('',(#1422,#1423,#1424,#1425,#1426));
#4820=EDGE_LOOP('',(#1427,#1428,#1429,#1430));
#4821=EDGE_LOOP('',(#1431,#1432,#1433,#1434,#1435));
#4822=EDGE_LOOP('',(#1436,#1437,#1438,#1439));
#4823=EDGE_LOOP('',(#1440,#1441,#1442,#1443,#1444,#1445,#1446,#1447));
#4824=EDGE_LOOP('',(#1448,#1449,#1450,#1451,#1452,#1453,#1454,#1455));
#4825=EDGE_LOOP('',(#1456,#1457,#1458,#1459));
#4826=EDGE_LOOP('',(#1460,#1461,#1462,#1463));
#4827=EDGE_LOOP('',(#1464,#1465,#1466,#1467));
#4828=EDGE_LOOP('',(#1468,#1469,#1470,#1471,#1472,#1473,#1474,#1475,#1476,
#1477,#1478,#1479,#1480,#1481,#1482,#1483,#1484,#1485));
#4829=EDGE_LOOP('',(#1486,#1487,#1488,#1489));
#4830=EDGE_LOOP('',(#1490,#1491,#1492,#1493));
#4831=EDGE_LOOP('',(#1494,#1495,#1496,#1497));
#4832=EDGE_LOOP('',(#1498,#1499,#1500,#1501));
#4833=EDGE_LOOP('',(#1502,#1503,#1504,#1505));
#4834=EDGE_LOOP('',(#1506,#1507,#1508,#1509));
#4835=EDGE_LOOP('',(#1510,#1511,#1512,#1513,#1514,#1515));
#4836=EDGE_LOOP('',(#1516,#1517,#1518,#1519,#1520,#1521));
#4837=EDGE_LOOP('',(#1522,#1523,#1524,#1525));
#4838=EDGE_LOOP('',(#1526,#1527,#1528,#1529));
#4839=EDGE_LOOP('',(#1530,#1531,#1532,#1533,#1534,#1535,#1536,#1537));
#4840=EDGE_LOOP('',(#1538,#1539,#1540,#1541,#1542,#1543,#1544,#1545,#1546,
#1547,#1548,#1549,#1550,#1551));
#4841=EDGE_LOOP('',(#1552,#1553,#1554,#1555,#1556,#1557,#1558,#1559));
#4842=EDGE_LOOP('',(#1560,#1561,#1562,#1563,#1564,#1565,#1566,#1567));
#4843=EDGE_LOOP('',(#1568,#1569,#1570,#1571,#1572,#1573,#1574,#1575));
#4844=EDGE_LOOP('',(#1576,#1577,#1578,#1579));
#4845=EDGE_LOOP('',(#1580,#1581,#1582,#1583));
#4846=EDGE_LOOP('',(#1584,#1585,#1586,#1587));
#4847=EDGE_LOOP('',(#1588,#1589,#1590,#1591));
#4848=EDGE_LOOP('',(#1592,#1593,#1594,#1595));
#4849=EDGE_LOOP('',(#1596,#1597,#1598,#1599));
#4850=EDGE_LOOP('',(#1600,#1601,#1602,#1603));
#4851=EDGE_LOOP('',(#1604,#1605,#1606,#1607));
#4852=EDGE_LOOP('',(#1608,#1609,#1610,#1611));
#4853=EDGE_LOOP('',(#1612,#1613,#1614,#1615,#1616));
#4854=EDGE_LOOP('',(#1617,#1618,#1619,#1620,#1621));
#4855=EDGE_LOOP('',(#1622,#1623,#1624,#1625));
#4856=EDGE_LOOP('',(#1626,#1627,#1628));
#4857=EDGE_LOOP('',(#1629,#1630,#1631));
#4858=EDGE_LOOP('',(#1632,#1633,#1634,#1635));
#4859=EDGE_LOOP('',(#1636,#1637,#1638,#1639));
#4860=EDGE_LOOP('',(#1640,#1641,#1642,#1643));
#4861=EDGE_LOOP('',(#1644,#1645,#1646,#1647));
#4862=EDGE_LOOP('',(#1648,#1649,#1650));
#4863=EDGE_LOOP('',(#1651,#1652,#1653));
#4864=EDGE_LOOP('',(#1654,#1655,#1656,#1657));
#4865=EDGE_LOOP('',(#1658,#1659,#1660,#1661));
#4866=EDGE_LOOP('',(#1662,#1663,#1664,#1665));
#4867=EDGE_LOOP('',(#1666,#1667,#1668,#1669,#1670));
#4868=EDGE_LOOP('',(#1671,#1672,#1673));
#4869=EDGE_LOOP('',(#1674,#1675,#1676));
#4870=EDGE_LOOP('',(#1677,#1678,#1679,#1680));
#4871=EDGE_LOOP('',(#1681,#1682,#1683,#1684));
#4872=EDGE_LOOP('',(#1685,#1686,#1687,#1688));
#4873=EDGE_LOOP('',(#1689,#1690,#1691,#1692,#1693));
#4874=EDGE_LOOP('',(#1694,#1695,#1696));
#4875=EDGE_LOOP('',(#1697,#1698,#1699));
#4876=EDGE_LOOP('',(#1700,#1701,#1702,#1703));
#4877=EDGE_LOOP('',(#1704,#1705,#1706,#1707,#1708));
#4878=EDGE_LOOP('',(#1709,#1710,#1711,#1712));
#4879=EDGE_LOOP('',(#1713,#1714,#1715,#1716,#1717,#1718,#1719,#1720,#1721,
#1722));
#4880=EDGE_LOOP('',(#1723,#1724,#1725,#1726));
#4881=EDGE_LOOP('',(#1727,#1728,#1729,#1730,#1731));
#4882=EDGE_LOOP('',(#1732,#1733,#1734,#1735));
#4883=EDGE_LOOP('',(#1736,#1737,#1738,#1739));
#4884=EDGE_LOOP('',(#1740,#1741,#1742,#1743));
#4885=EDGE_LOOP('',(#1744,#1745,#1746,#1747));
#4886=EDGE_LOOP('',(#1748,#1749,#1750,#1751));
#4887=EDGE_LOOP('',(#1752,#1753,#1754,#1755));
#4888=EDGE_LOOP('',(#1756,#1757,#1758,#1759));
#4889=EDGE_LOOP('',(#1760,#1761,#1762,#1763));
#4890=EDGE_LOOP('',(#1764,#1765,#1766,#1767));
#4891=EDGE_LOOP('',(#1768,#1769,#1770,#1771));
#4892=EDGE_LOOP('',(#1772,#1773,#1774,#1775));
#4893=EDGE_LOOP('',(#1776,#1777,#1778,#1779));
#4894=EDGE_LOOP('',(#1780,#1781,#1782,#1783));
#4895=EDGE_LOOP('',(#1784,#1785,#1786,#1787,#1788,#1789,#1790,#1791));
#4896=EDGE_LOOP('',(#1792,#1793,#1794,#1795));
#4897=EDGE_LOOP('',(#1796,#1797,#1798,#1799));
#4898=EDGE_LOOP('',(#1800,#1801,#1802,#1803));
#4899=EDGE_LOOP('',(#1804,#1805,#1806,#1807));
#4900=EDGE_LOOP('',(#1808,#1809,#1810,#1811));
#4901=EDGE_LOOP('',(#1812,#1813,#1814,#1815));
#4902=EDGE_LOOP('',(#1816,#1817,#1818,#1819));
#4903=EDGE_LOOP('',(#1820,#1821,#1822,#1823));
#4904=EDGE_LOOP('',(#1824,#1825,#1826));
#4905=EDGE_LOOP('',(#1827,#1828,#1829,#1830));
#4906=EDGE_LOOP('',(#1831,#1832,#1833));
#4907=EDGE_LOOP('',(#1834,#1835,#1836,#1837,#1838));
#4908=EDGE_LOOP('',(#1839,#1840,#1841,#1842));
#4909=EDGE_LOOP('',(#1843,#1844,#1845,#1846,#1847));
#4910=EDGE_LOOP('',(#1848,#1849,#1850,#1851));
#4911=EDGE_LOOP('',(#1852,#1853,#1854,#1855,#1856,#1857,#1858,#1859));
#4912=EDGE_LOOP('',(#1860,#1861,#1862,#1863,#1864,#1865,#1866,#1867));
#4913=EDGE_LOOP('',(#1868,#1869,#1870,#1871));
#4914=EDGE_LOOP('',(#1872,#1873,#1874,#1875));
#4915=EDGE_LOOP('',(#1876,#1877,#1878,#1879));
#4916=EDGE_LOOP('',(#1880,#1881,#1882,#1883,#1884,#1885,#1886,#1887,#1888,
#1889,#1890,#1891,#1892,#1893,#1894,#1895,#1896,#1897));
#4917=EDGE_LOOP('',(#1898,#1899,#1900,#1901));
#4918=EDGE_LOOP('',(#1902,#1903,#1904,#1905));
#4919=EDGE_LOOP('',(#1906,#1907,#1908,#1909));
#4920=EDGE_LOOP('',(#1910,#1911,#1912,#1913));
#4921=EDGE_LOOP('',(#1914,#1915,#1916,#1917));
#4922=EDGE_LOOP('',(#1918,#1919,#1920,#1921));
#4923=EDGE_LOOP('',(#1922,#1923,#1924,#1925,#1926,#1927));
#4924=EDGE_LOOP('',(#1928,#1929,#1930,#1931,#1932,#1933));
#4925=EDGE_LOOP('',(#1934,#1935,#1936,#1937));
#4926=FACE_BOUND('',#4568,.T.);
#4927=FACE_BOUND('',#4569,.T.);
#4928=FACE_BOUND('',#4570,.T.);
#4929=FACE_BOUND('',#4571,.T.);
#4930=FACE_BOUND('',#4572,.T.);
#4931=FACE_BOUND('',#4573,.T.);
#4932=FACE_BOUND('',#4574,.T.);
#4933=FACE_BOUND('',#4575,.T.);
#4934=FACE_BOUND('',#4576,.T.);
#4935=FACE_BOUND('',#4577,.T.);
#4936=FACE_BOUND('',#4578,.T.);
#4937=FACE_BOUND('',#4579,.T.);
#4938=FACE_BOUND('',#4580,.T.);
#4939=FACE_BOUND('',#4581,.T.);
#4940=FACE_BOUND('',#4582,.T.);
#4941=FACE_BOUND('',#4583,.T.);
#4942=FACE_BOUND('',#4584,.T.);
#4943=FACE_BOUND('',#4585,.T.);
#4944=FACE_BOUND('',#4586,.T.);
#4945=FACE_BOUND('',#4587,.T.);
#4946=FACE_BOUND('',#4588,.T.);
#4947=FACE_BOUND('',#4589,.T.);
#4948=FACE_BOUND('',#4590,.T.);
#4949=FACE_BOUND('',#4591,.T.);
#4950=FACE_BOUND('',#4592,.T.);
#4951=FACE_BOUND('',#4593,.T.);
#4952=FACE_BOUND('',#4594,.T.);
#4953=FACE_BOUND('',#4595,.T.);
#4954=FACE_BOUND('',#4596,.T.);
#4955=FACE_BOUND('',#4597,.T.);
#4956=FACE_BOUND('',#4598,.T.);
#4957=FACE_BOUND('',#4599,.T.);
#4958=FACE_BOUND('',#4600,.T.);
#4959=FACE_BOUND('',#4601,.T.);
#4960=FACE_BOUND('',#4602,.T.);
#4961=FACE_BOUND('',#4603,.T.);
#4962=FACE_BOUND('',#4604,.T.);
#4963=FACE_BOUND('',#4605,.T.);
#4964=FACE_BOUND('',#4606,.T.);
#4965=FACE_BOUND('',#4607,.T.);
#4966=FACE_BOUND('',#4608,.T.);
#4967=FACE_BOUND('',#4609,.T.);
#4968=FACE_BOUND('',#4610,.T.);
#4969=FACE_BOUND('',#4611,.T.);
#4970=FACE_BOUND('',#4612,.T.);
#4971=FACE_BOUND('',#4613,.T.);
#4972=FACE_BOUND('',#4614,.T.);
#4973=FACE_BOUND('',#4615,.T.);
#4974=FACE_BOUND('',#4616,.T.);
#4975=FACE_BOUND('',#4617,.T.);
#4976=FACE_BOUND('',#4618,.T.);
#4977=FACE_BOUND('',#4619,.T.);
#4978=FACE_BOUND('',#4620,.T.);
#4979=FACE_BOUND('',#4621,.T.);
#4980=FACE_BOUND('',#4622,.T.);
#4981=FACE_BOUND('',#4623,.T.);
#4982=FACE_BOUND('',#4624,.T.);
#4983=FACE_BOUND('',#4625,.T.);
#4984=FACE_BOUND('',#4626,.T.);
#4985=FACE_BOUND('',#4627,.T.);
#4986=FACE_BOUND('',#4628,.T.);
#4987=FACE_BOUND('',#4629,.T.);
#4988=FACE_BOUND('',#4630,.T.);
#4989=FACE_BOUND('',#4631,.T.);
#4990=FACE_BOUND('',#4632,.T.);
#4991=FACE_BOUND('',#4633,.T.);
#4992=FACE_BOUND('',#4634,.T.);
#4993=FACE_BOUND('',#4635,.T.);
#4994=FACE_BOUND('',#4636,.T.);
#4995=FACE_BOUND('',#4637,.T.);
#4996=FACE_BOUND('',#4638,.T.);
#4997=FACE_BOUND('',#4639,.T.);
#4998=FACE_BOUND('',#4640,.T.);
#4999=FACE_BOUND('',#4641,.T.);
#5000=FACE_BOUND('',#4642,.T.);
#5001=FACE_BOUND('',#4643,.T.);
#5002=FACE_BOUND('',#4644,.T.);
#5003=FACE_BOUND('',#4645,.T.);
#5004=FACE_BOUND('',#4646,.T.);
#5005=FACE_BOUND('',#4647,.T.);
#5006=FACE_BOUND('',#4648,.T.);
#5007=FACE_BOUND('',#4649,.T.);
#5008=FACE_BOUND('',#4650,.T.);
#5009=FACE_BOUND('',#4651,.T.);
#5010=FACE_BOUND('',#4652,.T.);
#5011=FACE_BOUND('',#4653,.T.);
#5012=FACE_BOUND('',#4654,.T.);
#5013=FACE_BOUND('',#4655,.T.);
#5014=FACE_BOUND('',#4656,.T.);
#5015=FACE_BOUND('',#4657,.T.);
#5016=FACE_BOUND('',#4658,.T.);
#5017=FACE_BOUND('',#4659,.T.);
#5018=FACE_BOUND('',#4660,.T.);
#5019=FACE_BOUND('',#4661,.T.);
#5020=FACE_BOUND('',#4662,.T.);
#5021=FACE_BOUND('',#4663,.T.);
#5022=FACE_BOUND('',#4664,.T.);
#5023=FACE_BOUND('',#4665,.T.);
#5024=FACE_BOUND('',#4666,.T.);
#5025=FACE_BOUND('',#4667,.T.);
#5026=FACE_BOUND('',#4668,.T.);
#5027=FACE_BOUND('',#4669,.T.);
#5028=FACE_BOUND('',#4670,.T.);
#5029=FACE_BOUND('',#4671,.T.);
#5030=FACE_BOUND('',#4672,.T.);
#5031=FACE_BOUND('',#4673,.T.);
#5032=FACE_BOUND('',#4674,.T.);
#5033=FACE_BOUND('',#4675,.T.);
#5034=FACE_BOUND('',#4676,.T.);
#5035=FACE_BOUND('',#4677,.T.);
#5036=FACE_BOUND('',#4678,.T.);
#5037=FACE_BOUND('',#4679,.T.);
#5038=FACE_BOUND('',#4680,.T.);
#5039=FACE_BOUND('',#4681,.T.);
#5040=FACE_BOUND('',#4682,.T.);
#5041=FACE_BOUND('',#4683,.T.);
#5042=FACE_BOUND('',#4684,.T.);
#5043=FACE_BOUND('',#4685,.T.);
#5044=FACE_BOUND('',#4686,.T.);
#5045=FACE_BOUND('',#4687,.T.);
#5046=FACE_BOUND('',#4688,.T.);
#5047=FACE_BOUND('',#4689,.T.);
#5048=FACE_BOUND('',#4690,.T.);
#5049=FACE_BOUND('',#4691,.T.);
#5050=FACE_BOUND('',#4692,.T.);
#5051=FACE_BOUND('',#4693,.T.);
#5052=FACE_BOUND('',#4694,.T.);
#5053=FACE_BOUND('',#4695,.T.);
#5054=FACE_BOUND('',#4696,.T.);
#5055=FACE_BOUND('',#4697,.T.);
#5056=FACE_BOUND('',#4698,.T.);
#5057=FACE_BOUND('',#4699,.T.);
#5058=FACE_BOUND('',#4700,.T.);
#5059=FACE_BOUND('',#4701,.T.);
#5060=FACE_BOUND('',#4702,.T.);
#5061=FACE_BOUND('',#4703,.T.);
#5062=FACE_BOUND('',#4704,.T.);
#5063=FACE_BOUND('',#4705,.T.);
#5064=FACE_BOUND('',#4706,.T.);
#5065=FACE_BOUND('',#4707,.T.);
#5066=FACE_BOUND('',#4708,.T.);
#5067=FACE_BOUND('',#4709,.T.);
#5068=FACE_BOUND('',#4710,.T.);
#5069=FACE_BOUND('',#4711,.T.);
#5070=FACE_BOUND('',#4712,.T.);
#5071=FACE_BOUND('',#4713,.T.);
#5072=FACE_BOUND('',#4714,.T.);
#5073=FACE_BOUND('',#4715,.T.);
#5074=FACE_BOUND('',#4716,.T.);
#5075=FACE_BOUND('',#4717,.T.);
#5076=FACE_BOUND('',#4718,.T.);
#5077=FACE_BOUND('',#4719,.T.);
#5078=FACE_BOUND('',#4720,.T.);
#5079=FACE_BOUND('',#4721,.T.);
#5080=FACE_BOUND('',#4722,.T.);
#5081=FACE_BOUND('',#4723,.T.);
#5082=FACE_BOUND('',#4724,.T.);
#5083=FACE_BOUND('',#4725,.T.);
#5084=FACE_BOUND('',#4726,.T.);
#5085=FACE_BOUND('',#4727,.T.);
#5086=FACE_BOUND('',#4728,.T.);
#5087=FACE_BOUND('',#4729,.T.);
#5088=FACE_BOUND('',#4730,.T.);
#5089=FACE_BOUND('',#4731,.T.);
#5090=FACE_BOUND('',#4732,.T.);
#5091=FACE_BOUND('',#4733,.T.);
#5092=FACE_BOUND('',#4734,.T.);
#5093=FACE_BOUND('',#4735,.T.);
#5094=FACE_BOUND('',#4736,.T.);
#5095=FACE_BOUND('',#4737,.T.);
#5096=FACE_BOUND('',#4738,.T.);
#5097=FACE_BOUND('',#4739,.T.);
#5098=FACE_BOUND('',#4740,.T.);
#5099=FACE_BOUND('',#4741,.T.);
#5100=FACE_BOUND('',#4742,.T.);
#5101=FACE_BOUND('',#4743,.T.);
#5102=FACE_BOUND('',#4744,.T.);
#5103=FACE_BOUND('',#4745,.T.);
#5104=FACE_BOUND('',#4746,.T.);
#5105=FACE_BOUND('',#4747,.T.);
#5106=FACE_BOUND('',#4748,.T.);
#5107=FACE_BOUND('',#4749,.T.);
#5108=FACE_BOUND('',#4750,.T.);
#5109=FACE_BOUND('',#4751,.T.);
#5110=FACE_BOUND('',#4752,.T.);
#5111=FACE_BOUND('',#4753,.T.);
#5112=FACE_BOUND('',#4754,.T.);
#5113=FACE_BOUND('',#4755,.T.);
#5114=FACE_BOUND('',#4756,.T.);
#5115=FACE_BOUND('',#4757,.T.);
#5116=FACE_BOUND('',#4758,.T.);
#5117=FACE_BOUND('',#4759,.T.);
#5118=FACE_BOUND('',#4760,.T.);
#5119=FACE_BOUND('',#4761,.T.);
#5120=FACE_BOUND('',#4762,.T.);
#5121=FACE_BOUND('',#4763,.T.);
#5122=FACE_BOUND('',#4764,.T.);
#5123=FACE_BOUND('',#4765,.T.);
#5124=FACE_BOUND('',#4766,.T.);
#5125=FACE_BOUND('',#4767,.T.);
#5126=FACE_BOUND('',#4768,.T.);
#5127=FACE_BOUND('',#4769,.T.);
#5128=FACE_BOUND('',#4770,.T.);
#5129=FACE_BOUND('',#4771,.T.);
#5130=FACE_BOUND('',#4772,.T.);
#5131=FACE_BOUND('',#4773,.T.);
#5132=FACE_BOUND('',#4774,.T.);
#5133=FACE_BOUND('',#4775,.T.);
#5134=FACE_BOUND('',#4776,.T.);
#5135=FACE_BOUND('',#4777,.T.);
#5136=FACE_BOUND('',#4778,.T.);
#5137=FACE_BOUND('',#4779,.T.);
#5138=FACE_BOUND('',#4780,.T.);
#5139=FACE_BOUND('',#4781,.T.);
#5140=FACE_BOUND('',#4782,.T.);
#5141=FACE_BOUND('',#4783,.T.);
#5142=FACE_BOUND('',#4784,.T.);
#5143=FACE_BOUND('',#4785,.T.);
#5144=FACE_BOUND('',#4786,.T.);
#5145=FACE_BOUND('',#4787,.T.);
#5146=FACE_BOUND('',#4788,.T.);
#5147=FACE_BOUND('',#4789,.T.);
#5148=FACE_BOUND('',#4790,.T.);
#5149=FACE_BOUND('',#4791,.T.);
#5150=FACE_BOUND('',#4792,.T.);
#5151=FACE_BOUND('',#4793,.T.);
#5152=FACE_BOUND('',#4794,.T.);
#5153=FACE_BOUND('',#4795,.T.);
#5154=FACE_BOUND('',#4796,.T.);
#5155=FACE_BOUND('',#4797,.T.);
#5156=FACE_BOUND('',#4798,.T.);
#5157=FACE_BOUND('',#4799,.T.);
#5158=FACE_BOUND('',#4800,.T.);
#5159=FACE_BOUND('',#4801,.T.);
#5160=FACE_BOUND('',#4802,.T.);
#5161=FACE_BOUND('',#4803,.T.);
#5162=FACE_BOUND('',#4804,.T.);
#5163=FACE_BOUND('',#4805,.T.);
#5164=FACE_BOUND('',#4806,.T.);
#5165=FACE_BOUND('',#4807,.T.);
#5166=FACE_BOUND('',#4808,.T.);
#5167=FACE_BOUND('',#4809,.T.);
#5168=FACE_BOUND('',#4810,.T.);
#5169=FACE_BOUND('',#4811,.T.);
#5170=FACE_BOUND('',#4812,.T.);
#5171=FACE_BOUND('',#4813,.T.);
#5172=FACE_BOUND('',#4814,.T.);
#5173=FACE_BOUND('',#4815,.T.);
#5174=FACE_BOUND('',#4816,.T.);
#5175=FACE_BOUND('',#4817,.T.);
#5176=FACE_BOUND('',#4818,.T.);
#5177=FACE_BOUND('',#4819,.T.);
#5178=FACE_BOUND('',#4820,.T.);
#5179=FACE_BOUND('',#4821,.T.);
#5180=FACE_BOUND('',#4822,.T.);
#5181=FACE_BOUND('',#4823,.T.);
#5182=FACE_BOUND('',#4824,.T.);
#5183=FACE_BOUND('',#4825,.T.);
#5184=FACE_BOUND('',#4826,.T.);
#5185=FACE_BOUND('',#4827,.T.);
#5186=FACE_BOUND('',#4828,.T.);
#5187=FACE_BOUND('',#4829,.T.);
#5188=FACE_BOUND('',#4830,.T.);
#5189=FACE_BOUND('',#4831,.T.);
#5190=FACE_BOUND('',#4832,.T.);
#5191=FACE_BOUND('',#4833,.T.);
#5192=FACE_BOUND('',#4834,.T.);
#5193=FACE_BOUND('',#4835,.T.);
#5194=FACE_BOUND('',#4836,.T.);
#5195=FACE_BOUND('',#4837,.T.);
#5196=FACE_BOUND('',#4838,.T.);
#5197=FACE_BOUND('',#4839,.T.);
#5198=FACE_BOUND('',#4840,.T.);
#5199=FACE_BOUND('',#4841,.T.);
#5200=FACE_BOUND('',#4842,.T.);
#5201=FACE_BOUND('',#4843,.T.);
#5202=FACE_BOUND('',#4844,.T.);
#5203=FACE_BOUND('',#4845,.T.);
#5204=FACE_BOUND('',#4846,.T.);
#5205=FACE_BOUND('',#4847,.T.);
#5206=FACE_BOUND('',#4848,.T.);
#5207=FACE_BOUND('',#4849,.T.);
#5208=FACE_BOUND('',#4850,.T.);
#5209=FACE_BOUND('',#4851,.T.);
#5210=FACE_BOUND('',#4852,.T.);
#5211=FACE_BOUND('',#4853,.T.);
#5212=FACE_BOUND('',#4854,.T.);
#5213=FACE_BOUND('',#4855,.T.);
#5214=FACE_BOUND('',#4856,.T.);
#5215=FACE_BOUND('',#4857,.T.);
#5216=FACE_BOUND('',#4858,.T.);
#5217=FACE_BOUND('',#4859,.T.);
#5218=FACE_BOUND('',#4860,.T.);
#5219=FACE_BOUND('',#4861,.T.);
#5220=FACE_BOUND('',#4862,.T.);
#5221=FACE_BOUND('',#4863,.T.);
#5222=FACE_BOUND('',#4864,.T.);
#5223=FACE_BOUND('',#4865,.T.);
#5224=FACE_BOUND('',#4866,.T.);
#5225=FACE_BOUND('',#4867,.T.);
#5226=FACE_BOUND('',#4868,.T.);
#5227=FACE_BOUND('',#4869,.T.);
#5228=FACE_BOUND('',#4870,.T.);
#5229=FACE_BOUND('',#4871,.T.);
#5230=FACE_BOUND('',#4872,.T.);
#5231=FACE_BOUND('',#4873,.T.);
#5232=FACE_BOUND('',#4874,.T.);
#5233=FACE_BOUND('',#4875,.T.);
#5234=FACE_BOUND('',#4876,.T.);
#5235=FACE_BOUND('',#4877,.T.);
#5236=FACE_BOUND('',#4878,.T.);
#5237=FACE_BOUND('',#4879,.T.);
#5238=FACE_BOUND('',#4880,.T.);
#5239=FACE_BOUND('',#4881,.T.);
#5240=FACE_BOUND('',#4882,.T.);
#5241=FACE_BOUND('',#4883,.T.);
#5242=FACE_BOUND('',#4884,.T.);
#5243=FACE_BOUND('',#4885,.T.);
#5244=FACE_BOUND('',#4886,.T.);
#5245=FACE_BOUND('',#4887,.T.);
#5246=FACE_BOUND('',#4888,.T.);
#5247=FACE_BOUND('',#4889,.T.);
#5248=FACE_BOUND('',#4890,.T.);
#5249=FACE_BOUND('',#4891,.T.);
#5250=FACE_BOUND('',#4892,.T.);
#5251=FACE_BOUND('',#4893,.T.);
#5252=FACE_BOUND('',#4894,.T.);
#5253=FACE_BOUND('',#4895,.T.);
#5254=FACE_BOUND('',#4896,.T.);
#5255=FACE_BOUND('',#4897,.T.);
#5256=FACE_BOUND('',#4898,.T.);
#5257=FACE_BOUND('',#4899,.T.);
#5258=FACE_BOUND('',#4900,.T.);
#5259=FACE_BOUND('',#4901,.T.);
#5260=FACE_BOUND('',#4902,.T.);
#5261=FACE_BOUND('',#4903,.T.);
#5262=FACE_BOUND('',#4904,.T.);
#5263=FACE_BOUND('',#4905,.T.);
#5264=FACE_BOUND('',#4906,.T.);
#5265=FACE_BOUND('',#4907,.T.);
#5266=FACE_BOUND('',#4908,.T.);
#5267=FACE_BOUND('',#4909,.T.);
#5268=FACE_BOUND('',#4910,.T.);
#5269=FACE_BOUND('',#4911,.T.);
#5270=FACE_BOUND('',#4912,.T.);
#5271=FACE_BOUND('',#4913,.T.);
#5272=FACE_BOUND('',#4914,.T.);
#5273=FACE_BOUND('',#4915,.T.);
#5274=FACE_BOUND('',#4916,.T.);
#5275=FACE_BOUND('',#4917,.T.);
#5276=FACE_BOUND('',#4918,.T.);
#5277=FACE_BOUND('',#4919,.T.);
#5278=FACE_BOUND('',#4920,.T.);
#5279=FACE_BOUND('',#4921,.T.);
#5280=FACE_BOUND('',#4922,.T.);
#5281=FACE_BOUND('',#4923,.T.);
#5282=FACE_BOUND('',#4924,.T.);
#5283=FACE_BOUND('',#4925,.T.);
#5284=PLANE('',#5923);
#5285=PLANE('',#5924);
#5286=PLANE('',#5933);
#5287=PLANE('',#5938);
#5288=PLANE('',#5939);
#5289=PLANE('',#5940);
#5290=PLANE('',#5941);
#5291=PLANE('',#5942);
#5292=PLANE('',#5943);
#5293=PLANE('',#5944);
#5294=PLANE('',#5945);
#5295=PLANE('',#5946);
#5296=PLANE('',#5947);
#5297=PLANE('',#5948);
#5298=PLANE('',#5949);
#5299=PLANE('',#5950);
#5300=PLANE('',#5951);
#5301=PLANE('',#5952);
#5302=PLANE('',#5953);
#5303=PLANE('',#5954);
#5304=PLANE('',#5955);
#5305=PLANE('',#5956);
#5306=PLANE('',#5957);
#5307=PLANE('',#5958);
#5308=PLANE('',#5959);
#5309=PLANE('',#5960);
#5310=PLANE('',#5961);
#5311=PLANE('',#5962);
#5312=PLANE('',#5963);
#5313=PLANE('',#5964);
#5314=PLANE('',#5965);
#5315=PLANE('',#5966);
#5316=PLANE('',#5967);
#5317=PLANE('',#5968);
#5318=PLANE('',#5969);
#5319=PLANE('',#5970);
#5320=PLANE('',#5973);
#5321=PLANE('',#5978);
#5322=PLANE('',#5980);
#5323=PLANE('',#5982);
#5324=PLANE('',#5983);
#5325=PLANE('',#5986);
#5326=PLANE('',#5987);
#5327=PLANE('',#5990);
#5328=PLANE('',#5999);
#5329=PLANE('',#6000);
#5330=PLANE('',#6001);
#5331=PLANE('',#6002);
#5332=PLANE('',#6003);
#5333=PLANE('',#6004);
#5334=PLANE('',#6005);
#5335=PLANE('',#6006);
#5336=PLANE('',#6007);
#5337=PLANE('',#6008);
#5338=PLANE('',#6009);
#5339=PLANE('',#6010);
#5340=PLANE('',#6011);
#5341=PLANE('',#6014);
#5342=PLANE('',#6015);
#5343=PLANE('',#6016);
#5344=PLANE('',#6019);
#5345=PLANE('',#6020);
#5346=PLANE('',#6021);
#5347=PLANE('',#6022);
#5348=PLANE('',#6024);
#5349=PLANE('',#6025);
#5350=PLANE('',#6034);
#5351=PLANE('',#6039);
#5352=PLANE('',#6040);
#5353=PLANE('',#6041);
#5354=PLANE('',#6042);
#5355=PLANE('',#6043);
#5356=PLANE('',#6044);
#5357=PLANE('',#6045);
#5358=PLANE('',#6046);
#5359=PLANE('',#6047);
#5360=PLANE('',#6048);
#5361=PLANE('',#6049);
#5362=PLANE('',#6050);
#5363=PLANE('',#6051);
#5364=PLANE('',#6052);
#5365=PLANE('',#6053);
#5366=PLANE('',#6054);
#5367=PLANE('',#6055);
#5368=PLANE('',#6056);
#5369=PLANE('',#6057);
#5370=PLANE('',#6058);
#5371=PLANE('',#6059);
#5372=PLANE('',#6060);
#5373=PLANE('',#6061);
#5374=PLANE('',#6062);
#5375=PLANE('',#6063);
#5376=PLANE('',#6064);
#5377=PLANE('',#6065);
#5378=PLANE('',#6066);
#5379=PLANE('',#6067);
#5380=PLANE('',#6068);
#5381=PLANE('',#6069);
#5382=PLANE('',#6070);
#5383=PLANE('',#6071);
#5384=PLANE('',#6074);
#5385=PLANE('',#6079);
#5386=PLANE('',#6081);
#5387=PLANE('',#6083);
#5388=PLANE('',#6084);
#5389=PLANE('',#6087);
#5390=PLANE('',#6088);
#5391=PLANE('',#6091);
#5392=PLANE('',#6100);
#5393=PLANE('',#6101);
#5394=PLANE('',#6102);
#5395=PLANE('',#6103);
#5396=PLANE('',#6104);
#5397=PLANE('',#6105);
#5398=PLANE('',#6106);
#5399=PLANE('',#6107);
#5400=PLANE('',#6108);
#5401=PLANE('',#6109);
#5402=PLANE('',#6110);
#5403=PLANE('',#6111);
#5404=PLANE('',#6112);
#5405=PLANE('',#6115);
#5406=PLANE('',#6116);
#5407=PLANE('',#6117);
#5408=PLANE('',#6120);
#5409=PLANE('',#6121);
#5410=PLANE('',#6122);
#5411=PLANE('',#6123);
#5412=PLANE('',#6125);
#5413=PLANE('',#6126);
#5414=PLANE('',#6135);
#5415=PLANE('',#6140);
#5416=PLANE('',#6141);
#5417=PLANE('',#6142);
#5418=PLANE('',#6143);
#5419=PLANE('',#6144);
#5420=PLANE('',#6145);
#5421=PLANE('',#6146);
#5422=PLANE('',#6147);
#5423=PLANE('',#6148);
#5424=PLANE('',#6149);
#5425=PLANE('',#6150);
#5426=PLANE('',#6151);
#5427=PLANE('',#6152);
#5428=PLANE('',#6153);
#5429=PLANE('',#6154);
#5430=PLANE('',#6155);
#5431=PLANE('',#6156);
#5432=PLANE('',#6157);
#5433=PLANE('',#6158);
#5434=PLANE('',#6159);
#5435=PLANE('',#6160);
#5436=PLANE('',#6161);
#5437=PLANE('',#6162);
#5438=PLANE('',#6163);
#5439=PLANE('',#6164);
#5440=PLANE('',#6165);
#5441=PLANE('',#6166);
#5442=PLANE('',#6167);
#5443=PLANE('',#6168);
#5444=PLANE('',#6169);
#5445=PLANE('',#6170);
#5446=PLANE('',#6171);
#5447=PLANE('',#6172);
#5448=PLANE('',#6175);
#5449=PLANE('',#6180);
#5450=PLANE('',#6182);
#5451=PLANE('',#6184);
#5452=PLANE('',#6185);
#5453=PLANE('',#6188);
#5454=PLANE('',#6189);
#5455=PLANE('',#6192);
#5456=PLANE('',#6204);
#5457=PLANE('',#6205);
#5458=PLANE('',#6206);
#5459=PLANE('',#6207);
#5460=PLANE('',#6208);
#5461=PLANE('',#6209);
#5462=PLANE('',#6210);
#5463=PLANE('',#6211);
#5464=PLANE('',#6212);
#5465=PLANE('',#6213);
#5466=PLANE('',#6214);
#5467=PLANE('',#6215);
#5468=PLANE('',#6216);
#5469=PLANE('',#6219);
#5470=PLANE('',#6220);
#5471=PLANE('',#6221);
#5472=PLANE('',#6224);
#5473=PLANE('',#6225);
#5474=PLANE('',#6226);
#5475=PLANE('',#6227);
#5476=PLANE('',#6229);
#5477=PLANE('',#6230);
#5478=PLANE('',#6239);
#5479=PLANE('',#6244);
#5480=PLANE('',#6245);
#5481=PLANE('',#6246);
#5482=PLANE('',#6247);
#5483=PLANE('',#6248);
#5484=PLANE('',#6249);
#5485=PLANE('',#6250);
#5486=PLANE('',#6251);
#5487=PLANE('',#6252);
#5488=PLANE('',#6253);
#5489=PLANE('',#6254);
#5490=PLANE('',#6255);
#5491=PLANE('',#6256);
#5492=PLANE('',#6257);
#5493=PLANE('',#6258);
#5494=PLANE('',#6259);
#5495=PLANE('',#6260);
#5496=PLANE('',#6261);
#5497=PLANE('',#6262);
#5498=PLANE('',#6263);
#5499=PLANE('',#6264);
#5500=PLANE('',#6265);
#5501=PLANE('',#6266);
#5502=PLANE('',#6267);
#5503=PLANE('',#6268);
#5504=PLANE('',#6269);
#5505=PLANE('',#6270);
#5506=PLANE('',#6271);
#5507=PLANE('',#6272);
#5508=PLANE('',#6273);
#5509=PLANE('',#6274);
#5510=PLANE('',#6275);
#5511=PLANE('',#6276);
#5512=PLANE('',#6279);
#5513=PLANE('',#6284);
#5514=PLANE('',#6286);
#5515=PLANE('',#6288);
#5516=PLANE('',#6289);
#5517=PLANE('',#6292);
#5518=PLANE('',#6293);
#5519=PLANE('',#6296);
#5520=PLANE('',#6305);
#5521=PLANE('',#6306);
#5522=PLANE('',#6307);
#5523=PLANE('',#6308);
#5524=PLANE('',#6309);
#5525=PLANE('',#6310);
#5526=PLANE('',#6311);
#5527=PLANE('',#6312);
#5528=PLANE('',#6313);
#5529=PLANE('',#6314);
#5530=PLANE('',#6315);
#5531=PLANE('',#6316);
#5532=PLANE('',#6317);
#5533=PLANE('',#6320);
#5534=PLANE('',#6321);
#5535=PLANE('',#6322);
#5536=PLANE('',#6325);
#5537=PLANE('',#6326);
#5538=PLANE('',#6327);
#5539=PLANE('',#6328);
#5540=ADVANCED_FACE('',(#4926),#5284,.T.);
#5541=ADVANCED_FACE('',(#4927,#4928),#5285,.F.);
#5542=ADVANCED_FACE('',(#4929,#4930,#4931),#5286,.F.);
#5543=ADVANCED_FACE('',(#4932),#5287,.F.);
#5544=ADVANCED_FACE('',(#4933),#5288,.T.);
#5545=ADVANCED_FACE('',(#4934),#5289,.T.);
#5546=ADVANCED_FACE('',(#4935),#5290,.F.);
#5547=ADVANCED_FACE('',(#4936),#5291,.F.);
#5548=ADVANCED_FACE('',(#4937),#5292,.F.);
#5549=ADVANCED_FACE('',(#4938),#5293,.T.);
#5550=ADVANCED_FACE('',(#4939),#5294,.F.);
#5551=ADVANCED_FACE('',(#4940),#5295,.F.);
#5552=ADVANCED_FACE('',(#4941),#5296,.F.);
#5553=ADVANCED_FACE('',(#4942),#5297,.T.);
#5554=ADVANCED_FACE('',(#4943),#5298,.F.);
#5555=ADVANCED_FACE('',(#4944),#5299,.T.);
#5556=ADVANCED_FACE('',(#4945),#5300,.T.);
#5557=ADVANCED_FACE('',(#4946),#5301,.F.);
#5558=ADVANCED_FACE('',(#4947),#5302,.T.);
#5559=ADVANCED_FACE('',(#4948),#5303,.F.);
#5560=ADVANCED_FACE('',(#4949),#5304,.T.);
#5561=ADVANCED_FACE('',(#4950),#5305,.T.);
#5562=ADVANCED_FACE('',(#4951),#5306,.T.);
#5563=ADVANCED_FACE('',(#4952),#5307,.T.);
#5564=ADVANCED_FACE('',(#4953),#5308,.T.);
#5565=ADVANCED_FACE('',(#4954),#5309,.T.);
#5566=ADVANCED_FACE('',(#4955),#5310,.F.);
#5567=ADVANCED_FACE('',(#4956),#5311,.T.);
#5568=ADVANCED_FACE('',(#4957),#5312,.T.);
#5569=ADVANCED_FACE('',(#4958),#5313,.F.);
#5570=ADVANCED_FACE('',(#4959),#5314,.F.);
#5571=ADVANCED_FACE('',(#4960),#5315,.T.);
#5572=ADVANCED_FACE('',(#4961),#5316,.T.);
#5573=ADVANCED_FACE('',(#4962),#5317,.T.);
#5574=ADVANCED_FACE('',(#4963),#5318,.T.);
#5575=ADVANCED_FACE('',(#4964),#5319,.F.);
#5576=ADVANCED_FACE('',(#4965),#156,.T.);
#5577=ADVANCED_FACE('',(#4966,#4967,#4968),#5320,.F.);
#5578=ADVANCED_FACE('',(#4969),#157,.T.);
#5579=ADVANCED_FACE('',(#4970),#5321,.T.);
#5580=ADVANCED_FACE('',(#4971),#158,.T.);
#5581=ADVANCED_FACE('',(#4972),#5322,.T.);
#5582=ADVANCED_FACE('',(#4973),#159,.T.);
#5583=ADVANCED_FACE('',(#4974),#5323,.F.);
#5584=ADVANCED_FACE('',(#4975),#5324,.F.);
#5585=ADVANCED_FACE('',(#4976),#73,.F.);
#5586=ADVANCED_FACE('',(#4977),#74,.F.);
#5587=ADVANCED_FACE('',(#4978),#5325,.T.);
#5588=ADVANCED_FACE('',(#4979),#5326,.F.);
#5589=ADVANCED_FACE('',(#4980),#75,.F.);
#5590=ADVANCED_FACE('',(#4981),#76,.F.);
#5591=ADVANCED_FACE('',(#4982),#5327,.T.);
#5592=ADVANCED_FACE('',(#4983),#69,.F.);
#5593=ADVANCED_FACE('',(#4984),#37,.T.);
#5594=ADVANCED_FACE('',(#4985),#38,.T.);
#5595=ADVANCED_FACE('',(#4986),#39,.T.);
#5596=ADVANCED_FACE('',(#4987),#40,.T.);
#5597=ADVANCED_FACE('',(#4988),#41,.T.);
#5598=ADVANCED_FACE('',(#4989),#42,.T.);
#5599=ADVANCED_FACE('',(#4990),#43,.T.);
#5600=ADVANCED_FACE('',(#4991),#44,.T.);
#5601=ADVANCED_FACE('',(#4992),#5328,.F.);
#5602=ADVANCED_FACE('',(#4993),#5329,.T.);
#5603=ADVANCED_FACE('',(#4994),#5330,.T.);
#5604=ADVANCED_FACE('',(#4995),#5331,.T.);
#5605=ADVANCED_FACE('',(#4996),#5332,.T.);
#5606=ADVANCED_FACE('',(#4997),#5333,.F.);
#5607=ADVANCED_FACE('',(#4998),#5334,.F.);
#5608=ADVANCED_FACE('',(#4999),#5335,.F.);
#5609=ADVANCED_FACE('',(#5000),#5336,.F.);
#5610=ADVANCED_FACE('',(#5001),#5337,.F.);
#5611=ADVANCED_FACE('',(#5002),#5338,.T.);
#5612=ADVANCED_FACE('',(#5003),#5339,.T.);
#5613=ADVANCED_FACE('',(#5004),#5340,.T.);
#5614=ADVANCED_FACE('',(#5005),#5341,.F.);
#5615=ADVANCED_FACE('',(#5006),#5342,.T.);
#5616=ADVANCED_FACE('',(#5007),#5343,.T.);
#5617=ADVANCED_FACE('',(#5008),#160,.T.);
#5618=ADVANCED_FACE('',(#5009),#161,.T.);
#5619=ADVANCED_FACE('',(#5010),#5344,.T.);
#5620=ADVANCED_FACE('',(#5011),#5345,.T.);
#5621=ADVANCED_FACE('',(#5012),#5346,.T.);
#5622=ADVANCED_FACE('',(#5013),#5347,.F.);
#5623=ADVANCED_FACE('',(#5014),#5348,.T.);
#5624=ADVANCED_FACE('',(#5015,#5016),#5349,.F.);
#5625=ADVANCED_FACE('',(#5017,#5018,#5019),#5350,.F.);
#5626=ADVANCED_FACE('',(#5020),#5351,.F.);
#5627=ADVANCED_FACE('',(#5021),#5352,.T.);
#5628=ADVANCED_FACE('',(#5022),#5353,.T.);
#5629=ADVANCED_FACE('',(#5023),#5354,.F.);
#5630=ADVANCED_FACE('',(#5024),#5355,.F.);
#5631=ADVANCED_FACE('',(#5025),#5356,.F.);
#5632=ADVANCED_FACE('',(#5026),#5357,.T.);
#5633=ADVANCED_FACE('',(#5027),#5358,.F.);
#5634=ADVANCED_FACE('',(#5028),#5359,.F.);
#5635=ADVANCED_FACE('',(#5029),#5360,.F.);
#5636=ADVANCED_FACE('',(#5030),#5361,.T.);
#5637=ADVANCED_FACE('',(#5031),#5362,.F.);
#5638=ADVANCED_FACE('',(#5032),#5363,.T.);
#5639=ADVANCED_FACE('',(#5033),#5364,.T.);
#5640=ADVANCED_FACE('',(#5034),#5365,.F.);
#5641=ADVANCED_FACE('',(#5035),#5366,.T.);
#5642=ADVANCED_FACE('',(#5036),#5367,.F.);
#5643=ADVANCED_FACE('',(#5037),#5368,.T.);
#5644=ADVANCED_FACE('',(#5038),#5369,.T.);
#5645=ADVANCED_FACE('',(#5039),#5370,.T.);
#5646=ADVANCED_FACE('',(#5040),#5371,.T.);
#5647=ADVANCED_FACE('',(#5041),#5372,.T.);
#5648=ADVANCED_FACE('',(#5042),#5373,.T.);
#5649=ADVANCED_FACE('',(#5043),#5374,.F.);
#5650=ADVANCED_FACE('',(#5044),#5375,.T.);
#5651=ADVANCED_FACE('',(#5045),#5376,.T.);
#5652=ADVANCED_FACE('',(#5046),#5377,.F.);
#5653=ADVANCED_FACE('',(#5047),#5378,.F.);
#5654=ADVANCED_FACE('',(#5048),#5379,.T.);
#5655=ADVANCED_FACE('',(#5049),#5380,.T.);
#5656=ADVANCED_FACE('',(#5050),#5381,.T.);
#5657=ADVANCED_FACE('',(#5051),#5382,.T.);
#5658=ADVANCED_FACE('',(#5052),#5383,.F.);
#5659=ADVANCED_FACE('',(#5053),#162,.T.);
#5660=ADVANCED_FACE('',(#5054,#5055,#5056),#5384,.F.);
#5661=ADVANCED_FACE('',(#5057),#163,.T.);
#5662=ADVANCED_FACE('',(#5058),#5385,.T.);
#5663=ADVANCED_FACE('',(#5059),#164,.T.);
#5664=ADVANCED_FACE('',(#5060),#5386,.T.);
#5665=ADVANCED_FACE('',(#5061),#165,.T.);
#5666=ADVANCED_FACE('',(#5062),#5387,.F.);
#5667=ADVANCED_FACE('',(#5063),#5388,.F.);
#5668=ADVANCED_FACE('',(#5064),#77,.F.);
#5669=ADVANCED_FACE('',(#5065),#78,.F.);
#5670=ADVANCED_FACE('',(#5066),#5389,.T.);
#5671=ADVANCED_FACE('',(#5067),#5390,.F.);
#5672=ADVANCED_FACE('',(#5068),#79,.F.);
#5673=ADVANCED_FACE('',(#5069),#80,.F.);
#5674=ADVANCED_FACE('',(#5070),#5391,.T.);
#5675=ADVANCED_FACE('',(#5071),#70,.F.);
#5676=ADVANCED_FACE('',(#5072),#45,.T.);
#5677=ADVANCED_FACE('',(#5073),#46,.T.);
#5678=ADVANCED_FACE('',(#5074),#47,.T.);
#5679=ADVANCED_FACE('',(#5075),#48,.T.);
#5680=ADVANCED_FACE('',(#5076),#49,.T.);
#5681=ADVANCED_FACE('',(#5077),#50,.T.);
#5682=ADVANCED_FACE('',(#5078),#51,.T.);
#5683=ADVANCED_FACE('',(#5079),#52,.T.);
#5684=ADVANCED_FACE('',(#5080),#5392,.F.);
#5685=ADVANCED_FACE('',(#5081),#5393,.T.);
#5686=ADVANCED_FACE('',(#5082),#5394,.T.);
#5687=ADVANCED_FACE('',(#5083),#5395,.T.);
#5688=ADVANCED_FACE('',(#5084),#5396,.T.);
#5689=ADVANCED_FACE('',(#5085),#5397,.F.);
#5690=ADVANCED_FACE('',(#5086),#5398,.F.);
#5691=ADVANCED_FACE('',(#5087),#5399,.F.);
#5692=ADVANCED_FACE('',(#5088),#5400,.F.);
#5693=ADVANCED_FACE('',(#5089),#5401,.F.);
#5694=ADVANCED_FACE('',(#5090),#5402,.T.);
#5695=ADVANCED_FACE('',(#5091),#5403,.T.);
#5696=ADVANCED_FACE('',(#5092),#5404,.T.);
#5697=ADVANCED_FACE('',(#5093),#5405,.F.);
#5698=ADVANCED_FACE('',(#5094),#5406,.T.);
#5699=ADVANCED_FACE('',(#5095),#5407,.T.);
#5700=ADVANCED_FACE('',(#5096),#166,.T.);
#5701=ADVANCED_FACE('',(#5097),#167,.T.);
#5702=ADVANCED_FACE('',(#5098),#5408,.T.);
#5703=ADVANCED_FACE('',(#5099),#5409,.T.);
#5704=ADVANCED_FACE('',(#5100),#5410,.T.);
#5705=ADVANCED_FACE('',(#5101),#5411,.F.);
#5706=ADVANCED_FACE('',(#5102),#5412,.T.);
#5707=ADVANCED_FACE('',(#5103,#5104),#5413,.F.);
#5708=ADVANCED_FACE('',(#5105,#5106,#5107,#5108),#71,.F.);
#5709=ADVANCED_FACE('',(#5109,#5110,#5111),#5414,.F.);
#5710=ADVANCED_FACE('',(#5112),#5415,.F.);
#5711=ADVANCED_FACE('',(#5113),#5416,.T.);
#5712=ADVANCED_FACE('',(#5114),#5417,.T.);
#5713=ADVANCED_FACE('',(#5115),#5418,.F.);
#5714=ADVANCED_FACE('',(#5116),#5419,.F.);
#5715=ADVANCED_FACE('',(#5117),#5420,.F.);
#5716=ADVANCED_FACE('',(#5118),#5421,.T.);
#5717=ADVANCED_FACE('',(#5119),#5422,.F.);
#5718=ADVANCED_FACE('',(#5120),#5423,.F.);
#5719=ADVANCED_FACE('',(#5121),#5424,.F.);
#5720=ADVANCED_FACE('',(#5122),#5425,.T.);
#5721=ADVANCED_FACE('',(#5123),#5426,.F.);
#5722=ADVANCED_FACE('',(#5124),#5427,.T.);
#5723=ADVANCED_FACE('',(#5125),#5428,.T.);
#5724=ADVANCED_FACE('',(#5126),#5429,.F.);
#5725=ADVANCED_FACE('',(#5127),#5430,.T.);
#5726=ADVANCED_FACE('',(#5128),#5431,.F.);
#5727=ADVANCED_FACE('',(#5129),#5432,.T.);
#5728=ADVANCED_FACE('',(#5130),#5433,.T.);
#5729=ADVANCED_FACE('',(#5131),#5434,.T.);
#5730=ADVANCED_FACE('',(#5132),#5435,.T.);
#5731=ADVANCED_FACE('',(#5133),#5436,.T.);
#5732=ADVANCED_FACE('',(#5134),#5437,.T.);
#5733=ADVANCED_FACE('',(#5135),#5438,.F.);
#5734=ADVANCED_FACE('',(#5136),#5439,.T.);
#5735=ADVANCED_FACE('',(#5137),#5440,.T.);
#5736=ADVANCED_FACE('',(#5138),#5441,.F.);
#5737=ADVANCED_FACE('',(#5139),#5442,.F.);
#5738=ADVANCED_FACE('',(#5140),#5443,.T.);
#5739=ADVANCED_FACE('',(#5141),#5444,.T.);
#5740=ADVANCED_FACE('',(#5142),#5445,.T.);
#5741=ADVANCED_FACE('',(#5143),#5446,.T.);
#5742=ADVANCED_FACE('',(#5144),#5447,.F.);
#5743=ADVANCED_FACE('',(#5145),#168,.T.);
#5744=ADVANCED_FACE('',(#5146,#5147,#5148),#5448,.F.);
#5745=ADVANCED_FACE('',(#5149),#169,.T.);
#5746=ADVANCED_FACE('',(#5150),#5449,.T.);
#5747=ADVANCED_FACE('',(#5151),#170,.T.);
#5748=ADVANCED_FACE('',(#5152),#5450,.T.);
#5749=ADVANCED_FACE('',(#5153),#171,.T.);
#5750=ADVANCED_FACE('',(#5154),#5451,.F.);
#5751=ADVANCED_FACE('',(#5155),#5452,.F.);
#5752=ADVANCED_FACE('',(#5156),#81,.F.);
#5753=ADVANCED_FACE('',(#5157),#82,.F.);
#5754=ADVANCED_FACE('',(#5158),#5453,.T.);
#5755=ADVANCED_FACE('',(#5159),#5454,.F.);
#5756=ADVANCED_FACE('',(#5160),#83,.F.);
#5757=ADVANCED_FACE('',(#5161),#84,.F.);
#5758=ADVANCED_FACE('',(#5162),#5455,.T.);
#5759=ADVANCED_FACE('',(#5163),#53,.T.);
#5760=ADVANCED_FACE('',(#5164),#54,.T.);
#5761=ADVANCED_FACE('',(#5165),#55,.T.);
#5762=ADVANCED_FACE('',(#5166),#56,.T.);
#5763=ADVANCED_FACE('',(#5167),#57,.T.);
#5764=ADVANCED_FACE('',(#5168),#58,.T.);
#5765=ADVANCED_FACE('',(#5169),#59,.T.);
#5766=ADVANCED_FACE('',(#5170),#60,.T.);
#5767=ADVANCED_FACE('',(#5171),#10,.T.);
#5768=ADVANCED_FACE('',(#5172),#11,.T.);
#5769=ADVANCED_FACE('',(#5173),#12,.T.);
#5770=ADVANCED_FACE('',(#5174),#5456,.F.);
#5771=ADVANCED_FACE('',(#5175),#5457,.T.);
#5772=ADVANCED_FACE('',(#5176),#5458,.T.);
#5773=ADVANCED_FACE('',(#5177),#5459,.T.);
#5774=ADVANCED_FACE('',(#5178),#5460,.T.);
#5775=ADVANCED_FACE('',(#5179),#5461,.F.);
#5776=ADVANCED_FACE('',(#5180),#5462,.F.);
#5777=ADVANCED_FACE('',(#5181),#5463,.F.);
#5778=ADVANCED_FACE('',(#5182),#5464,.F.);
#5779=ADVANCED_FACE('',(#5183),#5465,.F.);
#5780=ADVANCED_FACE('',(#5184),#5466,.T.);
#5781=ADVANCED_FACE('',(#5185),#5467,.T.);
#5782=ADVANCED_FACE('',(#5186),#5468,.T.);
#5783=ADVANCED_FACE('',(#5187),#5469,.F.);
#5784=ADVANCED_FACE('',(#5188),#5470,.T.);
#5785=ADVANCED_FACE('',(#5189),#5471,.T.);
#5786=ADVANCED_FACE('',(#5190),#172,.T.);
#5787=ADVANCED_FACE('',(#5191),#173,.T.);
#5788=ADVANCED_FACE('',(#5192),#5472,.T.);
#5789=ADVANCED_FACE('',(#5193),#5473,.T.);
#5790=ADVANCED_FACE('',(#5194),#5474,.T.);
#5791=ADVANCED_FACE('',(#5195),#5475,.F.);
#5792=ADVANCED_FACE('',(#5196),#5476,.T.);
#5793=ADVANCED_FACE('',(#5197,#5198),#5477,.F.);
#5794=ADVANCED_FACE('',(#5199,#5200,#5201),#5478,.F.);
#5795=ADVANCED_FACE('',(#5202),#5479,.F.);
#5796=ADVANCED_FACE('',(#5203),#5480,.T.);
#5797=ADVANCED_FACE('',(#5204),#5481,.T.);
#5798=ADVANCED_FACE('',(#5205),#5482,.F.);
#5799=ADVANCED_FACE('',(#5206),#5483,.F.);
#5800=ADVANCED_FACE('',(#5207),#5484,.F.);
#5801=ADVANCED_FACE('',(#5208),#5485,.T.);
#5802=ADVANCED_FACE('',(#5209),#5486,.F.);
#5803=ADVANCED_FACE('',(#5210),#5487,.F.);
#5804=ADVANCED_FACE('',(#5211),#5488,.F.);
#5805=ADVANCED_FACE('',(#5212),#5489,.T.);
#5806=ADVANCED_FACE('',(#5213),#5490,.F.);
#5807=ADVANCED_FACE('',(#5214),#5491,.T.);
#5808=ADVANCED_FACE('',(#5215),#5492,.T.);
#5809=ADVANCED_FACE('',(#5216),#5493,.F.);
#5810=ADVANCED_FACE('',(#5217),#5494,.T.);
#5811=ADVANCED_FACE('',(#5218),#5495,.F.);
#5812=ADVANCED_FACE('',(#5219),#5496,.T.);
#5813=ADVANCED_FACE('',(#5220),#5497,.T.);
#5814=ADVANCED_FACE('',(#5221),#5498,.T.);
#5815=ADVANCED_FACE('',(#5222),#5499,.T.);
#5816=ADVANCED_FACE('',(#5223),#5500,.T.);
#5817=ADVANCED_FACE('',(#5224),#5501,.T.);
#5818=ADVANCED_FACE('',(#5225),#5502,.F.);
#5819=ADVANCED_FACE('',(#5226),#5503,.T.);
#5820=ADVANCED_FACE('',(#5227),#5504,.T.);
#5821=ADVANCED_FACE('',(#5228),#5505,.F.);
#5822=ADVANCED_FACE('',(#5229),#5506,.F.);
#5823=ADVANCED_FACE('',(#5230),#5507,.T.);
#5824=ADVANCED_FACE('',(#5231),#5508,.T.);
#5825=ADVANCED_FACE('',(#5232),#5509,.T.);
#5826=ADVANCED_FACE('',(#5233),#5510,.T.);
#5827=ADVANCED_FACE('',(#5234),#5511,.F.);
#5828=ADVANCED_FACE('',(#5235),#174,.T.);
#5829=ADVANCED_FACE('',(#5236,#5237,#5238),#5512,.F.);
#5830=ADVANCED_FACE('',(#5239),#175,.T.);
#5831=ADVANCED_FACE('',(#5240),#5513,.T.);
#5832=ADVANCED_FACE('',(#5241),#176,.T.);
#5833=ADVANCED_FACE('',(#5242),#5514,.T.);
#5834=ADVANCED_FACE('',(#5243),#177,.T.);
#5835=ADVANCED_FACE('',(#5244),#5515,.F.);
#5836=ADVANCED_FACE('',(#5245),#5516,.F.);
#5837=ADVANCED_FACE('',(#5246),#85,.F.);
#5838=ADVANCED_FACE('',(#5247),#86,.F.);
#5839=ADVANCED_FACE('',(#5248),#5517,.T.);
#5840=ADVANCED_FACE('',(#5249),#5518,.F.);
#5841=ADVANCED_FACE('',(#5250),#87,.F.);
#5842=ADVANCED_FACE('',(#5251),#88,.F.);
#5843=ADVANCED_FACE('',(#5252),#5519,.T.);
#5844=ADVANCED_FACE('',(#5253),#72,.F.);
#5845=ADVANCED_FACE('',(#5254),#61,.T.);
#5846=ADVANCED_FACE('',(#5255),#62,.T.);
#5847=ADVANCED_FACE('',(#5256),#63,.T.);
#5848=ADVANCED_FACE('',(#5257),#64,.T.);
#5849=ADVANCED_FACE('',(#5258),#65,.T.);
#5850=ADVANCED_FACE('',(#5259),#66,.T.);
#5851=ADVANCED_FACE('',(#5260),#67,.T.);
#5852=ADVANCED_FACE('',(#5261),#68,.T.);
#5853=ADVANCED_FACE('',(#5262),#5520,.F.);
#5854=ADVANCED_FACE('',(#5263),#5521,.T.);
#5855=ADVANCED_FACE('',(#5264),#5522,.T.);
#5856=ADVANCED_FACE('',(#5265),#5523,.T.);
#5857=ADVANCED_FACE('',(#5266),#5524,.T.);
#5858=ADVANCED_FACE('',(#5267),#5525,.F.);
#5859=ADVANCED_FACE('',(#5268),#5526,.F.);
#5860=ADVANCED_FACE('',(#5269),#5527,.F.);
#5861=ADVANCED_FACE('',(#5270),#5528,.F.);
#5862=ADVANCED_FACE('',(#5271),#5529,.F.);
#5863=ADVANCED_FACE('',(#5272),#5530,.T.);
#5864=ADVANCED_FACE('',(#5273),#5531,.T.);
#5865=ADVANCED_FACE('',(#5274),#5532,.T.);
#5866=ADVANCED_FACE('',(#5275),#5533,.F.);
#5867=ADVANCED_FACE('',(#5276),#5534,.T.);
#5868=ADVANCED_FACE('',(#5277),#5535,.T.);
#5869=ADVANCED_FACE('',(#5278),#178,.T.);
#5870=ADVANCED_FACE('',(#5279),#179,.T.);
#5871=ADVANCED_FACE('',(#5280),#5536,.T.);
#5872=ADVANCED_FACE('',(#5281),#5537,.T.);
#5873=ADVANCED_FACE('',(#5282),#5538,.T.);
#5874=ADVANCED_FACE('',(#5283),#5539,.F.);
#5875=CLOSED_SHELL('',(#5540,#5541,#5542,#5543,#5544,#5545,#5546,#5547,
#5548,#5549,#5550,#5551,#5552,#5553,#5554,#5555,#5556,#5557,#5558,#5559,
#5560,#5561,#5562,#5563,#5564,#5565,#5566,#5567,#5568,#5569,#5570,#5571,
#5572,#5573,#5574,#5575,#5576,#5577,#5578,#5579,#5580,#5581,#5582,#5583,
#5584,#5585,#5586,#5587,#5588,#5589,#5590,#5591,#5592,#5593,#5594,#5595,
#5596,#5597,#5598,#5599,#5600,#5601,#5602,#5603,#5604,#5605,#5606,#5607,
#5608,#5609,#5610,#5611,#5612,#5613,#5614,#5615,#5616,#5617,#5618,#5619,
#5620,#5621,#5622));
#5876=CLOSED_SHELL('',(#5623,#5624,#5625,#5626,#5627,#5628,#5629,#5630,
#5631,#5632,#5633,#5634,#5635,#5636,#5637,#5638,#5639,#5640,#5641,#5642,
#5643,#5644,#5645,#5646,#5647,#5648,#5649,#5650,#5651,#5652,#5653,#5654,
#5655,#5656,#5657,#5658,#5659,#5660,#5661,#5662,#5663,#5664,#5665,#5666,
#5667,#5668,#5669,#5670,#5671,#5672,#5673,#5674,#5675,#5676,#5677,#5678,
#5679,#5680,#5681,#5682,#5683,#5684,#5685,#5686,#5687,#5688,#5689,#5690,
#5691,#5692,#5693,#5694,#5695,#5696,#5697,#5698,#5699,#5700,#5701,#5702,
#5703,#5704,#5705));
#5877=CLOSED_SHELL('',(#5706,#5707,#5708,#5709,#5710,#5711,#5712,#5713,
#5714,#5715,#5716,#5717,#5718,#5719,#5720,#5721,#5722,#5723,#5724,#5725,
#5726,#5727,#5728,#5729,#5730,#5731,#5732,#5733,#5734,#5735,#5736,#5737,
#5738,#5739,#5740,#5741,#5742,#5743,#5744,#5745,#5746,#5747,#5748,#5749,
#5750,#5751,#5752,#5753,#5754,#5755,#5756,#5757,#5758,#5759,#5760,#5761,
#5762,#5763,#5764,#5765,#5766,#5767,#5768,#5769,#5770,#5771,#5772,#5773,
#5774,#5775,#5776,#5777,#5778,#5779,#5780,#5781,#5782,#5783,#5784,#5785,
#5786,#5787,#5788,#5789,#5790,#5791));
#5878=CLOSED_SHELL('',(#5792,#5793,#5794,#5795,#5796,#5797,#5798,#5799,
#5800,#5801,#5802,#5803,#5804,#5805,#5806,#5807,#5808,#5809,#5810,#5811,
#5812,#5813,#5814,#5815,#5816,#5817,#5818,#5819,#5820,#5821,#5822,#5823,
#5824,#5825,#5826,#5827,#5828,#5829,#5830,#5831,#5832,#5833,#5834,#5835,
#5836,#5837,#5838,#5839,#5840,#5841,#5842,#5843,#5844,#5845,#5846,#5847,
#5848,#5849,#5850,#5851,#5852,#5853,#5854,#5855,#5856,#5857,#5858,#5859,
#5860,#5861,#5862,#5863,#5864,#5865,#5866,#5867,#5868,#5869,#5870,#5871,
#5872,#5873,#5874));
#5879=STYLED_ITEM('',(#5883),#5908);
#5880=STYLED_ITEM('',(#5884),#5909);
#5881=STYLED_ITEM('',(#5885),#5910);
#5882=STYLED_ITEM('',(#5886),#5911);
#5883=PRESENTATION_STYLE_ASSIGNMENT((#5887));
#5884=PRESENTATION_STYLE_ASSIGNMENT((#5888));
#5885=PRESENTATION_STYLE_ASSIGNMENT((#5889));
#5886=PRESENTATION_STYLE_ASSIGNMENT((#5890));
#5887=SURFACE_STYLE_USAGE(.BOTH.,#5891);
#5888=SURFACE_STYLE_USAGE(.BOTH.,#5892);
#5889=SURFACE_STYLE_USAGE(.BOTH.,#5893);
#5890=SURFACE_STYLE_USAGE(.BOTH.,#5894);
#5891=SURFACE_SIDE_STYLE('',(#5895));
#5892=SURFACE_SIDE_STYLE('',(#5896));
#5893=SURFACE_SIDE_STYLE('',(#5897));
#5894=SURFACE_SIDE_STYLE('',(#5898));
#5895=SURFACE_STYLE_FILL_AREA(#5899);
#5896=SURFACE_STYLE_FILL_AREA(#5900);
#5897=SURFACE_STYLE_FILL_AREA(#5901);
#5898=SURFACE_STYLE_FILL_AREA(#5902);
#5899=FILL_AREA_STYLE('',(#5903));
#5900=FILL_AREA_STYLE('',(#5904));
#5901=FILL_AREA_STYLE('',(#5905));
#5902=FILL_AREA_STYLE('',(#5906));
#5903=FILL_AREA_STYLE_COLOUR('',#5907);
#5904=FILL_AREA_STYLE_COLOUR('',#5907);
#5905=FILL_AREA_STYLE_COLOUR('',#5907);
#5906=FILL_AREA_STYLE_COLOUR('',#5907);
#5907=COLOUR_RGB('',0.207843137254902,0.207843137254902,0.207843137254902);
#5908=MANIFOLD_SOLID_BREP('cap_default_rounded',#5875);
#5909=MANIFOLD_SOLID_BREP('cap_default_rounded',#5876);
#5910=MANIFOLD_SOLID_BREP('cap_default_rounded',#5877);
#5911=MANIFOLD_SOLID_BREP('cap_default_rounded',#5878);
#5912=SHAPE_DEFINITION_REPRESENTATION(#10418,#5917);
#5913=SHAPE_DEFINITION_REPRESENTATION(#10419,#5918);
#5914=SHAPE_DEFINITION_REPRESENTATION(#10421,#5919);
#5915=SHAPE_DEFINITION_REPRESENTATION(#10423,#5920);
#5916=SHAPE_DEFINITION_REPRESENTATION(#10425,#5921);
#5917=SHAPE_REPRESENTATION('choc_caps_print_ready',(#5922,#6023,#6124,#6228,
#6329),#10405);
#5918=SHAPE_REPRESENTATION('cap_default_rounded',(#5922),#10406);
#5919=SHAPE_REPRESENTATION('cap_default_rounded',(#5922),#10407);
#5920=SHAPE_REPRESENTATION('cap_default_rounded',(#5922),#10408);
#5921=SHAPE_REPRESENTATION('cap_default_rounded',(#5922),#10409);
#5922=AXIS2_PLACEMENT_3D('',#7802,#6330,#6331);
#5923=AXIS2_PLACEMENT_3D('',#7803,#6332,#6333);
#5924=AXIS2_PLACEMENT_3D('',#7812,#6338,#6339);
#5925=AXIS2_PLACEMENT_3D('',#7813,#6340,#6341);
#5926=AXIS2_PLACEMENT_3D('',#7818,#6343,#6344);
#5927=AXIS2_PLACEMENT_3D('',#7822,#6346,#6347);
#5928=AXIS2_PLACEMENT_3D('',#7826,#6349,#6350);
#5929=AXIS2_PLACEMENT_3D('',#7844,#6359,#6360);
#5930=AXIS2_PLACEMENT_3D('',#7848,#6362,#6363);
#5931=AXIS2_PLACEMENT_3D('',#7852,#6365,#6366);
#5932=AXIS2_PLACEMENT_3D('',#7856,#6368,#6369);
#5933=AXIS2_PLACEMENT_3D('',#7857,#6370,#6371);
#5934=AXIS2_PLACEMENT_3D('',#7858,#6372,#6373);
#5935=AXIS2_PLACEMENT_3D('',#7863,#6375,#6376);
#5936=AXIS2_PLACEMENT_3D('',#7867,#6378,#6379);
#5937=AXIS2_PLACEMENT_3D('',#7871,#6381,#6382);
#5938=AXIS2_PLACEMENT_3D('',#7903,#6399,#6400);
#5939=AXIS2_PLACEMENT_3D('',#7909,#6404,#6405);
#5940=AXIS2_PLACEMENT_3D('',#7915,#6409,#6410);
#5941=AXIS2_PLACEMENT_3D('',#7921,#6414,#6415);
#5942=AXIS2_PLACEMENT_3D('',#7927,#6419,#6420);
#5943=AXIS2_PLACEMENT_3D('',#7936,#6425,#6426);
#5944=AXIS2_PLACEMENT_3D('',#7942,#6430,#6431);
#5945=AXIS2_PLACEMENT_3D('',#7948,#6435,#6436);
#5946=AXIS2_PLACEMENT_3D('',#7954,#6440,#6441);
#5947=AXIS2_PLACEMENT_3D('',#7963,#6446,#6447);
#5948=AXIS2_PLACEMENT_3D('',#7967,#6450,#6451);
#5949=AXIS2_PLACEMENT_3D('',#7971,#6454,#6455);
#5950=AXIS2_PLACEMENT_3D('',#7975,#6459,#6460);
#5951=AXIS2_PLACEMENT_3D('',#7977,#6462,#6463);
#5952=AXIS2_PLACEMENT_3D('',#7979,#6465,#6466);
#5953=AXIS2_PLACEMENT_3D('',#7981,#6468,#6469);
#5954=AXIS2_PLACEMENT_3D('',#7983,#6471,#6472);
#5955=AXIS2_PLACEMENT_3D('',#7985,#6474,#6475);
#5956=AXIS2_PLACEMENT_3D('',#7987,#6477,#6478);
#5957=AXIS2_PLACEMENT_3D('',#7989,#6480,#6481);
#5958=AXIS2_PLACEMENT_3D('',#7991,#6483,#6484);
#5959=AXIS2_PLACEMENT_3D('',#7992,#6485,#6486);
#5960=AXIS2_PLACEMENT_3D('',#7994,#6488,#6489);
#5961=AXIS2_PLACEMENT_3D('',#7997,#6492,#6493);
#5962=AXIS2_PLACEMENT_3D('',#8001,#6496,#6497);
#5963=AXIS2_PLACEMENT_3D('',#8003,#6499,#6500);
#5964=AXIS2_PLACEMENT_3D('',#8005,#6502,#6503);
#5965=AXIS2_PLACEMENT_3D('',#8007,#6505,#6506);
#5966=AXIS2_PLACEMENT_3D('',#8009,#6508,#6509);
#5967=AXIS2_PLACEMENT_3D('',#8013,#6512,#6513);
#5968=AXIS2_PLACEMENT_3D('',#8016,#6516,#6517);
#5969=AXIS2_PLACEMENT_3D('',#8018,#6519,#6520);
#5970=AXIS2_PLACEMENT_3D('',#8020,#6522,#6523);
#5971=AXIS2_PLACEMENT_3D('',#8021,#6524,#6525);
#5972=AXIS2_PLACEMENT_3D('',#8032,#6528,#6529);
#5973=AXIS2_PLACEMENT_3D('',#8033,#6530,#6531);
#5974=AXIS2_PLACEMENT_3D('',#8051,#6538,#6539);
#5975=AXIS2_PLACEMENT_3D('',#8055,#6541,#6542);
#5976=AXIS2_PLACEMENT_3D('',#8068,#6549,#6550);
#5977=AXIS2_PLACEMENT_3D('',#8076,#6552,#6553);
#5978=AXIS2_PLACEMENT_3D('',#8077,#6554,#6555);
#5979=AXIS2_PLACEMENT_3D('',#8085,#6557,#6558);
#5980=AXIS2_PLACEMENT_3D('',#8093,#6560,#6561);
#5981=AXIS2_PLACEMENT_3D('',#8101,#6563,#6564);
#5982=AXIS2_PLACEMENT_3D('',#8109,#6566,#6567);
#5983=AXIS2_PLACEMENT_3D('',#8115,#6568,#6569);
#5984=AXIS2_PLACEMENT_3D('',#8118,#6572,#6573);
#5985=AXIS2_PLACEMENT_3D('',#8120,#6575,#6576);
#5986=AXIS2_PLACEMENT_3D('',#8122,#6578,#6579);
#5987=AXIS2_PLACEMENT_3D('',#8124,#6581,#6582);
#5988=AXIS2_PLACEMENT_3D('',#8126,#6584,#6585);
#5989=AXIS2_PLACEMENT_3D('',#8128,#6587,#6588);
#5990=AXIS2_PLACEMENT_3D('',#8130,#6590,#6591);
#5991=AXIS2_PLACEMENT_3D('',#8233,#6592,#6593);
#5992=AXIS2_PLACEMENT_3D('',#8234,#6594,#6595);
#5993=AXIS2_PLACEMENT_3D('',#8250,#6596,#6597);
#5994=AXIS2_PLACEMENT_3D('',#8272,#6598,#6599);
#5995=AXIS2_PLACEMENT_3D('',#8288,#6600,#6601);
#5996=AXIS2_PLACEMENT_3D('',#8310,#6602,#6603);
#5997=AXIS2_PLACEMENT_3D('',#8326,#6604,#6605);
#5998=AXIS2_PLACEMENT_3D('',#8342,#6606,#6607);
#5999=AXIS2_PLACEMENT_3D('',#8358,#6608,#6609);
#6000=AXIS2_PLACEMENT_3D('',#8360,#6611,#6612);
#6001=AXIS2_PLACEMENT_3D('',#8364,#6615,#6616);
#6002=AXIS2_PLACEMENT_3D('',#8366,#6618,#6619);
#6003=AXIS2_PLACEMENT_3D('',#8370,#6622,#6623);
#6004=AXIS2_PLACEMENT_3D('',#8376,#6627,#6628);
#6005=AXIS2_PLACEMENT_3D('',#8380,#6631,#6632);
#6006=AXIS2_PLACEMENT_3D('',#8384,#6635,#6636);
#6007=AXIS2_PLACEMENT_3D('',#8394,#6642,#6643);
#6008=AXIS2_PLACEMENT_3D('',#8408,#6651,#6652);
#6009=AXIS2_PLACEMENT_3D('',#8412,#6655,#6656);
#6010=AXIS2_PLACEMENT_3D('',#8416,#6659,#6660);
#6011=AXIS2_PLACEMENT_3D('',#8418,#6662,#6663);
#6012=AXIS2_PLACEMENT_3D('',#8419,#6664,#6665);
#6013=AXIS2_PLACEMENT_3D('',#8420,#6666,#6667);
#6014=AXIS2_PLACEMENT_3D('',#8423,#6670,#6671);
#6015=AXIS2_PLACEMENT_3D('',#8425,#6673,#6674);
#6016=AXIS2_PLACEMENT_3D('',#8427,#6676,#6677);
#6017=AXIS2_PLACEMENT_3D('',#8430,#6680,#6681);
#6018=AXIS2_PLACEMENT_3D('',#8431,#6682,#6683);
#6019=AXIS2_PLACEMENT_3D('',#8432,#6684,#6685);
#6020=AXIS2_PLACEMENT_3D('',#8435,#6688,#6689);
#6021=AXIS2_PLACEMENT_3D('',#8437,#6691,#6692);
#6022=AXIS2_PLACEMENT_3D('',#8439,#6694,#6695);
#6023=AXIS2_PLACEMENT_3D('',#8440,#6696,#6697);
#6024=AXIS2_PLACEMENT_3D('',#8441,#6698,#6699);
#6025=AXIS2_PLACEMENT_3D('',#8450,#6704,#6705);
#6026=AXIS2_PLACEMENT_3D('',#8451,#6706,#6707);
#6027=AXIS2_PLACEMENT_3D('',#8456,#6709,#6710);
#6028=AXIS2_PLACEMENT_3D('',#8460,#6712,#6713);
#6029=AXIS2_PLACEMENT_3D('',#8464,#6715,#6716);
#6030=AXIS2_PLACEMENT_3D('',#8482,#6725,#6726);
#6031=AXIS2_PLACEMENT_3D('',#8486,#6728,#6729);
#6032=AXIS2_PLACEMENT_3D('',#8490,#6731,#6732);
#6033=AXIS2_PLACEMENT_3D('',#8494,#6734,#6735);
#6034=AXIS2_PLACEMENT_3D('',#8495,#6736,#6737);
#6035=AXIS2_PLACEMENT_3D('',#8496,#6738,#6739);
#6036=AXIS2_PLACEMENT_3D('',#8501,#6741,#6742);
#6037=AXIS2_PLACEMENT_3D('',#8505,#6744,#6745);
#6038=AXIS2_PLACEMENT_3D('',#8509,#6747,#6748);
#6039=AXIS2_PLACEMENT_3D('',#8541,#6765,#6766);
#6040=AXIS2_PLACEMENT_3D('',#8547,#6770,#6771);
#6041=AXIS2_PLACEMENT_3D('',#8553,#6775,#6776);
#6042=AXIS2_PLACEMENT_3D('',#8559,#6780,#6781);
#6043=AXIS2_PLACEMENT_3D('',#8565,#6785,#6786);
#6044=AXIS2_PLACEMENT_3D('',#8574,#6791,#6792);
#6045=AXIS2_PLACEMENT_3D('',#8580,#6796,#6797);
#6046=AXIS2_PLACEMENT_3D('',#8586,#6801,#6802);
#6047=AXIS2_PLACEMENT_3D('',#8592,#6806,#6807);
#6048=AXIS2_PLACEMENT_3D('',#8601,#6812,#6813);
#6049=AXIS2_PLACEMENT_3D('',#8605,#6816,#6817);
#6050=AXIS2_PLACEMENT_3D('',#8609,#6820,#6821);
#6051=AXIS2_PLACEMENT_3D('',#8613,#6825,#6826);
#6052=AXIS2_PLACEMENT_3D('',#8615,#6828,#6829);
#6053=AXIS2_PLACEMENT_3D('',#8617,#6831,#6832);
#6054=AXIS2_PLACEMENT_3D('',#8619,#6834,#6835);
#6055=AXIS2_PLACEMENT_3D('',#8621,#6837,#6838);
#6056=AXIS2_PLACEMENT_3D('',#8623,#6840,#6841);
#6057=AXIS2_PLACEMENT_3D('',#8625,#6843,#6844);
#6058=AXIS2_PLACEMENT_3D('',#8627,#6846,#6847);
#6059=AXIS2_PLACEMENT_3D('',#8629,#6849,#6850);
#6060=AXIS2_PLACEMENT_3D('',#8630,#6851,#6852);
#6061=AXIS2_PLACEMENT_3D('',#8632,#6854,#6855);
#6062=AXIS2_PLACEMENT_3D('',#8635,#6858,#6859);
#6063=AXIS2_PLACEMENT_3D('',#8639,#6862,#6863);
#6064=AXIS2_PLACEMENT_3D('',#8641,#6865,#6866);
#6065=AXIS2_PLACEMENT_3D('',#8643,#6868,#6869);
#6066=AXIS2_PLACEMENT_3D('',#8645,#6871,#6872);
#6067=AXIS2_PLACEMENT_3D('',#8647,#6874,#6875);
#6068=AXIS2_PLACEMENT_3D('',#8651,#6878,#6879);
#6069=AXIS2_PLACEMENT_3D('',#8654,#6882,#6883);
#6070=AXIS2_PLACEMENT_3D('',#8656,#6885,#6886);
#6071=AXIS2_PLACEMENT_3D('',#8658,#6888,#6889);
#6072=AXIS2_PLACEMENT_3D('',#8659,#6890,#6891);
#6073=AXIS2_PLACEMENT_3D('',#8670,#6894,#6895);
#6074=AXIS2_PLACEMENT_3D('',#8671,#6896,#6897);
#6075=AXIS2_PLACEMENT_3D('',#8689,#6904,#6905);
#6076=AXIS2_PLACEMENT_3D('',#8693,#6907,#6908);
#6077=AXIS2_PLACEMENT_3D('',#8706,#6915,#6916);
#6078=AXIS2_PLACEMENT_3D('',#8714,#6918,#6919);
#6079=AXIS2_PLACEMENT_3D('',#8715,#6920,#6921);
#6080=AXIS2_PLACEMENT_3D('',#8723,#6923,#6924);
#6081=AXIS2_PLACEMENT_3D('',#8731,#6926,#6927);
#6082=AXIS2_PLACEMENT_3D('',#8739,#6929,#6930);
#6083=AXIS2_PLACEMENT_3D('',#8747,#6932,#6933);
#6084=AXIS2_PLACEMENT_3D('',#8753,#6934,#6935);
#6085=AXIS2_PLACEMENT_3D('',#8756,#6938,#6939);
#6086=AXIS2_PLACEMENT_3D('',#8758,#6941,#6942);
#6087=AXIS2_PLACEMENT_3D('',#8760,#6944,#6945);
#6088=AXIS2_PLACEMENT_3D('',#8762,#6947,#6948);
#6089=AXIS2_PLACEMENT_3D('',#8764,#6950,#6951);
#6090=AXIS2_PLACEMENT_3D('',#8766,#6953,#6954);
#6091=AXIS2_PLACEMENT_3D('',#8768,#6956,#6957);
#6092=AXIS2_PLACEMENT_3D('',#8871,#6958,#6959);
#6093=AXIS2_PLACEMENT_3D('',#8872,#6960,#6961);
#6094=AXIS2_PLACEMENT_3D('',#8888,#6962,#6963);
#6095=AXIS2_PLACEMENT_3D('',#8904,#6964,#6965);
#6096=AXIS2_PLACEMENT_3D('',#8920,#6966,#6967);
#6097=AXIS2_PLACEMENT_3D('',#8942,#6968,#6969);
#6098=AXIS2_PLACEMENT_3D('',#8958,#6970,#6971);
#6099=AXIS2_PLACEMENT_3D('',#8974,#6972,#6973);
#6100=AXIS2_PLACEMENT_3D('',#8990,#6974,#6975);
#6101=AXIS2_PLACEMENT_3D('',#8992,#6977,#6978);
#6102=AXIS2_PLACEMENT_3D('',#8996,#6981,#6982);
#6103=AXIS2_PLACEMENT_3D('',#8998,#6984,#6985);
#6104=AXIS2_PLACEMENT_3D('',#9002,#6988,#6989);
#6105=AXIS2_PLACEMENT_3D('',#9008,#6993,#6994);
#6106=AXIS2_PLACEMENT_3D('',#9012,#6997,#6998);
#6107=AXIS2_PLACEMENT_3D('',#9016,#7001,#7002);
#6108=AXIS2_PLACEMENT_3D('',#9026,#7008,#7009);
#6109=AXIS2_PLACEMENT_3D('',#9040,#7017,#7018);
#6110=AXIS2_PLACEMENT_3D('',#9044,#7021,#7022);
#6111=AXIS2_PLACEMENT_3D('',#9048,#7025,#7026);
#6112=AXIS2_PLACEMENT_3D('',#9050,#7028,#7029);
#6113=AXIS2_PLACEMENT_3D('',#9051,#7030,#7031);
#6114=AXIS2_PLACEMENT_3D('',#9052,#7032,#7033);
#6115=AXIS2_PLACEMENT_3D('',#9055,#7036,#7037);
#6116=AXIS2_PLACEMENT_3D('',#9057,#7039,#7040);
#6117=AXIS2_PLACEMENT_3D('',#9059,#7042,#7043);
#6118=AXIS2_PLACEMENT_3D('',#9062,#7046,#7047);
#6119=AXIS2_PLACEMENT_3D('',#9063,#7048,#7049);
#6120=AXIS2_PLACEMENT_3D('',#9064,#7050,#7051);
#6121=AXIS2_PLACEMENT_3D('',#9067,#7054,#7055);
#6122=AXIS2_PLACEMENT_3D('',#9069,#7057,#7058);
#6123=AXIS2_PLACEMENT_3D('',#9071,#7060,#7061);
#6124=AXIS2_PLACEMENT_3D('',#9072,#7062,#7063);
#6125=AXIS2_PLACEMENT_3D('',#9073,#7064,#7065);
#6126=AXIS2_PLACEMENT_3D('',#9082,#7070,#7071);
#6127=AXIS2_PLACEMENT_3D('',#9083,#7072,#7073);
#6128=AXIS2_PLACEMENT_3D('',#9088,#7075,#7076);
#6129=AXIS2_PLACEMENT_3D('',#9092,#7078,#7079);
#6130=AXIS2_PLACEMENT_3D('',#9096,#7081,#7082);
#6131=AXIS2_PLACEMENT_3D('',#9114,#7091,#7092);
#6132=AXIS2_PLACEMENT_3D('',#9118,#7094,#7095);
#6133=AXIS2_PLACEMENT_3D('',#9122,#7097,#7098);
#6134=AXIS2_PLACEMENT_3D('',#9126,#7100,#7101);
#6135=AXIS2_PLACEMENT_3D('',#9246,#7102,#7103);
#6136=AXIS2_PLACEMENT_3D('',#9247,#7104,#7105);
#6137=AXIS2_PLACEMENT_3D('',#9252,#7107,#7108);
#6138=AXIS2_PLACEMENT_3D('',#9256,#7110,#7111);
#6139=AXIS2_PLACEMENT_3D('',#9260,#7113,#7114);
#6140=AXIS2_PLACEMENT_3D('',#9292,#7131,#7132);
#6141=AXIS2_PLACEMENT_3D('',#9298,#7136,#7137);
#6142=AXIS2_PLACEMENT_3D('',#9304,#7141,#7142);
#6143=AXIS2_PLACEMENT_3D('',#9310,#7146,#7147);
#6144=AXIS2_PLACEMENT_3D('',#9316,#7151,#7152);
#6145=AXIS2_PLACEMENT_3D('',#9325,#7157,#7158);
#6146=AXIS2_PLACEMENT_3D('',#9331,#7162,#7163);
#6147=AXIS2_PLACEMENT_3D('',#9337,#7167,#7168);
#6148=AXIS2_PLACEMENT_3D('',#9343,#7172,#7173);
#6149=AXIS2_PLACEMENT_3D('',#9352,#7178,#7179);
#6150=AXIS2_PLACEMENT_3D('',#9356,#7182,#7183);
#6151=AXIS2_PLACEMENT_3D('',#9360,#7186,#7187);
#6152=AXIS2_PLACEMENT_3D('',#9364,#7191,#7192);
#6153=AXIS2_PLACEMENT_3D('',#9366,#7194,#7195);
#6154=AXIS2_PLACEMENT_3D('',#9368,#7197,#7198);
#6155=AXIS2_PLACEMENT_3D('',#9370,#7200,#7201);
#6156=AXIS2_PLACEMENT_3D('',#9372,#7203,#7204);
#6157=AXIS2_PLACEMENT_3D('',#9374,#7206,#7207);
#6158=AXIS2_PLACEMENT_3D('',#9376,#7209,#7210);
#6159=AXIS2_PLACEMENT_3D('',#9378,#7212,#7213);
#6160=AXIS2_PLACEMENT_3D('',#9380,#7215,#7216);
#6161=AXIS2_PLACEMENT_3D('',#9381,#7217,#7218);
#6162=AXIS2_PLACEMENT_3D('',#9383,#7220,#7221);
#6163=AXIS2_PLACEMENT_3D('',#9386,#7224,#7225);
#6164=AXIS2_PLACEMENT_3D('',#9390,#7228,#7229);
#6165=AXIS2_PLACEMENT_3D('',#9392,#7231,#7232);
#6166=AXIS2_PLACEMENT_3D('',#9394,#7234,#7235);
#6167=AXIS2_PLACEMENT_3D('',#9396,#7237,#7238);
#6168=AXIS2_PLACEMENT_3D('',#9398,#7240,#7241);
#6169=AXIS2_PLACEMENT_3D('',#9402,#7244,#7245);
#6170=AXIS2_PLACEMENT_3D('',#9405,#7248,#7249);
#6171=AXIS2_PLACEMENT_3D('',#9407,#7251,#7252);
#6172=AXIS2_PLACEMENT_3D('',#9409,#7254,#7255);
#6173=AXIS2_PLACEMENT_3D('',#9410,#7256,#7257);
#6174=AXIS2_PLACEMENT_3D('',#9421,#7260,#7261);
#6175=AXIS2_PLACEMENT_3D('',#9422,#7262,#7263);
#6176=AXIS2_PLACEMENT_3D('',#9440,#7270,#7271);
#6177=AXIS2_PLACEMENT_3D('',#9444,#7273,#7274);
#6178=AXIS2_PLACEMENT_3D('',#9457,#7281,#7282);
#6179=AXIS2_PLACEMENT_3D('',#9465,#7284,#7285);
#6180=AXIS2_PLACEMENT_3D('',#9466,#7286,#7287);
#6181=AXIS2_PLACEMENT_3D('',#9474,#7289,#7290);
#6182=AXIS2_PLACEMENT_3D('',#9482,#7292,#7293);
#6183=AXIS2_PLACEMENT_3D('',#9490,#7295,#7296);
#6184=AXIS2_PLACEMENT_3D('',#9498,#7298,#7299);
#6185=AXIS2_PLACEMENT_3D('',#9504,#7300,#7301);
#6186=AXIS2_PLACEMENT_3D('',#9507,#7304,#7305);
#6187=AXIS2_PLACEMENT_3D('',#9509,#7307,#7308);
#6188=AXIS2_PLACEMENT_3D('',#9511,#7310,#7311);
#6189=AXIS2_PLACEMENT_3D('',#9513,#7313,#7314);
#6190=AXIS2_PLACEMENT_3D('',#9515,#7316,#7317);
#6191=AXIS2_PLACEMENT_3D('',#9517,#7319,#7320);
#6192=AXIS2_PLACEMENT_3D('',#9519,#7322,#7323);
#6193=AXIS2_PLACEMENT_3D('',#9541,#7324,#7325);
#6194=AXIS2_PLACEMENT_3D('',#9542,#7326,#7327);
#6195=AXIS2_PLACEMENT_3D('',#9558,#7328,#7329);
#6196=AXIS2_PLACEMENT_3D('',#9574,#7330,#7331);
#6197=AXIS2_PLACEMENT_3D('',#9596,#7332,#7333);
#6198=AXIS2_PLACEMENT_3D('',#9618,#7334,#7335);
#6199=AXIS2_PLACEMENT_3D('',#9634,#7336,#7337);
#6200=AXIS2_PLACEMENT_3D('',#9650,#7338,#7339);
#6201=AXIS2_PLACEMENT_3D('',#9672,#7340,#7341);
#6202=AXIS2_PLACEMENT_3D('',#9673,#7342,#7343);
#6203=AXIS2_PLACEMENT_3D('',#9674,#7344,#7345);
#6204=AXIS2_PLACEMENT_3D('',#9675,#7346,#7347);
#6205=AXIS2_PLACEMENT_3D('',#9677,#7349,#7350);
#6206=AXIS2_PLACEMENT_3D('',#9681,#7353,#7354);
#6207=AXIS2_PLACEMENT_3D('',#9683,#7356,#7357);
#6208=AXIS2_PLACEMENT_3D('',#9687,#7360,#7361);
#6209=AXIS2_PLACEMENT_3D('',#9693,#7365,#7366);
#6210=AXIS2_PLACEMENT_3D('',#9697,#7369,#7370);
#6211=AXIS2_PLACEMENT_3D('',#9701,#7373,#7374);
#6212=AXIS2_PLACEMENT_3D('',#9711,#7380,#7381);
#6213=AXIS2_PLACEMENT_3D('',#9725,#7389,#7390);
#6214=AXIS2_PLACEMENT_3D('',#9729,#7393,#7394);
#6215=AXIS2_PLACEMENT_3D('',#9733,#7397,#7398);
#6216=AXIS2_PLACEMENT_3D('',#9735,#7400,#7401);
#6217=AXIS2_PLACEMENT_3D('',#9736,#7402,#7403);
#6218=AXIS2_PLACEMENT_3D('',#9737,#7404,#7405);
#6219=AXIS2_PLACEMENT_3D('',#9740,#7408,#7409);
#6220=AXIS2_PLACEMENT_3D('',#9742,#7411,#7412);
#6221=AXIS2_PLACEMENT_3D('',#9744,#7414,#7415);
#6222=AXIS2_PLACEMENT_3D('',#9747,#7418,#7419);
#6223=AXIS2_PLACEMENT_3D('',#9748,#7420,#7421);
#6224=AXIS2_PLACEMENT_3D('',#9749,#7422,#7423);
#6225=AXIS2_PLACEMENT_3D('',#9752,#7426,#7427);
#6226=AXIS2_PLACEMENT_3D('',#9754,#7429,#7430);
#6227=AXIS2_PLACEMENT_3D('',#9756,#7432,#7433);
#6228=AXIS2_PLACEMENT_3D('',#9757,#7434,#7435);
#6229=AXIS2_PLACEMENT_3D('',#9758,#7436,#7437);
#6230=AXIS2_PLACEMENT_3D('',#9767,#7442,#7443);
#6231=AXIS2_PLACEMENT_3D('',#9768,#7444,#7445);
#6232=AXIS2_PLACEMENT_3D('',#9773,#7447,#7448);
#6233=AXIS2_PLACEMENT_3D('',#9777,#7450,#7451);
#6234=AXIS2_PLACEMENT_3D('',#9781,#7453,#7454);
#6235=AXIS2_PLACEMENT_3D('',#9799,#7463,#7464);
#6236=AXIS2_PLACEMENT_3D('',#9803,#7466,#7467);
#6237=AXIS2_PLACEMENT_3D('',#9807,#7469,#7470);
#6238=AXIS2_PLACEMENT_3D('',#9811,#7472,#7473);
#6239=AXIS2_PLACEMENT_3D('',#9812,#7474,#7475);
#6240=AXIS2_PLACEMENT_3D('',#9813,#7476,#7477);
#6241=AXIS2_PLACEMENT_3D('',#9818,#7479,#7480);
#6242=AXIS2_PLACEMENT_3D('',#9822,#7482,#7483);
#6243=AXIS2_PLACEMENT_3D('',#9826,#7485,#7486);
#6244=AXIS2_PLACEMENT_3D('',#9858,#7503,#7504);
#6245=AXIS2_PLACEMENT_3D('',#9864,#7508,#7509);
#6246=AXIS2_PLACEMENT_3D('',#9870,#7513,#7514);
#6247=AXIS2_PLACEMENT_3D('',#9876,#7518,#7519);
#6248=AXIS2_PLACEMENT_3D('',#9882,#7523,#7524);
#6249=AXIS2_PLACEMENT_3D('',#9891,#7529,#7530);
#6250=AXIS2_PLACEMENT_3D('',#9897,#7534,#7535);
#6251=AXIS2_PLACEMENT_3D('',#9903,#7539,#7540);
#6252=AXIS2_PLACEMENT_3D('',#9909,#7544,#7545);
#6253=AXIS2_PLACEMENT_3D('',#9918,#7550,#7551);
#6254=AXIS2_PLACEMENT_3D('',#9922,#7554,#7555);
#6255=AXIS2_PLACEMENT_3D('',#9926,#7558,#7559);
#6256=AXIS2_PLACEMENT_3D('',#9930,#7563,#7564);
#6257=AXIS2_PLACEMENT_3D('',#9932,#7566,#7567);
#6258=AXIS2_PLACEMENT_3D('',#9934,#7569,#7570);
#6259=AXIS2_PLACEMENT_3D('',#9936,#7572,#7573);
#6260=AXIS2_PLACEMENT_3D('',#9938,#7575,#7576);
#6261=AXIS2_PLACEMENT_3D('',#9940,#7578,#7579);
#6262=AXIS2_PLACEMENT_3D('',#9942,#7581,#7582);
#6263=AXIS2_PLACEMENT_3D('',#9944,#7584,#7585);
#6264=AXIS2_PLACEMENT_3D('',#9946,#7587,#7588);
#6265=AXIS2_PLACEMENT_3D('',#9947,#7589,#7590);
#6266=AXIS2_PLACEMENT_3D('',#9949,#7592,#7593);
#6267=AXIS2_PLACEMENT_3D('',#9952,#7596,#7597);
#6268=AXIS2_PLACEMENT_3D('',#9956,#7600,#7601);
#6269=AXIS2_PLACEMENT_3D('',#9958,#7603,#7604);
#6270=AXIS2_PLACEMENT_3D('',#9960,#7606,#7607);
#6271=AXIS2_PLACEMENT_3D('',#9962,#7609,#7610);
#6272=AXIS2_PLACEMENT_3D('',#9964,#7612,#7613);
#6273=AXIS2_PLACEMENT_3D('',#9968,#7616,#7617);
#6274=AXIS2_PLACEMENT_3D('',#9971,#7620,#7621);
#6275=AXIS2_PLACEMENT_3D('',#9973,#7623,#7624);
#6276=AXIS2_PLACEMENT_3D('',#9975,#7626,#7627);
#6277=AXIS2_PLACEMENT_3D('',#9976,#7628,#7629);
#6278=AXIS2_PLACEMENT_3D('',#9987,#7632,#7633);
#6279=AXIS2_PLACEMENT_3D('',#9988,#7634,#7635);
#6280=AXIS2_PLACEMENT_3D('',#10006,#7642,#7643);
#6281=AXIS2_PLACEMENT_3D('',#10010,#7645,#7646);
#6282=AXIS2_PLACEMENT_3D('',#10023,#7653,#7654);
#6283=AXIS2_PLACEMENT_3D('',#10031,#7656,#7657);
#6284=AXIS2_PLACEMENT_3D('',#10032,#7658,#7659);
#6285=AXIS2_PLACEMENT_3D('',#10040,#7661,#7662);
#6286=AXIS2_PLACEMENT_3D('',#10048,#7664,#7665);
#6287=AXIS2_PLACEMENT_3D('',#10056,#7667,#7668);
#6288=AXIS2_PLACEMENT_3D('',#10064,#7670,#7671);
#6289=AXIS2_PLACEMENT_3D('',#10070,#7672,#7673);
#6290=AXIS2_PLACEMENT_3D('',#10073,#7676,#7677);
#6291=AXIS2_PLACEMENT_3D('',#10075,#7679,#7680);
#6292=AXIS2_PLACEMENT_3D('',#10077,#7682,#7683);
#6293=AXIS2_PLACEMENT_3D('',#10079,#7685,#7686);
#6294=AXIS2_PLACEMENT_3D('',#10081,#7688,#7689);
#6295=AXIS2_PLACEMENT_3D('',#10083,#7691,#7692);
#6296=AXIS2_PLACEMENT_3D('',#10085,#7694,#7695);
#6297=AXIS2_PLACEMENT_3D('',#10190,#7696,#7697);
#6298=AXIS2_PLACEMENT_3D('',#10191,#7698,#7699);
#6299=AXIS2_PLACEMENT_3D('',#10207,#7700,#7701);
#6300=AXIS2_PLACEMENT_3D('',#10223,#7702,#7703);
#6301=AXIS2_PLACEMENT_3D('',#10245,#7704,#7705);
#6302=AXIS2_PLACEMENT_3D('',#10267,#7706,#7707);
#6303=AXIS2_PLACEMENT_3D('',#10283,#7708,#7709);
#6304=AXIS2_PLACEMENT_3D('',#10299,#7710,#7711);
#6305=AXIS2_PLACEMENT_3D('',#10321,#7712,#7713);
#6306=AXIS2_PLACEMENT_3D('',#10323,#7715,#7716);
#6307=AXIS2_PLACEMENT_3D('',#10327,#7719,#7720);
#6308=AXIS2_PLACEMENT_3D('',#10329,#7722,#7723);
#6309=AXIS2_PLACEMENT_3D('',#10333,#7726,#7727);
#6310=AXIS2_PLACEMENT_3D('',#10339,#7731,#7732);
#6311=AXIS2_PLACEMENT_3D('',#10343,#7735,#7736);
#6312=AXIS2_PLACEMENT_3D('',#10347,#7739,#7740);
#6313=AXIS2_PLACEMENT_3D('',#10357,#7746,#7747);
#6314=AXIS2_PLACEMENT_3D('',#10371,#7755,#7756);
#6315=AXIS2_PLACEMENT_3D('',#10375,#7759,#7760);
#6316=AXIS2_PLACEMENT_3D('',#10379,#7763,#7764);
#6317=AXIS2_PLACEMENT_3D('',#10381,#7766,#7767);
#6318=AXIS2_PLACEMENT_3D('',#10382,#7768,#7769);
#6319=AXIS2_PLACEMENT_3D('',#10383,#7770,#7771);
#6320=AXIS2_PLACEMENT_3D('',#10386,#7774,#7775);
#6321=AXIS2_PLACEMENT_3D('',#10388,#7777,#7778);
#6322=AXIS2_PLACEMENT_3D('',#10390,#7780,#7781);
#6323=AXIS2_PLACEMENT_3D('',#10393,#7784,#7785);
#6324=AXIS2_PLACEMENT_3D('',#10394,#7786,#7787);
#6325=AXIS2_PLACEMENT_3D('',#10395,#7788,#7789);
#6326=AXIS2_PLACEMENT_3D('',#10398,#7792,#7793);
#6327=AXIS2_PLACEMENT_3D('',#10400,#7795,#7796);
#6328=AXIS2_PLACEMENT_3D('',#10402,#7798,#7799);
#6329=AXIS2_PLACEMENT_3D('',#10403,#7800,#7801);
#6330=DIRECTION('',(0.,0.,1.));
#6331=DIRECTION('',(1.,0.,0.));
#6332=DIRECTION('',(0.,0.,-1.));
#6333=DIRECTION('',(0.,-1.,0.));
#6334=DIRECTION('',(0.,1.,0.));
#6335=DIRECTION('',(1.,-2.62836890299516E-16,0.));
#6336=DIRECTION('',(0.,-1.,0.));
#6337=DIRECTION('',(1.,0.,0.));
#6338=DIRECTION('',(0.,-1.,0.));
#6339=DIRECTION('',(-1.,0.,0.));
#6340=DIRECTION('',(0.,-1.,0.));
#6341=DIRECTION('',(-1.,0.,0.));
#6342=DIRECTION('',(0.,0.,-1.));
#6343=DIRECTION('',(0.,-1.,0.));
#6344=DIRECTION('',(-1.,0.,0.));
#6345=DIRECTION('',(1.,0.,1.41034428941204E-16));
#6346=DIRECTION('',(0.,-1.,0.));
#6347=DIRECTION('',(-1.,0.,0.));
#6348=DIRECTION('',(0.,0.,-1.));
#6349=DIRECTION('',(0.,-1.,0.));
#6350=DIRECTION('',(-1.,0.,0.));
#6351=DIRECTION('',(1.,0.,1.41034428941204E-16));
#6352=DIRECTION('',(0.,0.,-1.));
#6353=DIRECTION('',(-1.,0.,0.));
#6354=DIRECTION('',(0.,0.,-1.));
#6355=DIRECTION('',(1.,0.,1.41034428941204E-16));
#6356=DIRECTION('',(0.,0.,-1.));
#6357=DIRECTION('',(1.,0.,0.));
#6358=DIRECTION('',(0.,0.,-1.));
#6359=DIRECTION('',(0.,-1.,0.));
#6360=DIRECTION('',(-1.,0.,0.));
#6361=DIRECTION('',(0.,0.,-1.));
#6362=DIRECTION('',(0.,-1.,0.));
#6363=DIRECTION('',(-1.,0.,0.));
#6364=DIRECTION('',(1.,0.,1.41034428941204E-16));
#6365=DIRECTION('',(0.,-1.,0.));
#6366=DIRECTION('',(-1.,0.,0.));
#6367=DIRECTION('',(0.,0.,-1.));
#6368=DIRECTION('',(0.,-1.,0.));
#6369=DIRECTION('',(-1.,0.,0.));
#6370=DIRECTION('',(0.,-1.,0.));
#6371=DIRECTION('',(-1.,0.,0.));
#6372=DIRECTION('',(0.,-1.,0.));
#6373=DIRECTION('',(-1.,0.,0.));
#6374=DIRECTION('',(-1.,0.,-1.41034428941204E-16));
#6375=DIRECTION('',(0.,-1.,0.));
#6376=DIRECTION('',(-1.,0.,0.));
#6377=DIRECTION('',(0.,0.,1.));
#6378=DIRECTION('',(0.,-1.,0.));
#6379=DIRECTION('',(-1.,0.,0.));
#6380=DIRECTION('',(1.,0.,1.41034428941204E-16));
#6381=DIRECTION('',(0.,-1.,0.));
#6382=DIRECTION('',(-1.,0.,0.));
#6383=DIRECTION('',(0.,0.,-1.));
#6384=DIRECTION('',(1.,0.,-1.66800334228539E-16));
#6385=DIRECTION('',(-0.707106781186548,0.,-0.707106781186547));
#6386=DIRECTION('',(-3.21245088143853E-16,0.,-1.));
#6387=DIRECTION('',(-0.707106781186548,0.,0.707106781186548));
#6388=DIRECTION('',(0.707106781186548,0.,0.707106781186548));
#6389=DIRECTION('',(-3.21245088143853E-16,0.,-1.));
#6390=DIRECTION('',(0.707106781186548,0.,-0.707106781186548));
#6391=DIRECTION('',(4.8186763221578E-16,0.,-1.));
#6392=DIRECTION('',(-0.707106781186549,0.,0.707106781186546));
#6393=DIRECTION('',(-1.,0.,-1.66800334228539E-16));
#6394=DIRECTION('',(0.707106781186547,0.,0.707106781186548));
#6395=DIRECTION('',(4.8186763221578E-16,0.,-1.));
#6396=DIRECTION('',(0.707106781186547,0.,-0.707106781186548));
#6397=DIRECTION('',(-1.,0.,-3.33600668457079E-16));
#6398=DIRECTION('',(-0.707106781186548,0.,-0.707106781186548));
#6399=DIRECTION('',(-1.,0.,-4.8186763221578E-16));
#6400=DIRECTION('',(4.8186763221578E-16,0.,-1.));
#6401=DIRECTION('',(0.,1.,0.));
#6402=DIRECTION('',(-4.8186763221578E-16,0.,1.));
#6403=DIRECTION('',(0.,-1.,0.));
#6404=DIRECTION('',(-1.66800334228539E-16,0.,1.));
#6405=DIRECTION('',(-1.,0.,-1.66800334228539E-16));
#6406=DIRECTION('',(-1.,0.,-1.66800334228539E-16));
#6407=DIRECTION('',(0.,-1.,0.));
#6408=DIRECTION('',(0.,1.,0.));
#6409=DIRECTION('',(-1.,0.,-4.8186763221578E-16));
#6410=DIRECTION('',(4.8186763221578E-16,0.,-1.));
#6411=DIRECTION('',(0.,1.,0.));
#6412=DIRECTION('',(4.8186763221578E-16,0.,-1.));
#6413=DIRECTION('',(0.,-1.,0.));
#6414=DIRECTION('',(-3.33600668457079E-16,0.,1.));
#6415=DIRECTION('',(-1.,0.,-3.33600668457079E-16));
#6416=DIRECTION('',(0.,1.,0.));
#6417=DIRECTION('',(1.,-2.62836890299516E-16,0.));
#6418=DIRECTION('',(0.,-1.,0.));
#6419=DIRECTION('',(0.,-1.,0.));
#6420=DIRECTION('',(-1.,0.,0.));
#6421=DIRECTION('',(-4.8186763221578E-16,0.,1.));
#6422=DIRECTION('',(1.,0.,1.66800334228539E-16));
#6423=DIRECTION('',(4.8186763221578E-16,0.,-1.));
#6424=DIRECTION('',(-1.,0.,-3.33600668457079E-16));
#6425=DIRECTION('',(-1.66800334228539E-16,0.,-1.));
#6426=DIRECTION('',(1.,0.,-1.66800334228539E-16));
#6427=DIRECTION('',(0.,1.,0.));
#6428=DIRECTION('',(-1.,0.,1.66800334228539E-16));
#6429=DIRECTION('',(0.,-1.,0.));
#6430=DIRECTION('',(-1.,0.,3.21245088143853E-16));
#6431=DIRECTION('',(-3.21245088143853E-16,0.,-1.));
#6432=DIRECTION('',(-3.21245088143853E-16,0.,-1.));
#6433=DIRECTION('',(0.,-1.,0.));
#6434=DIRECTION('',(0.,1.,0.));
#6435=DIRECTION('',(-1.,0.,3.21245088143853E-16));
#6436=DIRECTION('',(-3.21245088143853E-16,0.,-1.));
#6437=DIRECTION('',(0.,1.,0.));
#6438=DIRECTION('',(3.21245088143853E-16,0.,1.));
#6439=DIRECTION('',(0.,-1.,0.));
#6440=DIRECTION('',(0.,-1.,0.));
#6441=DIRECTION('',(-1.,0.,0.));
#6442=DIRECTION('',(-3.21245088143853E-16,0.,-1.));
#6443=DIRECTION('',(-1.,0.,0.));
#6444=DIRECTION('',(3.21245088143853E-16,0.,1.));
#6445=DIRECTION('',(1.,0.,-1.66800334228539E-16));
#6446=DIRECTION('',(-0.707106781186548,0.,0.707106781186548));
#6447=DIRECTION('',(0.,-1.,0.));
#6448=DIRECTION('',(0.,-1.,0.));
#6449=DIRECTION('',(0.707106781186548,0.,0.707106781186548));
#6450=DIRECTION('',(-0.707106781186548,0.,-0.707106781186547));
#6451=DIRECTION('',(0.,1.,0.));
#6452=DIRECTION('',(-0.707106781186547,-1.55953088041199E-16,0.707106781186548));
#6453=DIRECTION('',(0.,-1.,0.));
#6454=DIRECTION('',(-2.35891294874366E-16,-0.707106781186547,0.707106781186548));
#6455=DIRECTION('',(-1.,0.,-3.33600668457079E-16));
#6456=DIRECTION('',(2.88444402957534E-16,-0.707106781186548,-0.707106781186547));
#6457=DIRECTION('',(1.,0.,3.33600668457079E-16));
#6458=DIRECTION('',(1.79905897644876E-15,0.707106781186548,0.707106781186547));
#6459=DIRECTION('',(0.577350269189626,0.577350269189626,-0.577350269189626));
#6460=DIRECTION('',(0.707106781186548,-0.707106781186548,0.));
#6461=DIRECTION('',(-0.707106781186548,0.707106781186548,0.));
#6462=DIRECTION('',(-0.577350269189626,0.577350269189626,-0.577350269189625));
#6463=DIRECTION('',(0.707106781186548,0.707106781186547,0.));
#6464=DIRECTION('',(0.707106781186548,0.707106781186548,6.73036940234248E-16));
#6465=DIRECTION('',(-0.707106781186548,-0.707106781186548,-3.40731870374083E-16));
#6466=DIRECTION('',(4.8186763221578E-16,0.,-1.));
#6467=DIRECTION('',(0.707106781186548,-0.707106781186548,2.27979964804465E-15));
#6468=DIRECTION('',(0.707106781186546,0.,0.707106781186549));
#6469=DIRECTION('',(0.,1.,0.));
#6470=DIRECTION('',(0.707106781186549,8.54444562071358E-16,-0.707106781186546));
#6471=DIRECTION('',(0.707106781186548,0.,-0.707106781186547));
#6472=DIRECTION('',(0.,-1.,0.));
#6473=DIRECTION('',(-0.707106781186547,-1.19609907444043E-16,-0.707106781186548));
#6474=DIRECTION('',(-0.707106781186548,0.707106781186548,-3.40731870374083E-16));
#6475=DIRECTION('',(-4.8186763221578E-16,0.,1.));
#6476=DIRECTION('',(-0.707106781186548,-0.707106781186548,0.));
#6477=DIRECTION('',(0.577350269189624,0.577350269189626,0.577350269189627));
#6478=DIRECTION('',(0.,0.707106781186548,-0.707106781186547));
#6479=DIRECTION('',(-1.82681455206439E-15,-0.707106781186547,0.707106781186548));
#6480=DIRECTION('',(-0.577350269189626,0.577350269189626,0.577350269189625));
#6481=DIRECTION('',(0.707106781186548,0.707106781186548,0.));
#6482=DIRECTION('',(5.76888805915069E-16,0.707106781186548,-0.707106781186548));
#6483=DIRECTION('',(-1.17945647437183E-16,0.707106781186548,0.707106781186548));
#6484=DIRECTION('',(1.,0.,1.66800334228539E-16));
#6485=DIRECTION('',(-0.707106781186547,0.,0.707106781186548));
#6486=DIRECTION('',(0.,1.,0.));
#6487=DIRECTION('',(0.707106781186548,-9.18543318284143E-17,0.707106781186547));
#6488=DIRECTION('',(-0.707106781186548,0.707106781186548,2.27154580249389E-16));
#6489=DIRECTION('',(3.21245088143853E-16,0.,1.));
#6490=DIRECTION('',(0.707106781186548,0.707106781186548,0.));
#6491=DIRECTION('',(-0.707106781186548,-0.707106781186548,7.96940650169054E-16));
#6492=DIRECTION('',(0.707106781186548,0.,0.707106781186548));
#6493=DIRECTION('',(0.,-1.,0.));
#6494=DIRECTION('',(0.707106781186548,0.,-0.707106781186548));
#6495=DIRECTION('',(0.,1.,0.));
#6496=DIRECTION('',(-0.577350269189625,0.577350269189626,0.577350269189626));
#6497=DIRECTION('',(0.,0.707106781186548,-0.707106781186548));
#6498=DIRECTION('',(1.92296268638356E-16,-0.707106781186547,0.707106781186548));
#6499=DIRECTION('',(-0.577350269189626,0.577350269189626,-0.577350269189626));
#6500=DIRECTION('',(0.707106781186548,0.707106781186548,0.));
#6501=DIRECTION('',(0.,-0.707106781186548,-0.707106781186548));
#6502=DIRECTION('',(-0.707106781186548,0.,-0.707106781186548));
#6503=DIRECTION('',(0.,-1.,0.));
#6504=DIRECTION('',(-0.707106781186548,0.,0.707106781186548));
#6505=DIRECTION('',(-1.17945647437183E-16,-0.707106781186548,-0.707106781186548));
#6506=DIRECTION('',(1.,0.,-1.66800334228539E-16));
#6507=DIRECTION('',(-6.45281364618619E-16,0.707106781186548,-0.707106781186548));
#6508=DIRECTION('',(0.,0.707106781186548,-0.707106781186548));
#6509=DIRECTION('',(-1.,0.,0.));
#6510=DIRECTION('',(0.,0.707106781186548,0.707106781186548));
#6511=DIRECTION('',(1.,0.,0.));
#6512=DIRECTION('',(0.707106781186548,0.,-0.707106781186548));
#6513=DIRECTION('',(0.,1.,0.));
#6514=DIRECTION('',(0.,-1.,0.));
#6515=DIRECTION('',(-0.707106781186548,0.,-0.707106781186548));
#6516=DIRECTION('',(0.577350269189626,0.577350269189626,0.577350269189626));
#6517=DIRECTION('',(0.707106781186548,-0.707106781186547,0.));
#6518=DIRECTION('',(0.707106781186548,-0.707106781186548,8.65333208872604E-16));
#6519=DIRECTION('',(0.577350269189626,0.577350269189626,-0.577350269189626));
#6520=DIRECTION('',(0.707106781186548,-0.707106781186548,0.));
#6521=DIRECTION('',(-0.707106781186548,0.707106781186548,0.));
#6522=DIRECTION('',(-0.707106781186548,-0.707106781186548,2.27154580249389E-16));
#6523=DIRECTION('',(-3.21245088143853E-16,0.,-1.));
#6524=DIRECTION('',(0.,1.,0.));
#6525=DIRECTION('',(1.,0.,0.));
#6526=DIRECTION('',(0.,1.,0.));
#6527=DIRECTION('',(0.,1.,0.));
#6528=DIRECTION('',(0.,-1.,0.));
#6529=DIRECTION('',(-1.,0.,0.));
#6530=DIRECTION('',(-1.41034428941204E-16,0.,1.));
#6531=DIRECTION('',(-1.,0.,-1.41034428941204E-16));
#6532=DIRECTION('',(0.,1.,0.));
#6533=DIRECTION('',(1.,-2.62836890299516E-16,0.));
#6534=DIRECTION('',(0.,1.,0.));
#6535=DIRECTION('',(0.,1.,0.));
#6536=DIRECTION('',(1.,0.,0.));
#6537=DIRECTION('',(-1.23908819712629E-16,-1.,0.));
#6538=DIRECTION('',(0.,0.,1.));
#6539=DIRECTION('',(1.,0.,0.));
#6540=DIRECTION('',(1.,0.,0.));
#6541=DIRECTION('',(0.,0.,1.));
#6542=DIRECTION('',(1.,0.,0.));
#6543=DIRECTION('',(1.23908819712629E-16,-1.,0.));
#6544=DIRECTION('',(-1.,0.,0.));
#6545=DIRECTION('',(-1.,0.,0.));
#6546=DIRECTION('',(0.,1.,0.));
#6547=DIRECTION('',(-1.,0.,0.));
#6548=DIRECTION('',(0.,1.,0.));
#6549=DIRECTION('',(0.,1.,0.));
#6550=DIRECTION('',(1.,0.,0.));
#6551=DIRECTION('',(0.,1.,0.));
#6552=DIRECTION('',(0.,-1.,0.));
#6553=DIRECTION('',(-1.,0.,0.));
#6554=DIRECTION('',(1.,0.,0.));
#6555=DIRECTION('',(0.,-1.,0.));
#6556=DIRECTION('',(0.,1.,0.));
#6557=DIRECTION('',(0.,1.,0.));
#6558=DIRECTION('',(1.,0.,0.));
#6559=DIRECTION('',(0.,1.,0.));
#6560=DIRECTION('',(-1.41034428941204E-16,0.,1.));
#6561=DIRECTION('',(-1.,0.,-1.41034428941204E-16));
#6562=DIRECTION('',(0.,1.,0.));
#6563=DIRECTION('',(0.,1.,0.));
#6564=DIRECTION('',(1.,0.,0.));
#6565=DIRECTION('',(0.,1.,0.));
#6566=DIRECTION('',(1.,0.,0.));
#6567=DIRECTION('',(0.,-1.,0.));
#6568=DIRECTION('',(-9.97264010850975E-17,-0.707106781186548,0.707106781186548));
#6569=DIRECTION('',(1.,0.,1.41034428941204E-16));
#6570=DIRECTION('',(0.,0.707106781186548,0.707106781186548));
#6571=DIRECTION('',(6.1331736667335E-16,-0.707106781186548,-0.707106781186548));
#6572=DIRECTION('',(0.,1.,0.));
#6573=DIRECTION('',(1.,0.,0.));
#6574=DIRECTION('',(0.707106781186548,-0.707106781186548,0.));
#6575=DIRECTION('',(0.,1.,0.));
#6576=DIRECTION('',(1.,0.,0.));
#6577=DIRECTION('',(0.707106781186547,0.707106781186548,0.));
#6578=DIRECTION('',(0.707106781186548,0.707106781186548,0.));
#6579=DIRECTION('',(0.,0.,1.));
#6580=DIRECTION('',(0.707106781186548,-0.707106781186548,0.));
#6581=DIRECTION('',(0.707106781186548,-0.707106781186548,0.));
#6582=DIRECTION('',(0.,0.,-1.));
#6583=DIRECTION('',(0.707106781186548,0.707106781186548,0.));
#6584=DIRECTION('',(0.,1.,0.));
#6585=DIRECTION('',(1.,0.,0.));
#6586=DIRECTION('',(0.,-0.707106781186548,0.707106781186548));
#6587=DIRECTION('',(0.,1.,0.));
#6588=DIRECTION('',(1.,0.,0.));
#6589=DIRECTION('',(0.,0.707106781186548,-0.707106781186548));
#6590=DIRECTION('',(-9.97264010850975E-17,0.707106781186548,0.707106781186548));
#6591=DIRECTION('',(-1.,0.,-1.41034428941204E-16));
#6592=DIRECTION('',(0.979402950829863,0.201915477132777,1.14289464905466E-15));
#6593=DIRECTION('',(0.201915477132777,-0.979402950829863,0.));
#6594=DIRECTION('',(0.,0.25337316790648,0.967368615257408));
#6595=DIRECTION('',(0.,0.967368615257408,-0.25337316790648));
#6596=DIRECTION('',(0.,0.120975823233667,0.992655453917892));
#6597=DIRECTION('',(0.,0.992655453917892,-0.120975823233667));
#6598=DIRECTION('',(0.979402950829861,-0.201915477132787,-4.37834397931631E-17));
#6599=DIRECTION('',(-0.201915477132787,-0.979402950829861,0.));
#6600=DIRECTION('',(0.978833877165085,0.204656397197758,8.49003052899836E-16));
#6601=DIRECTION('',(0.204656397197758,-0.978833877165085,0.));
#6602=DIRECTION('',(-9.48941619042599E-16,0.253373167906495,0.967368615257404));
#6603=DIRECTION('',(0.,0.967368615257404,-0.253373167906495));
#6604=DIRECTION('',(0.978833877165086,-0.204656397197757,0.));
#6605=DIRECTION('',(-0.204656397197757,-0.978833877165086,0.));
#6606=DIRECTION('',(2.73100979425167E-16,0.120975823233653,0.992655453917894));
#6607=DIRECTION('',(0.,0.992655453917894,-0.120975823233654));
#6608=DIRECTION('',(0.,1.,0.));
#6609=DIRECTION('',(0.,0.,1.));
#6610=DIRECTION('',(0.,0.,-1.));
#6611=DIRECTION('',(-1.,0.,0.));
#6612=DIRECTION('',(0.,0.,1.));
#6613=DIRECTION('',(0.,1.,0.));
#6614=DIRECTION('',(0.,0.,-1.));
#6615=DIRECTION('',(0.,-1.,0.));
#6616=DIRECTION('',(0.,0.,-1.));
#6617=DIRECTION('',(0.,0.,-1.));
#6618=DIRECTION('',(1.,1.23908819712629E-16,0.));
#6619=DIRECTION('',(-1.23908819712629E-16,1.,0.));
#6620=DIRECTION('',(0.,0.,-1.));
#6621=DIRECTION('',(1.23908819712629E-16,-1.,0.));
#6622=DIRECTION('',(0.,1.,0.));
#6623=DIRECTION('',(0.,0.,1.));
#6624=DIRECTION('',(1.,0.,0.));
#6625=DIRECTION('',(0.,0.,-1.));
#6626=DIRECTION('',(0.,0.,-1.));
#6627=DIRECTION('',(1.,-1.23908819712629E-16,0.));
#6628=DIRECTION('',(1.23908819712629E-16,1.,0.));
#6629=DIRECTION('',(-1.23908819712629E-16,-1.,0.));
#6630=DIRECTION('',(0.,0.,-1.));
#6631=DIRECTION('',(-1.,0.,0.));
#6632=DIRECTION('',(0.,0.,1.));
#6633=DIRECTION('',(0.,0.,-1.));
#6634=DIRECTION('',(0.,1.,0.));
#6635=DIRECTION('',(2.62836890299516E-16,1.,0.));
#6636=DIRECTION('',(-1.,2.62836890299516E-16,0.));
#6637=DIRECTION('',(0.,0.,-1.));
#6638=DIRECTION('',(-1.,2.62836890299516E-16,0.));
#6639=DIRECTION('',(0.,0.,-1.));
#6640=DIRECTION('',(1.,-2.62836890299516E-16,0.));
#6641=DIRECTION('',(-1.,-2.62836890299516E-16,0.));
#6642=DIRECTION('',(0.,-1.,0.));
#6643=DIRECTION('',(0.,0.,-1.));
#6644=DIRECTION('',(0.,0.,-1.));
#6645=DIRECTION('',(1.,0.,0.));
#6646=DIRECTION('',(0.,0.,-1.));
#6647=DIRECTION('',(1.,0.,0.));
#6648=DIRECTION('',(0.,0.,-1.));
#6649=DIRECTION('',(0.,0.,-1.));
#6650=DIRECTION('',(-1.,0.,0.));
#6651=DIRECTION('',(-1.,0.,0.));
#6652=DIRECTION('',(0.,0.,1.));
#6653=DIRECTION('',(0.,0.,-1.));
#6654=DIRECTION('',(0.,1.,0.));
#6655=DIRECTION('',(0.,-1.,0.));
#6656=DIRECTION('',(0.,0.,-1.));
#6657=DIRECTION('',(0.,0.,-1.));
#6658=DIRECTION('',(-1.,0.,0.));
#6659=DIRECTION('',(-1.,0.,0.));
#6660=DIRECTION('',(0.,0.,1.));
#6661=DIRECTION('',(0.,1.,0.));
#6662=DIRECTION('',(0.,0.,1.));
#6663=DIRECTION('',(1.,0.,0.));
#6664=DIRECTION('',(0.,0.,1.));
#6665=DIRECTION('',(1.,0.,0.));
#6666=DIRECTION('',(0.,0.,1.));
#6667=DIRECTION('',(1.,0.,0.));
#6668=DIRECTION('',(0.,1.,0.));
#6669=DIRECTION('',(0.,1.,0.));
#6670=DIRECTION('',(-1.,0.,0.));
#6671=DIRECTION('',(0.,0.,1.));
#6672=DIRECTION('',(0.,-1.,0.));
#6673=DIRECTION('',(-1.,0.,0.));
#6674=DIRECTION('',(0.,0.,1.));
#6675=DIRECTION('',(0.,1.,0.));
#6676=DIRECTION('',(0.,0.,1.));
#6677=DIRECTION('',(1.,0.,0.));
#6678=DIRECTION('',(-1.,0.,0.));
#6679=DIRECTION('',(1.,-2.62836890299516E-16,0.));
#6680=DIRECTION('',(0.,0.,-1.));
#6681=DIRECTION('',(-1.,0.,0.));
#6682=DIRECTION('',(0.,0.,1.));
#6683=DIRECTION('',(1.,0.,0.));
#6684=DIRECTION('',(0.707106781186548,0.,0.707106781186548));
#6685=DIRECTION('',(0.,-1.,0.));
#6686=DIRECTION('',(0.577350269189626,0.577350269189626,-0.577350269189626));
#6687=DIRECTION('',(0.577350269189626,-0.577350269189626,-0.577350269189625));
#6688=DIRECTION('',(-1.85853747476773E-16,-0.707106781186547,0.707106781186548));
#6689=DIRECTION('',(1.,-2.62836890299516E-16,0.));
#6690=DIRECTION('',(0.577350269189626,0.577350269189626,0.577350269189626));
#6691=DIRECTION('',(0.,0.707106781186548,0.707106781186548));
#6692=DIRECTION('',(-1.,0.,0.));
#6693=DIRECTION('',(-0.577350269189626,0.577350269189626,-0.577350269189626));
#6694=DIRECTION('',(0.707106781186548,0.,-0.707106781186548));
#6695=DIRECTION('',(0.,1.,0.));
#6696=DIRECTION('',(0.,0.,1.));
#6697=DIRECTION('',(1.,0.,0.));
#6698=DIRECTION('',(0.,0.,-1.));
#6699=DIRECTION('',(0.,-1.,0.));
#6700=DIRECTION('',(0.,1.,0.));
#6701=DIRECTION('',(1.,-2.62836890299516E-16,0.));
#6702=DIRECTION('',(0.,-1.,0.));
#6703=DIRECTION('',(1.,0.,0.));
#6704=DIRECTION('',(0.,-1.,0.));
#6705=DIRECTION('',(-1.,0.,0.));
#6706=DIRECTION('',(0.,-1.,0.));
#6707=DIRECTION('',(-1.,0.,0.));
#6708=DIRECTION('',(0.,0.,-1.));
#6709=DIRECTION('',(0.,-1.,0.));
#6710=DIRECTION('',(-1.,0.,0.));
#6711=DIRECTION('',(1.,0.,1.41034428941204E-16));
#6712=DIRECTION('',(0.,-1.,0.));
#6713=DIRECTION('',(-1.,0.,0.));
#6714=DIRECTION('',(0.,0.,-1.));
#6715=DIRECTION('',(0.,-1.,0.));
#6716=DIRECTION('',(-1.,0.,0.));
#6717=DIRECTION('',(1.,0.,1.41034428941204E-16));
#6718=DIRECTION('',(0.,0.,-1.));
#6719=DIRECTION('',(-1.,0.,0.));
#6720=DIRECTION('',(0.,0.,-1.));
#6721=DIRECTION('',(1.,0.,1.41034428941204E-16));
#6722=DIRECTION('',(0.,0.,-1.));
#6723=DIRECTION('',(1.,0.,0.));
#6724=DIRECTION('',(0.,0.,-1.));
#6725=DIRECTION('',(0.,-1.,0.));
#6726=DIRECTION('',(-1.,0.,0.));
#6727=DIRECTION('',(0.,0.,-1.));
#6728=DIRECTION('',(0.,-1.,0.));
#6729=DIRECTION('',(-1.,0.,0.));
#6730=DIRECTION('',(1.,0.,1.41034428941204E-16));
#6731=DIRECTION('',(0.,-1.,0.));
#6732=DIRECTION('',(-1.,0.,0.));
#6733=DIRECTION('',(0.,0.,-1.));
#6734=DIRECTION('',(0.,-1.,0.));
#6735=DIRECTION('',(-1.,0.,0.));
#6736=DIRECTION('',(0.,-1.,0.));
#6737=DIRECTION('',(-1.,0.,0.));
#6738=DIRECTION('',(0.,-1.,0.));
#6739=DIRECTION('',(-1.,0.,0.));
#6740=DIRECTION('',(-1.,0.,-1.41034428941204E-16));
#6741=DIRECTION('',(0.,-1.,0.));
#6742=DIRECTION('',(-1.,0.,0.));
#6743=DIRECTION('',(0.,0.,1.));
#6744=DIRECTION('',(0.,-1.,0.));
#6745=DIRECTION('',(-1.,0.,0.));
#6746=DIRECTION('',(1.,0.,1.41034428941204E-16));
#6747=DIRECTION('',(0.,-1.,0.));
#6748=DIRECTION('',(-1.,0.,0.));
#6749=DIRECTION('',(0.,0.,-1.));
#6750=DIRECTION('',(1.,0.,-1.66800334228539E-16));
#6751=DIRECTION('',(-0.707106781186548,0.,-0.707106781186547));
#6752=DIRECTION('',(-3.21245088143853E-16,0.,-1.));
#6753=DIRECTION('',(-0.707106781186548,0.,0.707106781186548));
#6754=DIRECTION('',(0.707106781186548,0.,0.707106781186548));
#6755=DIRECTION('',(-3.21245088143853E-16,0.,-1.));
#6756=DIRECTION('',(0.707106781186548,0.,-0.707106781186548));
#6757=DIRECTION('',(4.8186763221578E-16,0.,-1.));
#6758=DIRECTION('',(-0.707106781186549,0.,0.707106781186546));
#6759=DIRECTION('',(-1.,0.,-1.66800334228539E-16));
#6760=DIRECTION('',(0.707106781186547,0.,0.707106781186548));
#6761=DIRECTION('',(4.8186763221578E-16,0.,-1.));
#6762=DIRECTION('',(0.707106781186547,0.,-0.707106781186548));
#6763=DIRECTION('',(-1.,0.,-3.33600668457079E-16));
#6764=DIRECTION('',(-0.707106781186548,0.,-0.707106781186548));
#6765=DIRECTION('',(-1.,0.,-4.8186763221578E-16));
#6766=DIRECTION('',(4.8186763221578E-16,0.,-1.));
#6767=DIRECTION('',(0.,1.,0.));
#6768=DIRECTION('',(-4.8186763221578E-16,0.,1.));
#6769=DIRECTION('',(0.,-1.,0.));
#6770=DIRECTION('',(-1.66800334228539E-16,0.,1.));
#6771=DIRECTION('',(-1.,0.,-1.66800334228539E-16));
#6772=DIRECTION('',(-1.,0.,-1.66800334228539E-16));
#6773=DIRECTION('',(0.,-1.,0.));
#6774=DIRECTION('',(0.,1.,0.));
#6775=DIRECTION('',(-1.,0.,-4.8186763221578E-16));
#6776=DIRECTION('',(4.8186763221578E-16,0.,-1.));
#6777=DIRECTION('',(0.,1.,0.));
#6778=DIRECTION('',(4.8186763221578E-16,0.,-1.));
#6779=DIRECTION('',(0.,-1.,0.));
#6780=DIRECTION('',(-3.33600668457079E-16,0.,1.));
#6781=DIRECTION('',(-1.,0.,-3.33600668457079E-16));
#6782=DIRECTION('',(0.,1.,0.));
#6783=DIRECTION('',(1.,-2.62836890299516E-16,0.));
#6784=DIRECTION('',(0.,-1.,0.));
#6785=DIRECTION('',(0.,-1.,0.));
#6786=DIRECTION('',(-1.,0.,0.));
#6787=DIRECTION('',(-4.8186763221578E-16,0.,1.));
#6788=DIRECTION('',(1.,0.,1.66800334228539E-16));
#6789=DIRECTION('',(4.8186763221578E-16,0.,-1.));
#6790=DIRECTION('',(-1.,0.,-3.33600668457079E-16));
#6791=DIRECTION('',(-1.66800334228539E-16,0.,-1.));
#6792=DIRECTION('',(1.,0.,-1.66800334228539E-16));
#6793=DIRECTION('',(0.,1.,0.));
#6794=DIRECTION('',(-1.,0.,1.66800334228539E-16));
#6795=DIRECTION('',(0.,-1.,0.));
#6796=DIRECTION('',(-1.,0.,3.21245088143853E-16));
#6797=DIRECTION('',(-3.21245088143853E-16,0.,-1.));
#6798=DIRECTION('',(-3.21245088143853E-16,0.,-1.));
#6799=DIRECTION('',(0.,-1.,0.));
#6800=DIRECTION('',(0.,1.,0.));
#6801=DIRECTION('',(-1.,0.,3.21245088143853E-16));
#6802=DIRECTION('',(-3.21245088143853E-16,0.,-1.));
#6803=DIRECTION('',(0.,1.,0.));
#6804=DIRECTION('',(3.21245088143853E-16,0.,1.));
#6805=DIRECTION('',(0.,-1.,0.));
#6806=DIRECTION('',(0.,-1.,0.));
#6807=DIRECTION('',(-1.,0.,0.));
#6808=DIRECTION('',(-3.21245088143853E-16,0.,-1.));
#6809=DIRECTION('',(-1.,0.,0.));
#6810=DIRECTION('',(3.21245088143853E-16,0.,1.));
#6811=DIRECTION('',(1.,0.,-1.66800334228539E-16));
#6812=DIRECTION('',(-0.707106781186548,0.,0.707106781186548));
#6813=DIRECTION('',(0.,-1.,0.));
#6814=DIRECTION('',(0.,-1.,0.));
#6815=DIRECTION('',(0.707106781186548,0.,0.707106781186548));
#6816=DIRECTION('',(-0.707106781186548,0.,-0.707106781186547));
#6817=DIRECTION('',(0.,1.,0.));
#6818=DIRECTION('',(-0.707106781186547,-1.55953088041199E-16,0.707106781186548));
#6819=DIRECTION('',(0.,-1.,0.));
#6820=DIRECTION('',(-2.35891294874366E-16,-0.707106781186547,0.707106781186548));
#6821=DIRECTION('',(-1.,0.,-3.33600668457079E-16));
#6822=DIRECTION('',(2.88444402957534E-16,-0.707106781186548,-0.707106781186547));
#6823=DIRECTION('',(1.,0.,3.33600668457079E-16));
#6824=DIRECTION('',(1.79905897644876E-15,0.707106781186548,0.707106781186547));
#6825=DIRECTION('',(0.577350269189626,0.577350269189626,-0.577350269189626));
#6826=DIRECTION('',(0.707106781186548,-0.707106781186548,0.));
#6827=DIRECTION('',(-0.707106781186548,0.707106781186548,0.));
#6828=DIRECTION('',(-0.577350269189626,0.577350269189626,-0.577350269189625));
#6829=DIRECTION('',(0.707106781186548,0.707106781186547,0.));
#6830=DIRECTION('',(0.707106781186548,0.707106781186548,6.73036940234248E-16));
#6831=DIRECTION('',(-0.707106781186548,-0.707106781186548,-3.40731870374083E-16));
#6832=DIRECTION('',(4.8186763221578E-16,0.,-1.));
#6833=DIRECTION('',(0.707106781186548,-0.707106781186548,2.27979964804465E-15));
#6834=DIRECTION('',(0.707106781186546,0.,0.707106781186549));
#6835=DIRECTION('',(0.,1.,0.));
#6836=DIRECTION('',(0.707106781186549,8.54444562071358E-16,-0.707106781186546));
#6837=DIRECTION('',(0.707106781186548,0.,-0.707106781186547));
#6838=DIRECTION('',(0.,-1.,0.));
#6839=DIRECTION('',(-0.707106781186547,-1.19609907444043E-16,-0.707106781186548));
#6840=DIRECTION('',(-0.707106781186548,0.707106781186548,-3.40731870374083E-16));
#6841=DIRECTION('',(-4.8186763221578E-16,0.,1.));
#6842=DIRECTION('',(-0.707106781186548,-0.707106781186548,0.));
#6843=DIRECTION('',(0.577350269189624,0.577350269189626,0.577350269189627));
#6844=DIRECTION('',(0.,0.707106781186548,-0.707106781186547));
#6845=DIRECTION('',(-1.82681455206439E-15,-0.707106781186547,0.707106781186548));
#6846=DIRECTION('',(-0.577350269189626,0.577350269189626,0.577350269189625));
#6847=DIRECTION('',(0.707106781186548,0.707106781186548,0.));
#6848=DIRECTION('',(5.76888805915069E-16,0.707106781186548,-0.707106781186548));
#6849=DIRECTION('',(-1.17945647437183E-16,0.707106781186548,0.707106781186548));
#6850=DIRECTION('',(1.,0.,1.66800334228539E-16));
#6851=DIRECTION('',(-0.707106781186547,0.,0.707106781186548));
#6852=DIRECTION('',(0.,1.,0.));
#6853=DIRECTION('',(0.707106781186548,-9.18543318284143E-17,0.707106781186547));
#6854=DIRECTION('',(-0.707106781186548,0.707106781186548,2.27154580249389E-16));
#6855=DIRECTION('',(3.21245088143853E-16,0.,1.));
#6856=DIRECTION('',(0.707106781186548,0.707106781186548,0.));
#6857=DIRECTION('',(-0.707106781186548,-0.707106781186548,7.96940650169054E-16));
#6858=DIRECTION('',(0.707106781186548,0.,0.707106781186548));
#6859=DIRECTION('',(0.,-1.,0.));
#6860=DIRECTION('',(0.707106781186548,0.,-0.707106781186548));
#6861=DIRECTION('',(0.,1.,0.));
#6862=DIRECTION('',(-0.577350269189625,0.577350269189626,0.577350269189626));
#6863=DIRECTION('',(0.,0.707106781186548,-0.707106781186548));
#6864=DIRECTION('',(1.92296268638356E-16,-0.707106781186547,0.707106781186548));
#6865=DIRECTION('',(-0.577350269189626,0.577350269189626,-0.577350269189626));
#6866=DIRECTION('',(0.707106781186548,0.707106781186548,0.));
#6867=DIRECTION('',(0.,-0.707106781186548,-0.707106781186548));
#6868=DIRECTION('',(-0.707106781186548,0.,-0.707106781186548));
#6869=DIRECTION('',(0.,-1.,0.));
#6870=DIRECTION('',(-0.707106781186548,0.,0.707106781186548));
#6871=DIRECTION('',(-1.17945647437183E-16,-0.707106781186548,-0.707106781186548));
#6872=DIRECTION('',(1.,0.,-1.66800334228539E-16));
#6873=DIRECTION('',(-6.45281364618619E-16,0.707106781186548,-0.707106781186548));
#6874=DIRECTION('',(0.,0.707106781186548,-0.707106781186548));
#6875=DIRECTION('',(-1.,0.,0.));
#6876=DIRECTION('',(0.,0.707106781186548,0.707106781186548));
#6877=DIRECTION('',(1.,0.,0.));
#6878=DIRECTION('',(0.707106781186548,0.,-0.707106781186548));
#6879=DIRECTION('',(0.,1.,0.));
#6880=DIRECTION('',(0.,-1.,0.));
#6881=DIRECTION('',(-0.707106781186548,0.,-0.707106781186548));
#6882=DIRECTION('',(0.577350269189626,0.577350269189626,0.577350269189626));
#6883=DIRECTION('',(0.707106781186548,-0.707106781186547,0.));
#6884=DIRECTION('',(0.707106781186548,-0.707106781186548,8.65333208872604E-16));
#6885=DIRECTION('',(0.577350269189626,0.577350269189626,-0.577350269189626));
#6886=DIRECTION('',(0.707106781186548,-0.707106781186548,0.));
#6887=DIRECTION('',(-0.707106781186548,0.707106781186548,0.));
#6888=DIRECTION('',(-0.707106781186548,-0.707106781186548,2.27154580249389E-16));
#6889=DIRECTION('',(-3.21245088143853E-16,0.,-1.));
#6890=DIRECTION('',(0.,1.,0.));
#6891=DIRECTION('',(1.,0.,0.));
#6892=DIRECTION('',(0.,1.,0.));
#6893=DIRECTION('',(0.,1.,0.));
#6894=DIRECTION('',(0.,-1.,0.));
#6895=DIRECTION('',(-1.,0.,0.));
#6896=DIRECTION('',(-1.41034428941204E-16,0.,1.));
#6897=DIRECTION('',(-1.,0.,-1.41034428941204E-16));
#6898=DIRECTION('',(0.,1.,0.));
#6899=DIRECTION('',(1.,-2.62836890299516E-16,0.));
#6900=DIRECTION('',(0.,1.,0.));
#6901=DIRECTION('',(0.,1.,0.));
#6902=DIRECTION('',(1.,0.,0.));
#6903=DIRECTION('',(-1.23908819712629E-16,-1.,0.));
#6904=DIRECTION('',(0.,0.,1.));
#6905=DIRECTION('',(1.,0.,0.));
#6906=DIRECTION('',(1.,0.,0.));
#6907=DIRECTION('',(0.,0.,1.));
#6908=DIRECTION('',(1.,0.,0.));
#6909=DIRECTION('',(1.23908819712629E-16,-1.,0.));
#6910=DIRECTION('',(-1.,0.,0.));
#6911=DIRECTION('',(-1.,0.,0.));
#6912=DIRECTION('',(0.,1.,0.));
#6913=DIRECTION('',(-1.,0.,0.));
#6914=DIRECTION('',(0.,1.,0.));
#6915=DIRECTION('',(0.,1.,0.));
#6916=DIRECTION('',(1.,0.,0.));
#6917=DIRECTION('',(0.,1.,0.));
#6918=DIRECTION('',(0.,-1.,0.));
#6919=DIRECTION('',(-1.,0.,0.));
#6920=DIRECTION('',(1.,0.,0.));
#6921=DIRECTION('',(0.,-1.,0.));
#6922=DIRECTION('',(0.,1.,0.));
#6923=DIRECTION('',(0.,1.,0.));
#6924=DIRECTION('',(1.,0.,0.));
#6925=DIRECTION('',(0.,1.,0.));
#6926=DIRECTION('',(-1.41034428941204E-16,0.,1.));
#6927=DIRECTION('',(-1.,0.,-1.41034428941204E-16));
#6928=DIRECTION('',(0.,1.,0.));
#6929=DIRECTION('',(0.,1.,0.));
#6930=DIRECTION('',(1.,0.,0.));
#6931=DIRECTION('',(0.,1.,0.));
#6932=DIRECTION('',(1.,0.,0.));
#6933=DIRECTION('',(0.,-1.,0.));
#6934=DIRECTION('',(-9.97264010850975E-17,-0.707106781186548,0.707106781186548));
#6935=DIRECTION('',(1.,0.,1.41034428941204E-16));
#6936=DIRECTION('',(0.,0.707106781186548,0.707106781186548));
#6937=DIRECTION('',(6.1331736667335E-16,-0.707106781186548,-0.707106781186548));
#6938=DIRECTION('',(0.,1.,0.));
#6939=DIRECTION('',(1.,0.,0.));
#6940=DIRECTION('',(0.707106781186548,-0.707106781186548,0.));
#6941=DIRECTION('',(0.,1.,0.));
#6942=DIRECTION('',(1.,0.,0.));
#6943=DIRECTION('',(0.707106781186547,0.707106781186548,0.));
#6944=DIRECTION('',(0.707106781186548,0.707106781186548,0.));
#6945=DIRECTION('',(0.,0.,1.));
#6946=DIRECTION('',(0.707106781186548,-0.707106781186548,0.));
#6947=DIRECTION('',(0.707106781186548,-0.707106781186548,0.));
#6948=DIRECTION('',(0.,0.,-1.));
#6949=DIRECTION('',(0.707106781186548,0.707106781186548,0.));
#6950=DIRECTION('',(0.,1.,0.));
#6951=DIRECTION('',(1.,0.,0.));
#6952=DIRECTION('',(0.,-0.707106781186548,0.707106781186548));
#6953=DIRECTION('',(0.,1.,0.));
#6954=DIRECTION('',(1.,0.,0.));
#6955=DIRECTION('',(0.,0.707106781186548,-0.707106781186548));
#6956=DIRECTION('',(-9.97264010850975E-17,0.707106781186548,0.707106781186548));
#6957=DIRECTION('',(-1.,0.,-1.41034428941204E-16));
#6958=DIRECTION('',(0.990497548878419,0.137530380883074,-1.78932885283426E-16));
#6959=DIRECTION('',(0.137530380883074,-0.990497548878419,0.));
#6960=DIRECTION('',(0.,0.311062578861129,0.950389431776397));
#6961=DIRECTION('',(0.,0.950389431776397,-0.311062578861129));
#6962=DIRECTION('',(0.,0.18232458418428,0.983238397339134));
#6963=DIRECTION('',(0.,0.983238397339134,-0.18232458418428));
#6964=DIRECTION('',(0.990497548878419,-0.137530380883075,1.40796810339161E-15));
#6965=DIRECTION('',(-0.137530380883075,-0.990497548878419,0.));
#6966=DIRECTION('',(0.99006945039858,0.14057910010899,1.11637286699502E-14));
#6967=DIRECTION('',(0.14057910010899,-0.99006945039858,0.));
#6968=DIRECTION('',(-5.47067604167766E-16,0.311062578861126,0.950389431776398));
#6969=DIRECTION('',(0.,0.950389431776399,-0.311062578861126));
#6970=DIRECTION('',(0.990069450398582,-0.140579100108981,0.));
#6971=DIRECTION('',(-0.140579100108981,-0.990069450398581,0.));
#6972=DIRECTION('',(1.31481685560813E-14,0.182324584184277,0.983238397339135));
#6973=DIRECTION('',(0.,0.983238397339135,-0.182324584184277));
#6974=DIRECTION('',(0.,1.,0.));
#6975=DIRECTION('',(0.,0.,1.));
#6976=DIRECTION('',(0.,0.,-1.));
#6977=DIRECTION('',(-1.,0.,0.));
#6978=DIRECTION('',(0.,0.,1.));
#6979=DIRECTION('',(0.,1.,0.));
#6980=DIRECTION('',(0.,0.,-1.));
#6981=DIRECTION('',(0.,-1.,0.));
#6982=DIRECTION('',(0.,0.,-1.));
#6983=DIRECTION('',(0.,0.,-1.));
#6984=DIRECTION('',(1.,1.23908819712629E-16,0.));
#6985=DIRECTION('',(-1.23908819712629E-16,1.,0.));
#6986=DIRECTION('',(0.,0.,-1.));
#6987=DIRECTION('',(1.23908819712629E-16,-1.,0.));
#6988=DIRECTION('',(0.,1.,0.));
#6989=DIRECTION('',(0.,0.,1.));
#6990=DIRECTION('',(1.,0.,0.));
#6991=DIRECTION('',(0.,0.,-1.));
#6992=DIRECTION('',(0.,0.,-1.));
#6993=DIRECTION('',(1.,-1.23908819712629E-16,0.));
#6994=DIRECTION('',(1.23908819712629E-16,1.,0.));
#6995=DIRECTION('',(-1.23908819712629E-16,-1.,0.));
#6996=DIRECTION('',(0.,0.,-1.));
#6997=DIRECTION('',(-1.,0.,0.));
#6998=DIRECTION('',(0.,0.,1.));
#6999=DIRECTION('',(0.,0.,-1.));
#7000=DIRECTION('',(0.,1.,0.));
#7001=DIRECTION('',(2.62836890299516E-16,1.,0.));
#7002=DIRECTION('',(-1.,2.62836890299516E-16,0.));
#7003=DIRECTION('',(0.,0.,-1.));
#7004=DIRECTION('',(-1.,2.62836890299516E-16,0.));
#7005=DIRECTION('',(0.,0.,-1.));
#7006=DIRECTION('',(1.,-2.62836890299516E-16,0.));
#7007=DIRECTION('',(-1.,-2.62836890299516E-16,0.));
#7008=DIRECTION('',(0.,-1.,0.));
#7009=DIRECTION('',(0.,0.,-1.));
#7010=DIRECTION('',(0.,0.,-1.));
#7011=DIRECTION('',(1.,0.,0.));
#7012=DIRECTION('',(0.,0.,-1.));
#7013=DIRECTION('',(1.,0.,0.));
#7014=DIRECTION('',(0.,0.,-1.));
#7015=DIRECTION('',(0.,0.,-1.));
#7016=DIRECTION('',(-1.,0.,0.));
#7017=DIRECTION('',(-1.,0.,0.));
#7018=DIRECTION('',(0.,0.,1.));
#7019=DIRECTION('',(0.,0.,-1.));
#7020=DIRECTION('',(0.,1.,0.));
#7021=DIRECTION('',(0.,-1.,0.));
#7022=DIRECTION('',(0.,0.,-1.));
#7023=DIRECTION('',(0.,0.,-1.));
#7024=DIRECTION('',(-1.,0.,0.));
#7025=DIRECTION('',(-1.,0.,0.));
#7026=DIRECTION('',(0.,0.,1.));
#7027=DIRECTION('',(0.,1.,0.));
#7028=DIRECTION('',(0.,0.,1.));
#7029=DIRECTION('',(1.,0.,0.));
#7030=DIRECTION('',(0.,0.,1.));
#7031=DIRECTION('',(1.,0.,0.));
#7032=DIRECTION('',(0.,0.,1.));
#7033=DIRECTION('',(1.,0.,0.));
#7034=DIRECTION('',(0.,1.,0.));
#7035=DIRECTION('',(0.,1.,0.));
#7036=DIRECTION('',(-1.,0.,0.));
#7037=DIRECTION('',(0.,0.,1.));
#7038=DIRECTION('',(0.,-1.,0.));
#7039=DIRECTION('',(-1.,0.,0.));
#7040=DIRECTION('',(0.,0.,1.));
#7041=DIRECTION('',(0.,1.,0.));
#7042=DIRECTION('',(0.,0.,1.));
#7043=DIRECTION('',(1.,0.,0.));
#7044=DIRECTION('',(-1.,0.,0.));
#7045=DIRECTION('',(1.,-2.62836890299516E-16,0.));
#7046=DIRECTION('',(0.,0.,-1.));
#7047=DIRECTION('',(-1.,0.,0.));
#7048=DIRECTION('',(0.,0.,1.));
#7049=DIRECTION('',(1.,0.,0.));
#7050=DIRECTION('',(0.707106781186548,0.,0.707106781186548));
#7051=DIRECTION('',(0.,-1.,0.));
#7052=DIRECTION('',(0.577350269189626,0.577350269189626,-0.577350269189626));
#7053=DIRECTION('',(0.577350269189626,-0.577350269189626,-0.577350269189625));
#7054=DIRECTION('',(-1.85853747476773E-16,-0.707106781186547,0.707106781186548));
#7055=DIRECTION('',(1.,-2.62836890299516E-16,0.));
#7056=DIRECTION('',(0.577350269189626,0.577350269189626,0.577350269189626));
#7057=DIRECTION('',(0.,0.707106781186548,0.707106781186548));
#7058=DIRECTION('',(-1.,0.,0.));
#7059=DIRECTION('',(-0.577350269189626,0.577350269189626,-0.577350269189626));
#7060=DIRECTION('',(0.707106781186548,0.,-0.707106781186548));
#7061=DIRECTION('',(0.,1.,0.));
#7062=DIRECTION('',(0.,0.,1.));
#7063=DIRECTION('',(1.,0.,0.));
#7064=DIRECTION('',(0.,0.,-1.));
#7065=DIRECTION('',(0.,-1.,0.));
#7066=DIRECTION('',(0.,1.,0.));
#7067=DIRECTION('',(1.,-2.62836890299516E-16,0.));
#7068=DIRECTION('',(0.,-1.,0.));
#7069=DIRECTION('',(1.,0.,0.));
#7070=DIRECTION('',(0.,-1.,0.));
#7071=DIRECTION('',(-1.,0.,0.));
#7072=DIRECTION('',(0.,-1.,0.));
#7073=DIRECTION('',(-1.,0.,0.));
#7074=DIRECTION('',(0.,0.,-1.));
#7075=DIRECTION('',(0.,-1.,0.));
#7076=DIRECTION('',(-1.,0.,0.));
#7077=DIRECTION('',(1.,0.,1.41034428941204E-16));
#7078=DIRECTION('',(0.,-1.,0.));
#7079=DIRECTION('',(-1.,0.,0.));
#7080=DIRECTION('',(0.,0.,-1.));
#7081=DIRECTION('',(0.,-1.,0.));
#7082=DIRECTION('',(-1.,0.,0.));
#7083=DIRECTION('',(1.,0.,1.41034428941204E-16));
#7084=DIRECTION('',(0.,0.,-1.));
#7085=DIRECTION('',(-1.,0.,0.));
#7086=DIRECTION('',(0.,0.,-1.));
#7087=DIRECTION('',(1.,0.,1.41034428941204E-16));
#7088=DIRECTION('',(0.,0.,-1.));
#7089=DIRECTION('',(1.,0.,0.));
#7090=DIRECTION('',(0.,0.,-1.));
#7091=DIRECTION('',(0.,-1.,0.));
#7092=DIRECTION('',(-1.,0.,0.));
#7093=DIRECTION('',(0.,0.,-1.));
#7094=DIRECTION('',(0.,-1.,0.));
#7095=DIRECTION('',(-1.,0.,0.));
#7096=DIRECTION('',(1.,0.,1.41034428941204E-16));
#7097=DIRECTION('',(0.,-1.,0.));
#7098=DIRECTION('',(-1.,0.,0.));
#7099=DIRECTION('',(0.,0.,-1.));
#7100=DIRECTION('',(0.,-1.,0.));
#7101=DIRECTION('',(-1.,0.,0.));
#7102=DIRECTION('',(0.,-1.,0.));
#7103=DIRECTION('',(-1.,0.,0.));
#7104=DIRECTION('',(0.,-1.,0.));
#7105=DIRECTION('',(-1.,0.,0.));
#7106=DIRECTION('',(-1.,0.,-1.41034428941204E-16));
#7107=DIRECTION('',(0.,-1.,0.));
#7108=DIRECTION('',(-1.,0.,0.));
#7109=DIRECTION('',(0.,0.,1.));
#7110=DIRECTION('',(0.,-1.,0.));
#7111=DIRECTION('',(-1.,0.,0.));
#7112=DIRECTION('',(1.,0.,1.41034428941204E-16));
#7113=DIRECTION('',(0.,-1.,0.));
#7114=DIRECTION('',(-1.,0.,0.));
#7115=DIRECTION('',(0.,0.,-1.));
#7116=DIRECTION('',(1.,0.,-1.66800334228539E-16));
#7117=DIRECTION('',(-0.707106781186548,0.,-0.707106781186547));
#7118=DIRECTION('',(-3.21245088143853E-16,0.,-1.));
#7119=DIRECTION('',(-0.707106781186548,0.,0.707106781186548));
#7120=DIRECTION('',(0.707106781186548,0.,0.707106781186548));
#7121=DIRECTION('',(-3.21245088143853E-16,0.,-1.));
#7122=DIRECTION('',(0.707106781186548,0.,-0.707106781186548));
#7123=DIRECTION('',(4.8186763221578E-16,0.,-1.));
#7124=DIRECTION('',(-0.707106781186549,0.,0.707106781186546));
#7125=DIRECTION('',(-1.,0.,-1.66800334228539E-16));
#7126=DIRECTION('',(0.707106781186547,0.,0.707106781186548));
#7127=DIRECTION('',(4.8186763221578E-16,0.,-1.));
#7128=DIRECTION('',(0.707106781186547,0.,-0.707106781186548));
#7129=DIRECTION('',(-1.,0.,-3.33600668457079E-16));
#7130=DIRECTION('',(-0.707106781186548,0.,-0.707106781186548));
#7131=DIRECTION('',(-1.,0.,-4.8186763221578E-16));
#7132=DIRECTION('',(4.8186763221578E-16,0.,-1.));
#7133=DIRECTION('',(0.,1.,0.));
#7134=DIRECTION('',(-4.8186763221578E-16,0.,1.));
#7135=DIRECTION('',(0.,-1.,0.));
#7136=DIRECTION('',(-1.66800334228539E-16,0.,1.));
#7137=DIRECTION('',(-1.,0.,-1.66800334228539E-16));
#7138=DIRECTION('',(-1.,0.,-1.66800334228539E-16));
#7139=DIRECTION('',(0.,-1.,0.));
#7140=DIRECTION('',(0.,1.,0.));
#7141=DIRECTION('',(-1.,0.,-4.8186763221578E-16));
#7142=DIRECTION('',(4.8186763221578E-16,0.,-1.));
#7143=DIRECTION('',(0.,1.,0.));
#7144=DIRECTION('',(4.8186763221578E-16,0.,-1.));
#7145=DIRECTION('',(0.,-1.,0.));
#7146=DIRECTION('',(-3.33600668457079E-16,0.,1.));
#7147=DIRECTION('',(-1.,0.,-3.33600668457079E-16));
#7148=DIRECTION('',(0.,1.,0.));
#7149=DIRECTION('',(1.,-2.62836890299516E-16,0.));
#7150=DIRECTION('',(0.,-1.,0.));
#7151=DIRECTION('',(0.,-1.,0.));
#7152=DIRECTION('',(-1.,0.,0.));
#7153=DIRECTION('',(-4.8186763221578E-16,0.,1.));
#7154=DIRECTION('',(1.,0.,1.66800334228539E-16));
#7155=DIRECTION('',(4.8186763221578E-16,0.,-1.));
#7156=DIRECTION('',(-1.,0.,-3.33600668457079E-16));
#7157=DIRECTION('',(-1.66800334228539E-16,0.,-1.));
#7158=DIRECTION('',(1.,0.,-1.66800334228539E-16));
#7159=DIRECTION('',(0.,1.,0.));
#7160=DIRECTION('',(-1.,0.,1.66800334228539E-16));
#7161=DIRECTION('',(0.,-1.,0.));
#7162=DIRECTION('',(-1.,0.,3.21245088143853E-16));
#7163=DIRECTION('',(-3.21245088143853E-16,0.,-1.));
#7164=DIRECTION('',(-3.21245088143853E-16,0.,-1.));
#7165=DIRECTION('',(0.,-1.,0.));
#7166=DIRECTION('',(0.,1.,0.));
#7167=DIRECTION('',(-1.,0.,3.21245088143853E-16));
#7168=DIRECTION('',(-3.21245088143853E-16,0.,-1.));
#7169=DIRECTION('',(0.,1.,0.));
#7170=DIRECTION('',(3.21245088143853E-16,0.,1.));
#7171=DIRECTION('',(0.,-1.,0.));
#7172=DIRECTION('',(0.,-1.,0.));
#7173=DIRECTION('',(-1.,0.,0.));
#7174=DIRECTION('',(-3.21245088143853E-16,0.,-1.));
#7175=DIRECTION('',(-1.,0.,0.));
#7176=DIRECTION('',(3.21245088143853E-16,0.,1.));
#7177=DIRECTION('',(1.,0.,-1.66800334228539E-16));
#7178=DIRECTION('',(-0.707106781186548,0.,0.707106781186548));
#7179=DIRECTION('',(0.,-1.,0.));
#7180=DIRECTION('',(0.,-1.,0.));
#7181=DIRECTION('',(0.707106781186548,0.,0.707106781186548));
#7182=DIRECTION('',(-0.707106781186548,0.,-0.707106781186547));
#7183=DIRECTION('',(0.,1.,0.));
#7184=DIRECTION('',(-0.707106781186547,-1.55953088041199E-16,0.707106781186548));
#7185=DIRECTION('',(0.,-1.,0.));
#7186=DIRECTION('',(-2.35891294874366E-16,-0.707106781186547,0.707106781186548));
#7187=DIRECTION('',(-1.,0.,-3.33600668457079E-16));
#7188=DIRECTION('',(2.88444402957534E-16,-0.707106781186548,-0.707106781186547));
#7189=DIRECTION('',(1.,0.,3.33600668457079E-16));
#7190=DIRECTION('',(1.79905897644876E-15,0.707106781186548,0.707106781186547));
#7191=DIRECTION('',(0.577350269189626,0.577350269189626,-0.577350269189626));
#7192=DIRECTION('',(0.707106781186548,-0.707106781186548,0.));
#7193=DIRECTION('',(-0.707106781186548,0.707106781186548,0.));
#7194=DIRECTION('',(-0.577350269189626,0.577350269189626,-0.577350269189625));
#7195=DIRECTION('',(0.707106781186548,0.707106781186547,0.));
#7196=DIRECTION('',(0.707106781186548,0.707106781186548,6.73036940234248E-16));
#7197=DIRECTION('',(-0.707106781186548,-0.707106781186548,-3.40731870374083E-16));
#7198=DIRECTION('',(4.8186763221578E-16,0.,-1.));
#7199=DIRECTION('',(0.707106781186548,-0.707106781186548,2.27979964804465E-15));
#7200=DIRECTION('',(0.707106781186546,0.,0.707106781186549));
#7201=DIRECTION('',(0.,1.,0.));
#7202=DIRECTION('',(0.707106781186549,8.54444562071358E-16,-0.707106781186546));
#7203=DIRECTION('',(0.707106781186548,0.,-0.707106781186547));
#7204=DIRECTION('',(0.,-1.,0.));
#7205=DIRECTION('',(-0.707106781186547,-1.19609907444043E-16,-0.707106781186548));
#7206=DIRECTION('',(-0.707106781186548,0.707106781186548,-3.40731870374083E-16));
#7207=DIRECTION('',(-4.8186763221578E-16,0.,1.));
#7208=DIRECTION('',(-0.707106781186548,-0.707106781186548,0.));
#7209=DIRECTION('',(0.577350269189624,0.577350269189626,0.577350269189627));
#7210=DIRECTION('',(0.,0.707106781186548,-0.707106781186547));
#7211=DIRECTION('',(-1.82681455206439E-15,-0.707106781186547,0.707106781186548));
#7212=DIRECTION('',(-0.577350269189626,0.577350269189626,0.577350269189625));
#7213=DIRECTION('',(0.707106781186548,0.707106781186548,0.));
#7214=DIRECTION('',(5.76888805915069E-16,0.707106781186548,-0.707106781186548));
#7215=DIRECTION('',(-1.17945647437183E-16,0.707106781186548,0.707106781186548));
#7216=DIRECTION('',(1.,0.,1.66800334228539E-16));
#7217=DIRECTION('',(-0.707106781186547,0.,0.707106781186548));
#7218=DIRECTION('',(0.,1.,0.));
#7219=DIRECTION('',(0.707106781186548,-9.18543318284143E-17,0.707106781186547));
#7220=DIRECTION('',(-0.707106781186548,0.707106781186548,2.27154580249389E-16));
#7221=DIRECTION('',(3.21245088143853E-16,0.,1.));
#7222=DIRECTION('',(0.707106781186548,0.707106781186548,0.));
#7223=DIRECTION('',(-0.707106781186548,-0.707106781186548,7.96940650169054E-16));
#7224=DIRECTION('',(0.707106781186548,0.,0.707106781186548));
#7225=DIRECTION('',(0.,-1.,0.));
#7226=DIRECTION('',(0.707106781186548,0.,-0.707106781186548));
#7227=DIRECTION('',(0.,1.,0.));
#7228=DIRECTION('',(-0.577350269189625,0.577350269189626,0.577350269189626));
#7229=DIRECTION('',(0.,0.707106781186548,-0.707106781186548));
#7230=DIRECTION('',(1.92296268638356E-16,-0.707106781186547,0.707106781186548));
#7231=DIRECTION('',(-0.577350269189626,0.577350269189626,-0.577350269189626));
#7232=DIRECTION('',(0.707106781186548,0.707106781186548,0.));
#7233=DIRECTION('',(0.,-0.707106781186548,-0.707106781186548));
#7234=DIRECTION('',(-0.707106781186548,0.,-0.707106781186548));
#7235=DIRECTION('',(0.,-1.,0.));
#7236=DIRECTION('',(-0.707106781186548,0.,0.707106781186548));
#7237=DIRECTION('',(-1.17945647437183E-16,-0.707106781186548,-0.707106781186548));
#7238=DIRECTION('',(1.,0.,-1.66800334228539E-16));
#7239=DIRECTION('',(-6.45281364618619E-16,0.707106781186548,-0.707106781186548));
#7240=DIRECTION('',(0.,0.707106781186548,-0.707106781186548));
#7241=DIRECTION('',(-1.,0.,0.));
#7242=DIRECTION('',(0.,0.707106781186548,0.707106781186548));
#7243=DIRECTION('',(1.,0.,0.));
#7244=DIRECTION('',(0.707106781186548,0.,-0.707106781186548));
#7245=DIRECTION('',(0.,1.,0.));
#7246=DIRECTION('',(0.,-1.,0.));
#7247=DIRECTION('',(-0.707106781186548,0.,-0.707106781186548));
#7248=DIRECTION('',(0.577350269189626,0.577350269189626,0.577350269189626));
#7249=DIRECTION('',(0.707106781186548,-0.707106781186547,0.));
#7250=DIRECTION('',(0.707106781186548,-0.707106781186548,8.65333208872604E-16));
#7251=DIRECTION('',(0.577350269189626,0.577350269189626,-0.577350269189626));
#7252=DIRECTION('',(0.707106781186548,-0.707106781186548,0.));
#7253=DIRECTION('',(-0.707106781186548,0.707106781186548,0.));
#7254=DIRECTION('',(-0.707106781186548,-0.707106781186548,2.27154580249389E-16));
#7255=DIRECTION('',(-3.21245088143853E-16,0.,-1.));
#7256=DIRECTION('',(0.,1.,0.));
#7257=DIRECTION('',(1.,0.,0.));
#7258=DIRECTION('',(0.,1.,0.));
#7259=DIRECTION('',(0.,1.,0.));
#7260=DIRECTION('',(0.,-1.,0.));
#7261=DIRECTION('',(-1.,0.,0.));
#7262=DIRECTION('',(-1.41034428941204E-16,0.,1.));
#7263=DIRECTION('',(-1.,0.,-1.41034428941204E-16));
#7264=DIRECTION('',(0.,1.,0.));
#7265=DIRECTION('',(1.,-2.62836890299516E-16,0.));
#7266=DIRECTION('',(0.,1.,0.));
#7267=DIRECTION('',(0.,1.,0.));
#7268=DIRECTION('',(1.,0.,0.));
#7269=DIRECTION('',(-1.23908819712629E-16,-1.,0.));
#7270=DIRECTION('',(0.,0.,1.));
#7271=DIRECTION('',(1.,0.,0.));
#7272=DIRECTION('',(1.,0.,0.));
#7273=DIRECTION('',(0.,0.,1.));
#7274=DIRECTION('',(1.,0.,0.));
#7275=DIRECTION('',(1.23908819712629E-16,-1.,0.));
#7276=DIRECTION('',(-1.,0.,0.));
#7277=DIRECTION('',(-1.,0.,0.));
#7278=DIRECTION('',(0.,1.,0.));
#7279=DIRECTION('',(-1.,0.,0.));
#7280=DIRECTION('',(0.,1.,0.));
#7281=DIRECTION('',(0.,1.,0.));
#7282=DIRECTION('',(1.,0.,0.));
#7283=DIRECTION('',(0.,1.,0.));
#7284=DIRECTION('',(0.,-1.,0.));
#7285=DIRECTION('',(-1.,0.,0.));
#7286=DIRECTION('',(1.,0.,0.));
#7287=DIRECTION('',(0.,-1.,0.));
#7288=DIRECTION('',(0.,1.,0.));
#7289=DIRECTION('',(0.,1.,0.));
#7290=DIRECTION('',(1.,0.,0.));
#7291=DIRECTION('',(0.,1.,0.));
#7292=DIRECTION('',(-1.41034428941204E-16,0.,1.));
#7293=DIRECTION('',(-1.,0.,-1.41034428941204E-16));
#7294=DIRECTION('',(0.,1.,0.));
#7295=DIRECTION('',(0.,1.,0.));
#7296=DIRECTION('',(1.,0.,0.));
#7297=DIRECTION('',(0.,1.,0.));
#7298=DIRECTION('',(1.,0.,0.));
#7299=DIRECTION('',(0.,-1.,0.));
#7300=DIRECTION('',(-9.97264010850975E-17,-0.707106781186548,0.707106781186548));
#7301=DIRECTION('',(1.,0.,1.41034428941204E-16));
#7302=DIRECTION('',(0.,0.707106781186548,0.707106781186548));
#7303=DIRECTION('',(6.1331736667335E-16,-0.707106781186548,-0.707106781186548));
#7304=DIRECTION('',(0.,1.,0.));
#7305=DIRECTION('',(1.,0.,0.));
#7306=DIRECTION('',(0.707106781186548,-0.707106781186548,0.));
#7307=DIRECTION('',(0.,1.,0.));
#7308=DIRECTION('',(1.,0.,0.));
#7309=DIRECTION('',(0.707106781186547,0.707106781186548,0.));
#7310=DIRECTION('',(0.707106781186548,0.707106781186548,0.));
#7311=DIRECTION('',(0.,0.,1.));
#7312=DIRECTION('',(0.707106781186548,-0.707106781186548,0.));
#7313=DIRECTION('',(0.707106781186548,-0.707106781186548,0.));
#7314=DIRECTION('',(0.,0.,-1.));
#7315=DIRECTION('',(0.707106781186548,0.707106781186548,0.));
#7316=DIRECTION('',(0.,1.,0.));
#7317=DIRECTION('',(1.,0.,0.));
#7318=DIRECTION('',(0.,-0.707106781186548,0.707106781186548));
#7319=DIRECTION('',(0.,1.,0.));
#7320=DIRECTION('',(1.,0.,0.));
#7321=DIRECTION('',(0.,0.707106781186548,-0.707106781186548));
#7322=DIRECTION('',(-9.97264010850975E-17,0.707106781186548,0.707106781186548));
#7323=DIRECTION('',(-1.,0.,-1.41034428941204E-16));
#7324=DIRECTION('',(0.99026329085523,0.139207093154659,1.3185604600982E-15));
#7325=DIRECTION('',(0.139207093154659,-0.99026329085523,0.));
#7326=DIRECTION('',(0.,0.0701325476618083,0.997537681372721));
#7327=DIRECTION('',(0.,0.997537681372721,-0.0701325476618083));
#7328=DIRECTION('',(0.,-0.070132547661813,0.99753768137272));
#7329=DIRECTION('',(0.,0.997537681372721,0.070132547661813));
#7330=DIRECTION('',(0.990263290855232,-0.139207093154649,1.74801870460935E-15));
#7331=DIRECTION('',(-0.139207093154649,-0.990263290855232,0.));
#7332=DIRECTION('',(0.990263290855231,0.139207093154656,5.58295717864501E-15));
#7333=DIRECTION('',(0.139207093154656,-0.990263290855231,0.));
#7334=DIRECTION('',(1.31304659764392E-15,0.0701325476618092,0.997537681372721));
#7335=DIRECTION('',(0.,0.997537681372721,-0.0701325476618092));
#7336=DIRECTION('',(0.990263290855231,-0.139207093154654,0.));
#7337=DIRECTION('',(-0.139207093154654,-0.990263290855231,0.));
#7338=DIRECTION('',(-3.8699029219006E-16,-0.0701325476618055,0.997537681372721));
#7339=DIRECTION('',(0.,0.997537681372721,0.0701325476618055));
#7340=DIRECTION('',(-1.,0.,0.));
#7341=DIRECTION('',(0.,0.,1.));
#7342=DIRECTION('',(-1.,0.,0.));
#7343=DIRECTION('',(0.,0.,-1.));
#7344=DIRECTION('',(-1.,0.,0.));
#7345=DIRECTION('',(0.,0.,1.));
#7346=DIRECTION('',(0.,1.,0.));
#7347=DIRECTION('',(0.,0.,1.));
#7348=DIRECTION('',(0.,0.,-1.));
#7349=DIRECTION('',(-1.,0.,0.));
#7350=DIRECTION('',(0.,0.,1.));
#7351=DIRECTION('',(0.,1.,0.));
#7352=DIRECTION('',(0.,0.,-1.));
#7353=DIRECTION('',(0.,-1.,0.));
#7354=DIRECTION('',(0.,0.,-1.));
#7355=DIRECTION('',(0.,0.,-1.));
#7356=DIRECTION('',(1.,1.23908819712629E-16,0.));
#7357=DIRECTION('',(-1.23908819712629E-16,1.,0.));
#7358=DIRECTION('',(0.,0.,-1.));
#7359=DIRECTION('',(1.23908819712629E-16,-1.,0.));
#7360=DIRECTION('',(0.,1.,0.));
#7361=DIRECTION('',(0.,0.,1.));
#7362=DIRECTION('',(1.,0.,0.));
#7363=DIRECTION('',(0.,0.,-1.));
#7364=DIRECTION('',(0.,0.,-1.));
#7365=DIRECTION('',(1.,-1.23908819712629E-16,0.));
#7366=DIRECTION('',(1.23908819712629E-16,1.,0.));
#7367=DIRECTION('',(-1.23908819712629E-16,-1.,0.));
#7368=DIRECTION('',(0.,0.,-1.));
#7369=DIRECTION('',(-1.,0.,0.));
#7370=DIRECTION('',(0.,0.,1.));
#7371=DIRECTION('',(0.,0.,-1.));
#7372=DIRECTION('',(0.,1.,0.));
#7373=DIRECTION('',(2.62836890299516E-16,1.,0.));
#7374=DIRECTION('',(-1.,2.62836890299516E-16,0.));
#7375=DIRECTION('',(0.,0.,-1.));
#7376=DIRECTION('',(-1.,2.62836890299516E-16,0.));
#7377=DIRECTION('',(0.,0.,-1.));
#7378=DIRECTION('',(1.,-2.62836890299516E-16,0.));
#7379=DIRECTION('',(-1.,-2.62836890299516E-16,0.));
#7380=DIRECTION('',(0.,-1.,0.));
#7381=DIRECTION('',(0.,0.,-1.));
#7382=DIRECTION('',(0.,0.,-1.));
#7383=DIRECTION('',(1.,0.,0.));
#7384=DIRECTION('',(0.,0.,-1.));
#7385=DIRECTION('',(1.,0.,0.));
#7386=DIRECTION('',(0.,0.,-1.));
#7387=DIRECTION('',(0.,0.,-1.));
#7388=DIRECTION('',(-1.,0.,0.));
#7389=DIRECTION('',(-1.,0.,0.));
#7390=DIRECTION('',(0.,0.,1.));
#7391=DIRECTION('',(0.,0.,-1.));
#7392=DIRECTION('',(0.,1.,0.));
#7393=DIRECTION('',(0.,-1.,0.));
#7394=DIRECTION('',(0.,0.,-1.));
#7395=DIRECTION('',(0.,0.,-1.));
#7396=DIRECTION('',(-1.,0.,0.));
#7397=DIRECTION('',(-1.,0.,0.));
#7398=DIRECTION('',(0.,0.,1.));
#7399=DIRECTION('',(0.,1.,0.));
#7400=DIRECTION('',(0.,0.,1.));
#7401=DIRECTION('',(1.,0.,0.));
#7402=DIRECTION('',(0.,0.,1.));
#7403=DIRECTION('',(1.,0.,0.));
#7404=DIRECTION('',(0.,0.,1.));
#7405=DIRECTION('',(1.,0.,0.));
#7406=DIRECTION('',(0.,1.,0.));
#7407=DIRECTION('',(0.,1.,0.));
#7408=DIRECTION('',(-1.,0.,0.));
#7409=DIRECTION('',(0.,0.,1.));
#7410=DIRECTION('',(0.,-1.,0.));
#7411=DIRECTION('',(-1.,0.,0.));
#7412=DIRECTION('',(0.,0.,1.));
#7413=DIRECTION('',(0.,1.,0.));
#7414=DIRECTION('',(0.,0.,1.));
#7415=DIRECTION('',(1.,0.,0.));
#7416=DIRECTION('',(-1.,0.,0.));
#7417=DIRECTION('',(1.,-2.62836890299516E-16,0.));
#7418=DIRECTION('',(0.,0.,-1.));
#7419=DIRECTION('',(-1.,0.,0.));
#7420=DIRECTION('',(0.,0.,1.));
#7421=DIRECTION('',(1.,0.,0.));
#7422=DIRECTION('',(0.707106781186548,0.,0.707106781186548));
#7423=DIRECTION('',(0.,-1.,0.));
#7424=DIRECTION('',(0.577350269189626,0.577350269189626,-0.577350269189626));
#7425=DIRECTION('',(0.577350269189626,-0.577350269189626,-0.577350269189625));
#7426=DIRECTION('',(-1.85853747476773E-16,-0.707106781186547,0.707106781186548));
#7427=DIRECTION('',(1.,-2.62836890299516E-16,0.));
#7428=DIRECTION('',(0.577350269189626,0.577350269189626,0.577350269189626));
#7429=DIRECTION('',(0.,0.707106781186548,0.707106781186548));
#7430=DIRECTION('',(-1.,0.,0.));
#7431=DIRECTION('',(-0.577350269189626,0.577350269189626,-0.577350269189626));
#7432=DIRECTION('',(0.707106781186548,0.,-0.707106781186548));
#7433=DIRECTION('',(0.,1.,0.));
#7434=DIRECTION('',(0.,0.,1.));
#7435=DIRECTION('',(1.,0.,0.));
#7436=DIRECTION('',(0.,0.,-1.));
#7437=DIRECTION('',(0.,-1.,0.));
#7438=DIRECTION('',(0.,1.,0.));
#7439=DIRECTION('',(1.,-2.62836890299516E-16,0.));
#7440=DIRECTION('',(0.,-1.,0.));
#7441=DIRECTION('',(1.,0.,0.));
#7442=DIRECTION('',(0.,-1.,0.));
#7443=DIRECTION('',(-1.,0.,0.));
#7444=DIRECTION('',(0.,-1.,0.));
#7445=DIRECTION('',(-1.,0.,0.));
#7446=DIRECTION('',(0.,0.,-1.));
#7447=DIRECTION('',(0.,-1.,0.));
#7448=DIRECTION('',(-1.,0.,0.));
#7449=DIRECTION('',(1.,0.,1.41034428941204E-16));
#7450=DIRECTION('',(0.,-1.,0.));
#7451=DIRECTION('',(-1.,0.,0.));
#7452=DIRECTION('',(0.,0.,-1.));
#7453=DIRECTION('',(0.,-1.,0.));
#7454=DIRECTION('',(-1.,0.,0.));
#7455=DIRECTION('',(1.,0.,1.41034428941204E-16));
#7456=DIRECTION('',(0.,0.,-1.));
#7457=DIRECTION('',(-1.,0.,0.));
#7458=DIRECTION('',(0.,0.,-1.));
#7459=DIRECTION('',(1.,0.,1.41034428941204E-16));
#7460=DIRECTION('',(0.,0.,-1.));
#7461=DIRECTION('',(1.,0.,0.));
#7462=DIRECTION('',(0.,0.,-1.));
#7463=DIRECTION('',(0.,-1.,0.));
#7464=DIRECTION('',(-1.,0.,0.));
#7465=DIRECTION('',(0.,0.,-1.));
#7466=DIRECTION('',(0.,-1.,0.));
#7467=DIRECTION('',(-1.,0.,0.));
#7468=DIRECTION('',(1.,0.,1.41034428941204E-16));
#7469=DIRECTION('',(0.,-1.,0.));
#7470=DIRECTION('',(-1.,0.,0.));
#7471=DIRECTION('',(0.,0.,-1.));
#7472=DIRECTION('',(0.,-1.,0.));
#7473=DIRECTION('',(-1.,0.,0.));
#7474=DIRECTION('',(0.,-1.,0.));
#7475=DIRECTION('',(-1.,0.,0.));
#7476=DIRECTION('',(0.,-1.,0.));
#7477=DIRECTION('',(-1.,0.,0.));
#7478=DIRECTION('',(-1.,0.,-1.41034428941204E-16));
#7479=DIRECTION('',(0.,-1.,0.));
#7480=DIRECTION('',(-1.,0.,0.));
#7481=DIRECTION('',(0.,0.,1.));
#7482=DIRECTION('',(0.,-1.,0.));
#7483=DIRECTION('',(-1.,0.,0.));
#7484=DIRECTION('',(1.,0.,1.41034428941204E-16));
#7485=DIRECTION('',(0.,-1.,0.));
#7486=DIRECTION('',(-1.,0.,0.));
#7487=DIRECTION('',(0.,0.,-1.));
#7488=DIRECTION('',(1.,0.,-1.66800334228539E-16));
#7489=DIRECTION('',(-0.707106781186548,0.,-0.707106781186547));
#7490=DIRECTION('',(-3.21245088143853E-16,0.,-1.));
#7491=DIRECTION('',(-0.707106781186548,0.,0.707106781186548));
#7492=DIRECTION('',(0.707106781186548,0.,0.707106781186548));
#7493=DIRECTION('',(-3.21245088143853E-16,0.,-1.));
#7494=DIRECTION('',(0.707106781186548,0.,-0.707106781186548));
#7495=DIRECTION('',(4.8186763221578E-16,0.,-1.));
#7496=DIRECTION('',(-0.707106781186549,0.,0.707106781186546));
#7497=DIRECTION('',(-1.,0.,-1.66800334228539E-16));
#7498=DIRECTION('',(0.707106781186547,0.,0.707106781186548));
#7499=DIRECTION('',(4.8186763221578E-16,0.,-1.));
#7500=DIRECTION('',(0.707106781186547,0.,-0.707106781186548));
#7501=DIRECTION('',(-1.,0.,-3.33600668457079E-16));
#7502=DIRECTION('',(-0.707106781186548,0.,-0.707106781186548));
#7503=DIRECTION('',(-1.,0.,-4.8186763221578E-16));
#7504=DIRECTION('',(4.8186763221578E-16,0.,-1.));
#7505=DIRECTION('',(0.,1.,0.));
#7506=DIRECTION('',(-4.8186763221578E-16,0.,1.));
#7507=DIRECTION('',(0.,-1.,0.));
#7508=DIRECTION('',(-1.66800334228539E-16,0.,1.));
#7509=DIRECTION('',(-1.,0.,-1.66800334228539E-16));
#7510=DIRECTION('',(-1.,0.,-1.66800334228539E-16));
#7511=DIRECTION('',(0.,-1.,0.));
#7512=DIRECTION('',(0.,1.,0.));
#7513=DIRECTION('',(-1.,0.,-4.8186763221578E-16));
#7514=DIRECTION('',(4.8186763221578E-16,0.,-1.));
#7515=DIRECTION('',(0.,1.,0.));
#7516=DIRECTION('',(4.8186763221578E-16,0.,-1.));
#7517=DIRECTION('',(0.,-1.,0.));
#7518=DIRECTION('',(-3.33600668457079E-16,0.,1.));
#7519=DIRECTION('',(-1.,0.,-3.33600668457079E-16));
#7520=DIRECTION('',(0.,1.,0.));
#7521=DIRECTION('',(1.,-2.62836890299516E-16,0.));
#7522=DIRECTION('',(0.,-1.,0.));
#7523=DIRECTION('',(0.,-1.,0.));
#7524=DIRECTION('',(-1.,0.,0.));
#7525=DIRECTION('',(-4.8186763221578E-16,0.,1.));
#7526=DIRECTION('',(1.,0.,1.66800334228539E-16));
#7527=DIRECTION('',(4.8186763221578E-16,0.,-1.));
#7528=DIRECTION('',(-1.,0.,-3.33600668457079E-16));
#7529=DIRECTION('',(-1.66800334228539E-16,0.,-1.));
#7530=DIRECTION('',(1.,0.,-1.66800334228539E-16));
#7531=DIRECTION('',(0.,1.,0.));
#7532=DIRECTION('',(-1.,0.,1.66800334228539E-16));
#7533=DIRECTION('',(0.,-1.,0.));
#7534=DIRECTION('',(-1.,0.,3.21245088143853E-16));
#7535=DIRECTION('',(-3.21245088143853E-16,0.,-1.));
#7536=DIRECTION('',(-3.21245088143853E-16,0.,-1.));
#7537=DIRECTION('',(0.,-1.,0.));
#7538=DIRECTION('',(0.,1.,0.));
#7539=DIRECTION('',(-1.,0.,3.21245088143853E-16));
#7540=DIRECTION('',(-3.21245088143853E-16,0.,-1.));
#7541=DIRECTION('',(0.,1.,0.));
#7542=DIRECTION('',(3.21245088143853E-16,0.,1.));
#7543=DIRECTION('',(0.,-1.,0.));
#7544=DIRECTION('',(0.,-1.,0.));
#7545=DIRECTION('',(-1.,0.,0.));
#7546=DIRECTION('',(-3.21245088143853E-16,0.,-1.));
#7547=DIRECTION('',(-1.,0.,0.));
#7548=DIRECTION('',(3.21245088143853E-16,0.,1.));
#7549=DIRECTION('',(1.,0.,-1.66800334228539E-16));
#7550=DIRECTION('',(-0.707106781186548,0.,0.707106781186548));
#7551=DIRECTION('',(0.,-1.,0.));
#7552=DIRECTION('',(0.,-1.,0.));
#7553=DIRECTION('',(0.707106781186548,0.,0.707106781186548));
#7554=DIRECTION('',(-0.707106781186548,0.,-0.707106781186547));
#7555=DIRECTION('',(0.,1.,0.));
#7556=DIRECTION('',(-0.707106781186547,-1.55953088041199E-16,0.707106781186548));
#7557=DIRECTION('',(0.,-1.,0.));
#7558=DIRECTION('',(-2.35891294874366E-16,-0.707106781186547,0.707106781186548));
#7559=DIRECTION('',(-1.,0.,-3.33600668457079E-16));
#7560=DIRECTION('',(2.88444402957534E-16,-0.707106781186548,-0.707106781186547));
#7561=DIRECTION('',(1.,0.,3.33600668457079E-16));
#7562=DIRECTION('',(1.79905897644876E-15,0.707106781186548,0.707106781186547));
#7563=DIRECTION('',(0.577350269189626,0.577350269189626,-0.577350269189626));
#7564=DIRECTION('',(0.707106781186548,-0.707106781186548,0.));
#7565=DIRECTION('',(-0.707106781186548,0.707106781186548,0.));
#7566=DIRECTION('',(-0.577350269189626,0.577350269189626,-0.577350269189625));
#7567=DIRECTION('',(0.707106781186548,0.707106781186547,0.));
#7568=DIRECTION('',(0.707106781186548,0.707106781186548,6.73036940234248E-16));
#7569=DIRECTION('',(-0.707106781186548,-0.707106781186548,-3.40731870374083E-16));
#7570=DIRECTION('',(4.8186763221578E-16,0.,-1.));
#7571=DIRECTION('',(0.707106781186548,-0.707106781186548,2.27979964804465E-15));
#7572=DIRECTION('',(0.707106781186546,0.,0.707106781186549));
#7573=DIRECTION('',(0.,1.,0.));
#7574=DIRECTION('',(0.707106781186549,8.54444562071358E-16,-0.707106781186546));
#7575=DIRECTION('',(0.707106781186548,0.,-0.707106781186547));
#7576=DIRECTION('',(0.,-1.,0.));
#7577=DIRECTION('',(-0.707106781186547,-1.19609907444043E-16,-0.707106781186548));
#7578=DIRECTION('',(-0.707106781186548,0.707106781186548,-3.40731870374083E-16));
#7579=DIRECTION('',(-4.8186763221578E-16,0.,1.));
#7580=DIRECTION('',(-0.707106781186548,-0.707106781186548,0.));
#7581=DIRECTION('',(0.577350269189624,0.577350269189626,0.577350269189627));
#7582=DIRECTION('',(0.,0.707106781186548,-0.707106781186547));
#7583=DIRECTION('',(-1.82681455206439E-15,-0.707106781186547,0.707106781186548));
#7584=DIRECTION('',(-0.577350269189626,0.577350269189626,0.577350269189625));
#7585=DIRECTION('',(0.707106781186548,0.707106781186548,0.));
#7586=DIRECTION('',(5.76888805915069E-16,0.707106781186548,-0.707106781186548));
#7587=DIRECTION('',(-1.17945647437183E-16,0.707106781186548,0.707106781186548));
#7588=DIRECTION('',(1.,0.,1.66800334228539E-16));
#7589=DIRECTION('',(-0.707106781186547,0.,0.707106781186548));
#7590=DIRECTION('',(0.,1.,0.));
#7591=DIRECTION('',(0.707106781186548,-9.18543318284143E-17,0.707106781186547));
#7592=DIRECTION('',(-0.707106781186548,0.707106781186548,2.27154580249389E-16));
#7593=DIRECTION('',(3.21245088143853E-16,0.,1.));
#7594=DIRECTION('',(0.707106781186548,0.707106781186548,0.));
#7595=DIRECTION('',(-0.707106781186548,-0.707106781186548,7.96940650169054E-16));
#7596=DIRECTION('',(0.707106781186548,0.,0.707106781186548));
#7597=DIRECTION('',(0.,-1.,0.));
#7598=DIRECTION('',(0.707106781186548,0.,-0.707106781186548));
#7599=DIRECTION('',(0.,1.,0.));
#7600=DIRECTION('',(-0.577350269189625,0.577350269189626,0.577350269189626));
#7601=DIRECTION('',(0.,0.707106781186548,-0.707106781186548));
#7602=DIRECTION('',(1.92296268638356E-16,-0.707106781186547,0.707106781186548));
#7603=DIRECTION('',(-0.577350269189626,0.577350269189626,-0.577350269189626));
#7604=DIRECTION('',(0.707106781186548,0.707106781186548,0.));
#7605=DIRECTION('',(0.,-0.707106781186548,-0.707106781186548));
#7606=DIRECTION('',(-0.707106781186548,0.,-0.707106781186548));
#7607=DIRECTION('',(0.,-1.,0.));
#7608=DIRECTION('',(-0.707106781186548,0.,0.707106781186548));
#7609=DIRECTION('',(-1.17945647437183E-16,-0.707106781186548,-0.707106781186548));
#7610=DIRECTION('',(1.,0.,-1.66800334228539E-16));
#7611=DIRECTION('',(-6.45281364618619E-16,0.707106781186548,-0.707106781186548));
#7612=DIRECTION('',(0.,0.707106781186548,-0.707106781186548));
#7613=DIRECTION('',(-1.,0.,0.));
#7614=DIRECTION('',(0.,0.707106781186548,0.707106781186548));
#7615=DIRECTION('',(1.,0.,0.));
#7616=DIRECTION('',(0.707106781186548,0.,-0.707106781186548));
#7617=DIRECTION('',(0.,1.,0.));
#7618=DIRECTION('',(0.,-1.,0.));
#7619=DIRECTION('',(-0.707106781186548,0.,-0.707106781186548));
#7620=DIRECTION('',(0.577350269189626,0.577350269189626,0.577350269189626));
#7621=DIRECTION('',(0.707106781186548,-0.707106781186547,0.));
#7622=DIRECTION('',(0.707106781186548,-0.707106781186548,8.65333208872604E-16));
#7623=DIRECTION('',(0.577350269189626,0.577350269189626,-0.577350269189626));
#7624=DIRECTION('',(0.707106781186548,-0.707106781186548,0.));
#7625=DIRECTION('',(-0.707106781186548,0.707106781186548,0.));
#7626=DIRECTION('',(-0.707106781186548,-0.707106781186548,2.27154580249389E-16));
#7627=DIRECTION('',(-3.21245088143853E-16,0.,-1.));
#7628=DIRECTION('',(0.,1.,0.));
#7629=DIRECTION('',(1.,0.,0.));
#7630=DIRECTION('',(0.,1.,0.));
#7631=DIRECTION('',(0.,1.,0.));
#7632=DIRECTION('',(0.,-1.,0.));
#7633=DIRECTION('',(-1.,0.,0.));
#7634=DIRECTION('',(-1.41034428941204E-16,0.,1.));
#7635=DIRECTION('',(-1.,0.,-1.41034428941204E-16));
#7636=DIRECTION('',(0.,1.,0.));
#7637=DIRECTION('',(1.,-2.62836890299516E-16,0.));
#7638=DIRECTION('',(0.,1.,0.));
#7639=DIRECTION('',(0.,1.,0.));
#7640=DIRECTION('',(1.,0.,0.));
#7641=DIRECTION('',(-1.23908819712629E-16,-1.,0.));
#7642=DIRECTION('',(0.,0.,1.));
#7643=DIRECTION('',(1.,0.,0.));
#7644=DIRECTION('',(1.,0.,0.));
#7645=DIRECTION('',(0.,0.,1.));
#7646=DIRECTION('',(1.,0.,0.));
#7647=DIRECTION('',(1.23908819712629E-16,-1.,0.));
#7648=DIRECTION('',(-1.,0.,0.));
#7649=DIRECTION('',(-1.,0.,0.));
#7650=DIRECTION('',(0.,1.,0.));
#7651=DIRECTION('',(-1.,0.,0.));
#7652=DIRECTION('',(0.,1.,0.));
#7653=DIRECTION('',(0.,1.,0.));
#7654=DIRECTION('',(1.,0.,0.));
#7655=DIRECTION('',(0.,1.,0.));
#7656=DIRECTION('',(0.,-1.,0.));
#7657=DIRECTION('',(-1.,0.,0.));
#7658=DIRECTION('',(1.,0.,0.));
#7659=DIRECTION('',(0.,-1.,0.));
#7660=DIRECTION('',(0.,1.,0.));
#7661=DIRECTION('',(0.,1.,0.));
#7662=DIRECTION('',(1.,0.,0.));
#7663=DIRECTION('',(0.,1.,0.));
#7664=DIRECTION('',(-1.41034428941204E-16,0.,1.));
#7665=DIRECTION('',(-1.,0.,-1.41034428941204E-16));
#7666=DIRECTION('',(0.,1.,0.));
#7667=DIRECTION('',(0.,1.,0.));
#7668=DIRECTION('',(1.,0.,0.));
#7669=DIRECTION('',(0.,1.,0.));
#7670=DIRECTION('',(1.,0.,0.));
#7671=DIRECTION('',(0.,-1.,0.));
#7672=DIRECTION('',(-9.97264010850975E-17,-0.707106781186548,0.707106781186548));
#7673=DIRECTION('',(1.,0.,1.41034428941204E-16));
#7674=DIRECTION('',(0.,0.707106781186548,0.707106781186548));
#7675=DIRECTION('',(6.1331736667335E-16,-0.707106781186548,-0.707106781186548));
#7676=DIRECTION('',(0.,1.,0.));
#7677=DIRECTION('',(1.,0.,0.));
#7678=DIRECTION('',(0.707106781186548,-0.707106781186548,0.));
#7679=DIRECTION('',(0.,1.,0.));
#7680=DIRECTION('',(1.,0.,0.));
#7681=DIRECTION('',(0.707106781186547,0.707106781186548,0.));
#7682=DIRECTION('',(0.707106781186548,0.707106781186548,0.));
#7683=DIRECTION('',(0.,0.,1.));
#7684=DIRECTION('',(0.707106781186548,-0.707106781186548,0.));
#7685=DIRECTION('',(0.707106781186548,-0.707106781186548,0.));
#7686=DIRECTION('',(0.,0.,-1.));
#7687=DIRECTION('',(0.707106781186548,0.707106781186548,0.));
#7688=DIRECTION('',(0.,1.,0.));
#7689=DIRECTION('',(1.,0.,0.));
#7690=DIRECTION('',(0.,-0.707106781186548,0.707106781186548));
#7691=DIRECTION('',(0.,1.,0.));
#7692=DIRECTION('',(1.,0.,0.));
#7693=DIRECTION('',(0.,0.707106781186548,-0.707106781186548));
#7694=DIRECTION('',(-9.97264010850975E-17,0.707106781186548,0.707106781186548));
#7695=DIRECTION('',(-1.,0.,-1.41034428941204E-16));
#7696=DIRECTION('',(0.99026329085523,0.139207093154659,1.3185604600982E-15));
#7697=DIRECTION('',(0.139207093154659,-0.99026329085523,0.));
#7698=DIRECTION('',(0.,0.0701325476618083,0.997537681372721));
#7699=DIRECTION('',(0.,0.997537681372721,-0.0701325476618083));
#7700=DIRECTION('',(0.,-0.070132547661813,0.99753768137272));
#7701=DIRECTION('',(0.,0.997537681372721,0.070132547661813));
#7702=DIRECTION('',(0.990263290855232,-0.139207093154649,1.74801870460935E-15));
#7703=DIRECTION('',(-0.139207093154649,-0.990263290855232,0.));
#7704=DIRECTION('',(0.990263290855231,0.139207093154656,5.58295717864501E-15));
#7705=DIRECTION('',(0.139207093154656,-0.990263290855231,0.));
#7706=DIRECTION('',(1.31304659764392E-15,0.0701325476618092,0.997537681372721));
#7707=DIRECTION('',(0.,0.997537681372721,-0.0701325476618092));
#7708=DIRECTION('',(0.990263290855231,-0.139207093154654,0.));
#7709=DIRECTION('',(-0.139207093154654,-0.990263290855231,0.));
#7710=DIRECTION('',(-3.8699029219006E-16,-0.0701325476618055,0.997537681372721));
#7711=DIRECTION('',(0.,0.997537681372721,0.0701325476618055));
#7712=DIRECTION('',(0.,1.,0.));
#7713=DIRECTION('',(0.,0.,1.));
#7714=DIRECTION('',(0.,0.,-1.));
#7715=DIRECTION('',(-1.,0.,0.));
#7716=DIRECTION('',(0.,0.,1.));
#7717=DIRECTION('',(0.,1.,0.));
#7718=DIRECTION('',(0.,0.,-1.));
#7719=DIRECTION('',(0.,-1.,0.));
#7720=DIRECTION('',(0.,0.,-1.));
#7721=DIRECTION('',(0.,0.,-1.));
#7722=DIRECTION('',(1.,1.23908819712629E-16,0.));
#7723=DIRECTION('',(-1.23908819712629E-16,1.,0.));
#7724=DIRECTION('',(0.,0.,-1.));
#7725=DIRECTION('',(1.23908819712629E-16,-1.,0.));
#7726=DIRECTION('',(0.,1.,0.));
#7727=DIRECTION('',(0.,0.,1.));
#7728=DIRECTION('',(1.,0.,0.));
#7729=DIRECTION('',(0.,0.,-1.));
#7730=DIRECTION('',(0.,0.,-1.));
#7731=DIRECTION('',(1.,-1.23908819712629E-16,0.));
#7732=DIRECTION('',(1.23908819712629E-16,1.,0.));
#7733=DIRECTION('',(-1.23908819712629E-16,-1.,0.));
#7734=DIRECTION('',(0.,0.,-1.));
#7735=DIRECTION('',(-1.,0.,0.));
#7736=DIRECTION('',(0.,0.,1.));
#7737=DIRECTION('',(0.,0.,-1.));
#7738=DIRECTION('',(0.,1.,0.));
#7739=DIRECTION('',(2.62836890299516E-16,1.,0.));
#7740=DIRECTION('',(-1.,2.62836890299516E-16,0.));
#7741=DIRECTION('',(0.,0.,-1.));
#7742=DIRECTION('',(-1.,2.62836890299516E-16,0.));
#7743=DIRECTION('',(0.,0.,-1.));
#7744=DIRECTION('',(1.,-2.62836890299516E-16,0.));
#7745=DIRECTION('',(-1.,-2.62836890299516E-16,0.));
#7746=DIRECTION('',(0.,-1.,0.));
#7747=DIRECTION('',(0.,0.,-1.));
#7748=DIRECTION('',(0.,0.,-1.));
#7749=DIRECTION('',(1.,0.,0.));
#7750=DIRECTION('',(0.,0.,-1.));
#7751=DIRECTION('',(1.,0.,0.));
#7752=DIRECTION('',(0.,0.,-1.));
#7753=DIRECTION('',(0.,0.,-1.));
#7754=DIRECTION('',(-1.,0.,0.));
#7755=DIRECTION('',(-1.,0.,0.));
#7756=DIRECTION('',(0.,0.,1.));
#7757=DIRECTION('',(0.,0.,-1.));
#7758=DIRECTION('',(0.,1.,0.));
#7759=DIRECTION('',(0.,-1.,0.));
#7760=DIRECTION('',(0.,0.,-1.));
#7761=DIRECTION('',(0.,0.,-1.));
#7762=DIRECTION('',(-1.,0.,0.));
#7763=DIRECTION('',(-1.,0.,0.));
#7764=DIRECTION('',(0.,0.,1.));
#7765=DIRECTION('',(0.,1.,0.));
#7766=DIRECTION('',(0.,0.,1.));
#7767=DIRECTION('',(1.,0.,0.));
#7768=DIRECTION('',(0.,0.,1.));
#7769=DIRECTION('',(1.,0.,0.));
#7770=DIRECTION('',(0.,0.,1.));
#7771=DIRECTION('',(1.,0.,0.));
#7772=DIRECTION('',(0.,1.,0.));
#7773=DIRECTION('',(0.,1.,0.));
#7774=DIRECTION('',(-1.,0.,0.));
#7775=DIRECTION('',(0.,0.,1.));
#7776=DIRECTION('',(0.,-1.,0.));
#7777=DIRECTION('',(-1.,0.,0.));
#7778=DIRECTION('',(0.,0.,1.));
#7779=DIRECTION('',(0.,1.,0.));
#7780=DIRECTION('',(0.,0.,1.));
#7781=DIRECTION('',(1.,0.,0.));
#7782=DIRECTION('',(-1.,0.,0.));
#7783=DIRECTION('',(1.,-2.62836890299516E-16,0.));
#7784=DIRECTION('',(0.,0.,-1.));
#7785=DIRECTION('',(-1.,0.,0.));
#7786=DIRECTION('',(0.,0.,1.));
#7787=DIRECTION('',(1.,0.,0.));
#7788=DIRECTION('',(0.707106781186548,0.,0.707106781186548));
#7789=DIRECTION('',(0.,-1.,0.));
#7790=DIRECTION('',(0.577350269189626,0.577350269189626,-0.577350269189626));
#7791=DIRECTION('',(0.577350269189626,-0.577350269189626,-0.577350269189625));
#7792=DIRECTION('',(-1.85853747476773E-16,-0.707106781186547,0.707106781186548));
#7793=DIRECTION('',(1.,-2.62836890299516E-16,0.));
#7794=DIRECTION('',(0.577350269189626,0.577350269189626,0.577350269189626));
#7795=DIRECTION('',(0.,0.707106781186548,0.707106781186548));
#7796=DIRECTION('',(-1.,0.,0.));
#7797=DIRECTION('',(-0.577350269189626,0.577350269189626,-0.577350269189626));
#7798=DIRECTION('',(0.707106781186548,0.,-0.707106781186548));
#7799=DIRECTION('',(0.,1.,0.));
#7800=DIRECTION('',(0.,0.,1.));
#7801=DIRECTION('',(1.,0.,0.));
#7802=CARTESIAN_POINT('',(0.,0.,0.));
#7803=CARTESIAN_POINT('',(0.0029,0.004,0.0063));
#7804=CARTESIAN_POINT('',(0.00245,0.004,0.0063));
#7805=CARTESIAN_POINT('',(0.00245,0.,0.0063));
#7806=CARTESIAN_POINT('',(0.00245,0.0032,0.0063));
#7807=CARTESIAN_POINT('',(0.00355,0.0032,0.0063));
#7808=CARTESIAN_POINT('',(0.00335,0.0032,0.0063));
#7809=CARTESIAN_POINT('',(0.00335,0.,0.0063));
#7810=CARTESIAN_POINT('',(0.00335,0.,0.0063));
#7811=CARTESIAN_POINT('',(0.0029,0.,0.0063));
#7812=CARTESIAN_POINT('',(0.,0.001,0.00765));
#7813=CARTESIAN_POINT('',(0.00615,0.001,0.003));
#7814=CARTESIAN_POINT('',(0.00615,0.001,0.0007));
#7815=CARTESIAN_POINT('',(0.00845,0.001,0.003));
#7816=CARTESIAN_POINT('',(0.00845,0.001,0.00765));
#7817=CARTESIAN_POINT('',(0.00845,0.001,0.0123));
#7818=CARTESIAN_POINT('',(0.00615,0.001,0.0123));
#7819=CARTESIAN_POINT('',(0.00615,0.001,0.0146));
#7820=CARTESIAN_POINT('',(0.,0.001,0.0146));
#7821=CARTESIAN_POINT('',(-0.00615,0.001,0.0146));
#7822=CARTESIAN_POINT('',(-0.00615,0.001,0.0123));
#7823=CARTESIAN_POINT('',(-0.00845,0.001,0.0123));
#7824=CARTESIAN_POINT('',(-0.00845,0.001,0.00765));
#7825=CARTESIAN_POINT('',(-0.00845,0.001,0.003));
#7826=CARTESIAN_POINT('',(-0.00615,0.001,0.003));
#7827=CARTESIAN_POINT('',(-0.00615,0.001,0.0007));
#7828=CARTESIAN_POINT('',(8.67361737988404E-19,0.001,0.0007));
#7829=CARTESIAN_POINT('',(0.0062,0.001,0.0004));
#7830=CARTESIAN_POINT('',(0.0062,0.001,0.0004));
#7831=CARTESIAN_POINT('',(0.0062,0.001,4.16695605871559E-7));
#7832=CARTESIAN_POINT('',(0.0057,0.001,0.0004));
#7833=CARTESIAN_POINT('',(0.0052,0.001,0.0004));
#7834=CARTESIAN_POINT('',(0.0052,0.001,0.0004));
#7835=CARTESIAN_POINT('',(0.0052,0.001,0.));
#7836=CARTESIAN_POINT('',(8.67361737988404E-19,0.001,0.));
#7837=CARTESIAN_POINT('',(-0.0052,0.001,0.));
#7838=CARTESIAN_POINT('',(-0.0052,0.001,0.0004));
#7839=CARTESIAN_POINT('',(-0.0052,0.001,0.0004));
#7840=CARTESIAN_POINT('',(-0.0057,0.001,0.0004));
#7841=CARTESIAN_POINT('',(-0.0062,0.001,0.0004));
#7842=CARTESIAN_POINT('',(-0.0062,0.001,0.0004));
#7843=CARTESIAN_POINT('',(-0.0062,0.001,4.16695605870692E-7));
#7844=CARTESIAN_POINT('',(-0.00615,0.001,0.003));
#7845=CARTESIAN_POINT('',(-0.00915,0.001,0.003));
#7846=CARTESIAN_POINT('',(-0.00915,0.001,0.00765));
#7847=CARTESIAN_POINT('',(-0.00915,0.001,0.0123));
#7848=CARTESIAN_POINT('',(-0.00615,0.001,0.0123));
#7849=CARTESIAN_POINT('',(-0.00615,0.001,0.0153));
#7850=CARTESIAN_POINT('',(0.,0.001,0.0153));
#7851=CARTESIAN_POINT('',(0.00615,0.001,0.0153));
#7852=CARTESIAN_POINT('',(0.00615,0.001,0.0123));
#7853=CARTESIAN_POINT('',(0.00915,0.001,0.0123));
#7854=CARTESIAN_POINT('',(0.00915,0.001,0.00765));
#7855=CARTESIAN_POINT('',(0.00915,0.001,0.003));
#7856=CARTESIAN_POINT('',(0.00615,0.001,0.003));
#7857=CARTESIAN_POINT('',(0.,0.,0.00765));
#7858=CARTESIAN_POINT('',(0.00615,0.,0.003));
#7859=CARTESIAN_POINT('',(0.00745,0.,0.003));
#7860=CARTESIAN_POINT('',(0.00615,0.,0.0017));
#7861=CARTESIAN_POINT('',(-0.00615,0.,0.0017));
#7862=CARTESIAN_POINT('',(-0.00615,0.,0.0017));
#7863=CARTESIAN_POINT('',(-0.00615,0.,0.003));
#7864=CARTESIAN_POINT('',(-0.00745,0.,0.003));
#7865=CARTESIAN_POINT('',(-0.00745,0.,0.0123));
#7866=CARTESIAN_POINT('',(-0.00745,0.,0.0123));
#7867=CARTESIAN_POINT('',(-0.00615,0.,0.0123));
#7868=CARTESIAN_POINT('',(-0.00615,0.,0.0136));
#7869=CARTESIAN_POINT('',(-8.39154852200163E-19,0.,0.0136));
#7870=CARTESIAN_POINT('',(0.00615,0.,0.0136));
#7871=CARTESIAN_POINT('',(0.00615,0.,0.0123));
#7872=CARTESIAN_POINT('',(0.00745,0.,0.0123));
#7873=CARTESIAN_POINT('',(0.00745,0.,0.00765));
#7874=CARTESIAN_POINT('',(0.0029,0.,0.009));
#7875=CARTESIAN_POINT('',(0.00245,0.,0.009));
#7876=CARTESIAN_POINT('',(0.00335,0.,0.009));
#7877=CARTESIAN_POINT('',(0.00055,0.,0.0071));
#7878=CARTESIAN_POINT('',(0.00225,0.,0.0088));
#7879=CARTESIAN_POINT('',(0.00225,0.,0.00765));
#7880=CARTESIAN_POINT('',(0.00225,0.,0.0065));
#7881=CARTESIAN_POINT('',(0.00055,0.,0.0082));
#7882=CARTESIAN_POINT('',(0.00235,0.,0.0053));
#7883=CARTESIAN_POINT('',(0.00355,0.,0.0065));
#7884=CARTESIAN_POINT('',(0.00355,0.,0.00765));
#7885=CARTESIAN_POINT('',(0.00355,0.,0.0088));
#7886=CARTESIAN_POINT('',(0.00235,0.,0.01));
#7887=CARTESIAN_POINT('',(-0.00225,0.,0.00765));
#7888=CARTESIAN_POINT('',(-0.00225,0.,0.0088));
#7889=CARTESIAN_POINT('',(-0.00225,0.,0.0065));
#7890=CARTESIAN_POINT('',(-0.00055,0.,0.0071));
#7891=CARTESIAN_POINT('',(-0.00245,0.,0.009));
#7892=CARTESIAN_POINT('',(-0.0029,0.,0.009));
#7893=CARTESIAN_POINT('',(-0.00335,0.,0.009));
#7894=CARTESIAN_POINT('',(-0.00235,0.,0.01));
#7895=CARTESIAN_POINT('',(-0.00355,0.,0.0088));
#7896=CARTESIAN_POINT('',(-0.00355,0.,0.00765));
#7897=CARTESIAN_POINT('',(-0.00355,0.,0.0065));
#7898=CARTESIAN_POINT('',(-0.00235,0.,0.0053));
#7899=CARTESIAN_POINT('',(-0.00335,0.,0.0063));
#7900=CARTESIAN_POINT('',(-0.0029,0.,0.0063));
#7901=CARTESIAN_POINT('',(-0.00245,0.,0.0063));
#7902=CARTESIAN_POINT('',(-0.00055,0.,0.0082));
#7903=CARTESIAN_POINT('',(-0.00225,0.004,0.00765));
#7904=CARTESIAN_POINT('',(-0.00225,0.004,0.0065));
#7905=CARTESIAN_POINT('',(-0.00225,0.0038,0.0065));
#7906=CARTESIAN_POINT('',(-0.00225,0.0038,0.00765));
#7907=CARTESIAN_POINT('',(-0.00225,0.0038,0.0088));
#7908=CARTESIAN_POINT('',(-0.00225,0.,0.0088));
#7909=CARTESIAN_POINT('',(-0.0029,0.004,0.009));
#7910=CARTESIAN_POINT('',(-0.00355,0.0038,0.009));
#7911=CARTESIAN_POINT('',(-0.00245,0.0038,0.009));
#7912=CARTESIAN_POINT('',(-0.00335,0.0038,0.009));
#7913=CARTESIAN_POINT('',(-0.00335,0.004,0.009));
#7914=CARTESIAN_POINT('',(-0.00245,0.004,0.009));
#7915=CARTESIAN_POINT('',(-0.00355,0.004,0.00765));
#7916=CARTESIAN_POINT('',(-0.00355,0.004,0.0088));
#7917=CARTESIAN_POINT('',(-0.00355,0.0038,0.0088));
#7918=CARTESIAN_POINT('',(-0.00355,0.0038,0.0063));
#7919=CARTESIAN_POINT('',(-0.00355,0.0038,0.0065));
#7920=CARTESIAN_POINT('',(-0.00355,0.,0.0065));
#7921=CARTESIAN_POINT('',(-0.0029,0.004,0.0063));
#7922=CARTESIAN_POINT('',(-0.00335,0.004,0.0063));
#7923=CARTESIAN_POINT('',(-0.00335,0.0032,0.0063));
#7924=CARTESIAN_POINT('',(0.00355,0.0032,0.0063));
#7925=CARTESIAN_POINT('',(-0.00245,0.0032,0.0063));
#7926=CARTESIAN_POINT('',(-0.00245,0.004,0.0063));
#7927=CARTESIAN_POINT('',(0.,0.004,0.00765));
#7928=CARTESIAN_POINT('',(-0.00335,0.004,0.009));
#7929=CARTESIAN_POINT('',(-0.00335,0.004,0.0065));
#7930=CARTESIAN_POINT('',(-0.00335,0.004,0.0088));
#7931=CARTESIAN_POINT('',(-0.00225,0.004,0.0088));
#7932=CARTESIAN_POINT('',(-0.00245,0.004,0.0088));
#7933=CARTESIAN_POINT('',(-0.00245,0.004,0.00765));
#7934=CARTESIAN_POINT('',(-0.00245,0.004,0.0065));
#7935=CARTESIAN_POINT('',(3.8364076872564E-19,0.004,0.0065));
#7936=CARTESIAN_POINT('',(0.0029,0.004,0.009));
#7937=CARTESIAN_POINT('',(0.00335,0.004,0.009));
#7938=CARTESIAN_POINT('',(0.00335,0.0038,0.009));
#7939=CARTESIAN_POINT('',(0.0029,0.0038,0.009));
#7940=CARTESIAN_POINT('',(0.00245,0.0038,0.009));
#7941=CARTESIAN_POINT('',(0.00245,0.,0.009));
#7942=CARTESIAN_POINT('',(0.00225,0.004,0.00765));
#7943=CARTESIAN_POINT('',(0.00225,0.0038,0.0063));
#7944=CARTESIAN_POINT('',(0.00225,0.0038,0.0088));
#7945=CARTESIAN_POINT('',(0.00225,0.0038,0.0065));
#7946=CARTESIAN_POINT('',(0.00225,0.004,0.0065));
#7947=CARTESIAN_POINT('',(0.00225,0.004,0.0088));
#7948=CARTESIAN_POINT('',(0.00355,0.004,0.00765));
#7949=CARTESIAN_POINT('',(0.00355,0.004,0.0065));
#7950=CARTESIAN_POINT('',(0.00355,0.0038,0.0065));
#7951=CARTESIAN_POINT('',(0.00355,0.0038,0.00765));
#7952=CARTESIAN_POINT('',(0.00355,0.0038,0.0088));
#7953=CARTESIAN_POINT('',(0.00355,0.004,0.0088));
#7954=CARTESIAN_POINT('',(0.,0.004,0.00765));
#7955=CARTESIAN_POINT('',(0.00335,0.004,0.00765));
#7956=CARTESIAN_POINT('',(0.00335,0.004,0.0088));
#7957=CARTESIAN_POINT('',(0.00335,0.004,0.0065));
#7958=CARTESIAN_POINT('',(0.00225,0.004,0.0065));
#7959=CARTESIAN_POINT('',(0.00245,0.004,0.0065));
#7960=CARTESIAN_POINT('',(0.00245,0.004,0.009));
#7961=CARTESIAN_POINT('',(0.00245,0.004,0.0088));
#7962=CARTESIAN_POINT('',(1.9182038436282E-19,0.004,0.0088));
#7963=CARTESIAN_POINT('',(-0.00245,0.004,0.0063));
#7964=CARTESIAN_POINT('',(-0.00245,0.004,0.0063));
#7965=CARTESIAN_POINT('',(-0.00245,0.0038,0.0063));
#7966=CARTESIAN_POINT('',(-0.00245,0.0038,0.0063));
#7967=CARTESIAN_POINT('',(-0.00355,0.004,0.0065));
#7968=CARTESIAN_POINT('',(-0.00355,0.0038,0.0065));
#7969=CARTESIAN_POINT('',(-0.00335,0.0038,0.0063));
#7970=CARTESIAN_POINT('',(-0.00335,0.008,0.0063));
#7971=CARTESIAN_POINT('',(3.8364076872564E-19,0.004,0.0065));
#7972=CARTESIAN_POINT('',(-0.00245,0.0038,0.0063));
#7973=CARTESIAN_POINT('',(-0.0029,0.0038,0.0063));
#7974=CARTESIAN_POINT('',(-0.00335,0.0039,0.0064));
#7975=CARTESIAN_POINT('',(-0.00245,0.0038,0.0063));
#7976=CARTESIAN_POINT('',(-0.00235,0.0039,0.0065));
#7977=CARTESIAN_POINT('',(-0.00355,0.0038,0.0065));
#7978=CARTESIAN_POINT('',(-0.00355,0.0038,0.0065));
#7979=CARTESIAN_POINT('',(-0.00245,0.004,0.00765));
#7980=CARTESIAN_POINT('',(-0.00245,0.004,0.0088));
#7981=CARTESIAN_POINT('',(-0.00225,0.004,0.0088));
#7982=CARTESIAN_POINT('',(-0.00235,0.0038,0.0089));
#7983=CARTESIAN_POINT('',(-0.00335,0.004,0.009));
#7984=CARTESIAN_POINT('',(-0.00335,0.0038,0.009));
#7985=CARTESIAN_POINT('',(-0.00355,0.0038,0.00765));
#7986=CARTESIAN_POINT('',(-0.00345,0.0039,0.0088));
#7987=CARTESIAN_POINT('',(-0.00245,0.004,0.0088));
#7988=CARTESIAN_POINT('',(-0.00245,0.004,0.0088));
#7989=CARTESIAN_POINT('',(-0.00335,0.0038,0.009));
#7990=CARTESIAN_POINT('',(-0.00335,0.0038,0.009));
#7991=CARTESIAN_POINT('',(-0.0029,0.0038,0.009));
#7992=CARTESIAN_POINT('',(0.00245,0.004,0.009));
#7993=CARTESIAN_POINT('',(0.00235,0.0038,0.0089));
#7994=CARTESIAN_POINT('',(0.00225,0.0038,0.00765));
#7995=CARTESIAN_POINT('',(0.00225,0.0038,0.0065));
#7996=CARTESIAN_POINT('',(0.00245,0.004,0.0088));
#7997=CARTESIAN_POINT('',(0.00225,0.004,0.0065));
#7998=CARTESIAN_POINT('',(0.00225,0.0038,0.0065));
#7999=CARTESIAN_POINT('',(0.00245,0.0038,0.0063));
#8000=CARTESIAN_POINT('',(0.00245,0.004,0.0063));
#8001=CARTESIAN_POINT('',(0.00245,0.004,0.0088));
#8002=CARTESIAN_POINT('',(0.00245,0.004,0.0088));
#8003=CARTESIAN_POINT('',(0.00225,0.0038,0.0065));
#8004=CARTESIAN_POINT('',(0.00245,0.0039,0.0064));
#8005=CARTESIAN_POINT('',(0.00355,0.004,0.0088));
#8006=CARTESIAN_POINT('',(0.00355,0.0038,0.0088));
#8007=CARTESIAN_POINT('',(1.9182038436282E-19,0.004,0.0088));
#8008=CARTESIAN_POINT('',(0.00335,0.0039,0.0089));
#8009=CARTESIAN_POINT('',(0.0029,0.0038,0.0063));
#8010=CARTESIAN_POINT('',(0.00335,0.004,0.0065));
#8011=CARTESIAN_POINT('',(0.00335,0.0038,0.0063));
#8012=CARTESIAN_POINT('',(0.00355,0.0038,0.0063));
#8013=CARTESIAN_POINT('',(0.00335,0.004,0.0063));
#8014=CARTESIAN_POINT('',(0.00335,0.,0.0063));
#8015=CARTESIAN_POINT('',(0.00345,0.0038,0.0064));
#8016=CARTESIAN_POINT('',(0.00355,0.0038,0.0088));
#8017=CARTESIAN_POINT('',(0.00355,0.0038,0.0088));
#8018=CARTESIAN_POINT('',(0.00335,0.004,0.0065));
#8019=CARTESIAN_POINT('',(0.00335,0.004,0.0065));
#8020=CARTESIAN_POINT('',(0.00335,0.004,0.00765));
#8021=CARTESIAN_POINT('',(-0.00615,-0.01,0.003));
#8022=CARTESIAN_POINT('',(-0.00615,-0.01,-8.67361737988404E-19));
#8023=CARTESIAN_POINT('',(-0.00615,-0.00355955961498265,-8.67361737988404E-19));
#8024=CARTESIAN_POINT('',(-0.00615,0.001,0.));
#8025=CARTESIAN_POINT('',(-0.00615,-0.00355955961498265,-8.67361737988404E-19));
#8026=CARTESIAN_POINT('',(-0.00694108568083673,-0.00361392349812313,-8.67361737988404E-19));
#8027=CARTESIAN_POINT('',(-0.00849713987853991,-0.00366634882788047,0.00065236696479799));
#8028=CARTESIAN_POINT('',(-0.00915,-0.00357608936134579,0.00221006876067625));
#8029=CARTESIAN_POINT('',(-0.00915,-0.00350712310333445,0.003));
#8030=CARTESIAN_POINT('',(-0.00915,-0.00350712310333445,0.003));
#8031=CARTESIAN_POINT('',(-0.00915,-0.01,0.003));
#8032=CARTESIAN_POINT('',(-0.00615,0.001,0.003));
#8033=CARTESIAN_POINT('',(8.67361737988404E-19,-0.01,0.));
#8034=CARTESIAN_POINT('',(0.0052,0.002,0.));
#8035=CARTESIAN_POINT('',(0.0052,0.003,0.));
#8036=CARTESIAN_POINT('',(-0.004375,0.003,0.));
#8037=CARTESIAN_POINT('',(-0.0052,0.003,0.));
#8038=CARTESIAN_POINT('',(-0.0052,0.002,0.));
#8039=CARTESIAN_POINT('',(0.00615,-0.01,8.67361737988404E-19));
#8040=CARTESIAN_POINT('',(0.00615,-0.00355955961498268,8.67361737988404E-19));
#8041=CARTESIAN_POINT('',(0.00615,0.001,0.));
#8042=CARTESIAN_POINT('',(0.00615,-0.00355955961498268,8.67361737988404E-19));
#8043=CARTESIAN_POINT('',(0.00411959226457335,-0.00314096709764811,5.81004342504704E-19));
#8044=CARTESIAN_POINT('',(4.40541366046399E-5,-0.00256488554480338,-5.20477174501125E-18));
#8045=CARTESIAN_POINT('',(-0.00411106502643242,-0.00313920910686771,-5.79801708343052E-19));
#8046=CARTESIAN_POINT('',(-0.00615,-0.00355955961498265,-8.67361737988404E-19));
#8047=CARTESIAN_POINT('',(-0.0057,0.001,0.));
#8048=CARTESIAN_POINT('',(-0.0062,0.001,0.));
#8049=CARTESIAN_POINT('',(-0.0062,0.0045,0.));
#8050=CARTESIAN_POINT('',(-0.0062,0.007,0.));
#8051=CARTESIAN_POINT('',(-0.0052,0.007,0.));
#8052=CARTESIAN_POINT('',(-0.0052,0.008,0.));
#8053=CARTESIAN_POINT('',(0.0031,0.008,0.));
#8054=CARTESIAN_POINT('',(0.0052,0.008,0.));
#8055=CARTESIAN_POINT('',(0.0052,0.007,0.));
#8056=CARTESIAN_POINT('',(0.0062,0.007,0.));
#8057=CARTESIAN_POINT('',(0.0062,0.0045,0.));
#8058=CARTESIAN_POINT('',(0.0062,0.001,0.));
#8059=CARTESIAN_POINT('',(0.0057,0.001,0.));
#8060=CARTESIAN_POINT('',(-0.004375,0.004,0.));
#8061=CARTESIAN_POINT('',(0.0052,0.004,0.));
#8062=CARTESIAN_POINT('',(-0.0052,0.004,0.));
#8063=CARTESIAN_POINT('',(0.0052,0.0055,0.));
#8064=CARTESIAN_POINT('',(0.0052,0.007,0.));
#8065=CARTESIAN_POINT('',(0.0026,0.007,0.));
#8066=CARTESIAN_POINT('',(-0.0052,0.007,0.));
#8067=CARTESIAN_POINT('',(-0.0052,0.0055,0.));
#8068=CARTESIAN_POINT('',(0.00615,-0.01,0.003));
#8069=CARTESIAN_POINT('',(0.00915,-0.01,0.003));
#8070=CARTESIAN_POINT('',(0.00915,-0.00350712310333448,0.003));
#8071=CARTESIAN_POINT('',(0.00915,-0.00350712310333448,0.003));
#8072=CARTESIAN_POINT('',(0.00915,-0.00357609682767299,0.00220998324226129));
#8073=CARTESIAN_POINT('',(0.00850043949834072,-0.0036662837258764,0.00065576948056055));
#8074=CARTESIAN_POINT('',(0.00694120050437496,-0.00361393138886567,0.));
#8075=CARTESIAN_POINT('',(0.00615,-0.00355955961498268,0.));
#8076=CARTESIAN_POINT('',(0.00615,0.001,0.003));
#8077=CARTESIAN_POINT('',(0.00915,-0.01,0.00765));
#8078=CARTESIAN_POINT('',(0.00915,-0.01,0.0123));
#8079=CARTESIAN_POINT('',(0.00915,-0.00175167355436474,0.0123));
#8080=CARTESIAN_POINT('',(0.00915,-0.00175167355436474,0.0123));
#8081=CARTESIAN_POINT('',(0.00915,-0.00194271753730279,0.0107324070170998));
#8082=CARTESIAN_POINT('',(0.00915000000000001,-0.00238942670135075,0.00760426118657112));
#8083=CARTESIAN_POINT('',(0.00915,-0.00310700005716541,0.00452765377764067));
#8084=CARTESIAN_POINT('',(0.00915,-0.00350712310333448,0.003));
#8085=CARTESIAN_POINT('',(0.00615,-0.01,0.0123));
#8086=CARTESIAN_POINT('',(0.00615,-0.01,0.0153));
#8087=CARTESIAN_POINT('',(0.00615,-0.0014152837920434,0.0153));
#8088=CARTESIAN_POINT('',(0.00615,-0.0014152837920434,0.0153));
#8089=CARTESIAN_POINT('',(0.00694281160343464,-0.00147053796410831,0.0153));
#8090=CARTESIAN_POINT('',(0.00849327341029668,-0.00160873567938086,0.014648545838798));
#8091=CARTESIAN_POINT('',(0.00915,-0.00171941397862998,0.0130941085153605));
#8092=CARTESIAN_POINT('',(0.00915,-0.00175167355436474,0.0123));
#8093=CARTESIAN_POINT('',(0.,-0.01,0.0153));
#8094=CARTESIAN_POINT('',(-0.00615,-0.01,0.0153));
#8095=CARTESIAN_POINT('',(-0.00615,-0.0014152837920434,0.0153));
#8096=CARTESIAN_POINT('',(-0.00615,-0.0014152837920434,0.0153));
#8097=CARTESIAN_POINT('',(-0.00411970223883901,-0.000990785381504823,0.0153));
#8098=CARTESIAN_POINT('',(-4.27543984581483E-5,-0.000433179498446837,0.0153));
#8099=CARTESIAN_POINT('',(0.00411259972109036,-0.000989300373959241,0.0153));
#8100=CARTESIAN_POINT('',(0.00615,-0.0014152837920434,0.0153));
#8101=CARTESIAN_POINT('',(-0.00615,-0.01,0.0123));
#8102=CARTESIAN_POINT('',(-0.00915,-0.01,0.0123));
#8103=CARTESIAN_POINT('',(-0.00915,-0.00175167355436475,0.0123));
#8104=CARTESIAN_POINT('',(-0.00915,-0.00175167355436475,0.0123));
#8105=CARTESIAN_POINT('',(-0.00915,-0.00171942509666181,0.0130938348315456));
#8106=CARTESIAN_POINT('',(-0.00849569603901292,-0.00160899725149698,0.0146464061821357));
#8107=CARTESIAN_POINT('',(-0.00694252325475139,-0.00147051786794966,0.0153));
#8108=CARTESIAN_POINT('',(-0.00615,-0.0014152837920434,0.0153));
#8109=CARTESIAN_POINT('',(-0.00915,-0.01,0.00765));
#8110=CARTESIAN_POINT('',(-0.00915,-0.00350712310333445,0.003));
#8111=CARTESIAN_POINT('',(-0.00915,-0.00310699908650091,0.00452765748359887));
#8112=CARTESIAN_POINT('',(-0.00915,-0.00238941234292697,0.00760433772082704));
#8113=CARTESIAN_POINT('',(-0.00915,-0.00194271681758659,0.0107324129226619));
#8114=CARTESIAN_POINT('',(-0.00915,-0.00175167355436475,0.0123));
#8115=CARTESIAN_POINT('',(-8.39154852200163E-19,0.,0.0136));
#8116=CARTESIAN_POINT('',(0.00615,0.,0.0136));
#8117=CARTESIAN_POINT('',(-0.00615,0.001,0.0146));
#8118=CARTESIAN_POINT('',(-0.00615,0.001,0.0123));
#8119=CARTESIAN_POINT('',(-0.00845,0.001,0.0123));
#8120=CARTESIAN_POINT('',(0.00615,0.001,0.0123));
#8121=CARTESIAN_POINT('',(0.00745,0.,0.0123));
#8122=CARTESIAN_POINT('',(-0.00845,0.001,0.00765));
#8123=CARTESIAN_POINT('',(-0.00845,0.001,0.003));
#8124=CARTESIAN_POINT('',(0.00745,0.,0.00765));
#8125=CARTESIAN_POINT('',(0.00745,0.,0.003));
#8126=CARTESIAN_POINT('',(-0.00615,0.001,0.003));
#8127=CARTESIAN_POINT('',(-0.00615,0.001,0.0007));
#8128=CARTESIAN_POINT('',(0.00615,0.001,0.003));
#8129=CARTESIAN_POINT('',(0.00615,0.,0.0017));
#8130=CARTESIAN_POINT('',(8.67361737988404E-19,0.001,0.0007));
#8131=CARTESIAN_POINT('',(0.00681117644607829,-0.00568670998157311,0.00248792433418265));
#8132=CARTESIAN_POINT('',(0.0068134883752672,-0.00522468095758242,0.00417870817237378));
#8133=CARTESIAN_POINT('',(0.00681713388968752,-0.00430719107160029,0.00789147965174851));
#8134=CARTESIAN_POINT('',(0.00681084713361429,-0.00380033205147322,0.0116854573430996));
#8135=CARTESIAN_POINT('',(0.00680705179205572,-0.00356868962364992,0.0137514141534915));
#8136=CARTESIAN_POINT('',(0.00606987808422102,-0.00552915234163562,0.00245557635037864));
#8137=CARTESIAN_POINT('',(0.0060718157805424,-0.00506999715908948,0.00414732154338556));
#8138=CARTESIAN_POINT('',(0.00607479328451922,-0.00414757434925189,0.00785992469774785));
#8139=CARTESIAN_POINT('',(0.00606953724286171,-0.00364046366910892,0.0116546618459611));
#8140=CARTESIAN_POINT('',(0.00606627578157461,-0.00340203715362949,0.013719703959086));
#8141=CARTESIAN_POINT('',(0.00379961178170207,-0.00507917509885444,0.00236312680566611));
#8142=CARTESIAN_POINT('',(0.00380052321177156,-0.00462220202705798,0.00405645240849213));
#8143=CARTESIAN_POINT('',(0.00380178514495544,-0.00368720933141949,0.00776895438370296));
#8144=CARTESIAN_POINT('',(0.00379925920894867,-0.00317789051256289,0.0115655467330433));
#8145=CARTESIAN_POINT('',(0.00379754148648593,-0.00292990594952158,0.0136299572919826));
#8146=CARTESIAN_POINT('',(-5.8675646261398E-17,-0.0046834425008403,0.0022810987213376));
#8147=CARTESIAN_POINT('',(-6.605598442618E-17,-0.00418316801040835,0.00396745225487903));
#8148=CARTESIAN_POINT('',(1.23842841646018E-16,-0.00309024131236825,0.00765120607571892));
#8149=CARTESIAN_POINT('',(3.60894364547803E-17,-0.00274421599087793,0.0114819002328368));
#8150=CARTESIAN_POINT('',(9.34497416971309E-18,-0.00253229609657582,0.0135554204834875));
#8151=CARTESIAN_POINT('',(-0.00379961179007899,-0.00507917509972689,0.00236312680584699));
#8152=CARTESIAN_POINT('',(-0.00380052322015052,-0.00462220202802595,0.00405645240868833));
#8153=CARTESIAN_POINT('',(-0.00380178515333736,-0.00368720933273586,0.00776895438396243));
#8154=CARTESIAN_POINT('',(-0.00379925921732481,-0.00317789051351905,0.0115655467332276));
#8155=CARTESIAN_POINT('',(-0.00379754149485824,-0.00292990595039818,0.0136299572921468));
#8156=CARTESIAN_POINT('',(-0.00606987810097318,-0.00552915234495594,0.00245557635106084));
#8157=CARTESIAN_POINT('',(-0.00607181579730215,-0.00506999716239374,0.00414732154405607));
#8158=CARTESIAN_POINT('',(-0.00607479330129153,-0.004147574352649,0.00785992469841903));
#8159=CARTESIAN_POINT('',(-0.00606953725961384,-0.00364046367252222,0.0116546618466186));
#8160=CARTESIAN_POINT('',(-0.00606627579831531,-0.00340203715711329,0.0137197039597482));
#8161=CARTESIAN_POINT('',(-0.00681117647120563,-0.0056867099869137,0.00248792433527916));
#8162=CARTESIAN_POINT('',(-0.00681348840040725,-0.00522468096282562,0.00417870817343767));
#8163=CARTESIAN_POINT('',(-0.00681713391484996,-0.00430719107701077,0.00789147965281803));
#8164=CARTESIAN_POINT('',(-0.00681084715874187,-0.00380033205689216,0.0116854573441434));
#8165=CARTESIAN_POINT('',(-0.00680705181716516,-0.00356868962929879,0.0137514141545663));
#8166=CARTESIAN_POINT('',(0.0067315574421558,-0.00539904135371033,0.00349553118941148));
#8167=CARTESIAN_POINT('',(0.00673374002064337,-0.00501051316302799,0.0049807593126635));
#8168=CARTESIAN_POINT('',(0.00672427340755034,-0.0043103755421603,0.00797118363922357));
#8169=CARTESIAN_POINT('',(0.00672299566908462,-0.00387694646674563,0.0110124477586121));
#8170=CARTESIAN_POINT('',(0.00671530790574289,-0.00368952483894189,0.0125361676990046));
#8171=CARTESIAN_POINT('',(0.00673155744215579,-0.00539904135371033,0.00349553118941148));
#8172=CARTESIAN_POINT('',(0.0067153079057429,-0.00368952483894189,0.0125361676990046));
#8173=CARTESIAN_POINT('',(0.00671530790574289,-0.00368952483894189,0.0125361676990046));
#8174=CARTESIAN_POINT('',(0.00671265877325883,-0.00362494107115938,0.0130612275650885));
#8175=CARTESIAN_POINT('',(0.00626127959612206,-0.00346893055909736,0.0135241146299439));
#8176=CARTESIAN_POINT('',(0.00574332062161263,-0.00336035640233342,0.0135265047988323));
#8177=CARTESIAN_POINT('',(0.00574332062161263,-0.00336035640233342,0.0135265047988323));
#8178=CARTESIAN_POINT('',(0.00574332062161263,-0.00336035640233342,0.0135265047988323));
#8179=CARTESIAN_POINT('',(0.00384066925284224,-0.00296152410451358,0.0135352847569578));
#8180=CARTESIAN_POINT('',(-4.04278962782454E-5,-0.00243726614542807,0.0134996332342013));
#8181=CARTESIAN_POINT('',(-0.00384752838302342,-0.00296296191003911,0.0135352531048765));
#8182=CARTESIAN_POINT('',(-0.00574332062161263,-0.00336035640233341,0.0135265047988323));
#8183=CARTESIAN_POINT('',(-0.00574332062161263,-0.00336035640233341,0.0135265047988323));
#8184=CARTESIAN_POINT('',(-0.00574332062161263,-0.00336035640233341,0.0135265047988323));
#8185=CARTESIAN_POINT('',(-0.00626098959963374,-0.00346886977025937,0.0135241159681592));
#8186=CARTESIAN_POINT('',(-0.00671265929152668,-0.0036249537061218,0.0130611248440504));
#8187=CARTESIAN_POINT('',(-0.00671530790574291,-0.00368952483894189,0.0125361676990046));
#8188=CARTESIAN_POINT('',(-0.0067153079057429,-0.00368952483894189,0.0125361676990046));
#8189=CARTESIAN_POINT('',(-0.00671530790574291,-0.00368952483894189,0.0125361676990046));
#8190=CARTESIAN_POINT('',(-0.00672299563811798,-0.00387694571180239,0.0110124538962288));
#8191=CARTESIAN_POINT('',(-0.00672427329661071,-0.00431036147761783,0.00797125855547484));
#8192=CARTESIAN_POINT('',(-0.00673374002654268,-0.00501051211287708,0.00498076332707922));
#8193=CARTESIAN_POINT('',(-0.00673155744215583,-0.00539904135371032,0.00349553118941146));
#8194=CARTESIAN_POINT('',(-0.00673155744215582,-0.00539904135371032,0.00349553118941146));
#8195=CARTESIAN_POINT('',(-0.00673155744215583,-0.00539904135371032,0.00349553118941146));
#8196=CARTESIAN_POINT('',(-0.00673118735782892,-0.00546492131851099,0.00324369160909947));
#8197=CARTESIAN_POINT('',(-0.00652498187870669,-0.00555504343254993,0.00273413975789444));
#8198=CARTESIAN_POINT('',(-0.00601479566776441,-0.00550533469265875,0.00251334188980794));
#8199=CARTESIAN_POINT('',(-0.00575970111013977,-0.00545272743878133,0.00251340273422263));
#8200=CARTESIAN_POINT('',(-0.00575970111013977,-0.00545272743878133,0.00251340273422263));
#8201=CARTESIAN_POINT('',(-0.00575970111013977,-0.00545272743878133,0.00251340273422262));
#8202=CARTESIAN_POINT('',(-0.00385342446338133,-0.00505960270711148,0.00251385741380451));
#8203=CARTESIAN_POINT('',(2.45014455934128E-5,-0.0044916599367251,0.0025825565907064));
#8204=CARTESIAN_POINT('',(0.00385822259985756,-0.00506059220992994,0.00251385626936694));
#8205=CARTESIAN_POINT('',(0.00575970111013975,-0.00545272743878134,0.00251340273422265));
#8206=CARTESIAN_POINT('',(0.00575970111013975,-0.00545272743878134,0.00251340273422265));
#8207=CARTESIAN_POINT('',(0.00575970111013975,-0.00545272743878134,0.00251340273422265));
#8208=CARTESIAN_POINT('',(0.00601484507061883,-0.00550534488083577,0.00251334187802454));
#8209=CARTESIAN_POINT('',(0.00652612376125497,-0.00555497280177898,0.00273532866548767));
#8210=CARTESIAN_POINT('',(0.00673118736989338,-0.00546491917086842,0.00324369981890061));
#8211=CARTESIAN_POINT('',(0.00673155744215579,-0.00539904135371033,0.00349553118941148));
#8212=CARTESIAN_POINT('',(-0.00575970111013977,-0.00545272743878133,0.00251340273422261));
#8213=CARTESIAN_POINT('',(-0.00562490971651138,-0.00610654105693853,0.));
#8214=CARTESIAN_POINT('',(-0.00615,-0.00355955961498265,0.));
#8215=CARTESIAN_POINT('',(-0.00588559360838193,-0.00547868980216051,0.00251337272138365));
#8216=CARTESIAN_POINT('',(-0.00609072511519818,-0.0062214623689202,-6.98093191952112E-5));
#8217=CARTESIAN_POINT('',(-0.00654200452934061,-0.0035864983983444,0.));
#8218=CARTESIAN_POINT('',(-0.00613722714551821,-0.00551786931951009,0.00256395221939899));
#8219=CARTESIAN_POINT('',(-0.00709202091093172,-0.00641269591205778,7.88257952987143E-6));
#8220=CARTESIAN_POINT('',(-0.00732346503326018,-0.00362736400818773,0.000153708149710473));
#8221=CARTESIAN_POINT('',(-0.00646498453529253,-0.00552886684471462,0.0027856731985962));
#8222=CARTESIAN_POINT('',(-0.00844790009603814,-0.00647783812457712,0.000868517457216717));
#8223=CARTESIAN_POINT('',(-0.00833479266369814,-0.00363950167507855,0.000828723443007474));
#8224=CARTESIAN_POINT('',(-0.00668183803663144,-0.00548801172309335,0.00311613723521729));
#8225=CARTESIAN_POINT('',(-0.00920508964147076,-0.00627859329080065,0.00223804562106261));
#8226=CARTESIAN_POINT('',(-0.00899951372603526,-0.00359810611305652,0.00183779566080172));
#8227=CARTESIAN_POINT('',(-0.00673137185236548,-0.00543207702449605,0.00336924560239555));
#8228=CARTESIAN_POINT('',(-0.00923253551554807,-0.00603212992131587,0.00319129791240863));
#8229=CARTESIAN_POINT('',(-0.00915,-0.0035409216455369,0.00261287553392867));
#8230=CARTESIAN_POINT('',(-0.00673155744215583,-0.00539904135371032,0.00349553118941145));
#8231=CARTESIAN_POINT('',(-0.00915,-0.00589959801439046,0.00362663697973055));
#8232=CARTESIAN_POINT('',(-0.00915,-0.00350712310333445,0.003));
#8233=CARTESIAN_POINT('',(-0.00615,-0.00355955961498265,0.002));
#8234=CARTESIAN_POINT('',(-0.00715,-0.00350712310333445,0.003));
#8235=CARTESIAN_POINT('',(-0.00673155744215583,-0.00539904135371032,0.00349553118941145));
#8236=CARTESIAN_POINT('',(-0.00915,-0.00589959801439046,0.00362663697973055));
#8237=CARTESIAN_POINT('',(-0.00915,-0.00350712310333445,0.003));
#8238=CARTESIAN_POINT('',(-0.00673375442680585,-0.00500794858450127,0.00499056293587537));
#8239=CARTESIAN_POINT('',(-0.00914999999999391,-0.00550784334392162,0.00511113517415468));
#8240=CARTESIAN_POINT('',(-0.00915,-0.0031069990855873,0.00452765748338997));
#8241=CARTESIAN_POINT('',(-0.00672424850269636,-0.00431349360299552,0.00795926971213969));
#8242=CARTESIAN_POINT('',(-0.00915000000000728,-0.00483283330537795,0.00805927442714044));
#8243=CARTESIAN_POINT('',(-0.00914999999999994,-0.00238941234388122,0.00760433772101159));
#8244=CARTESIAN_POINT('',(-0.0067230779372337,-0.00387895211069138,0.010996142063977));
#8245=CARTESIAN_POINT('',(-0.00914999999999141,-0.00440392412103353,0.0110716803648889));
#8246=CARTESIAN_POINT('',(-0.00915,-0.0019427168165917,0.0107324129225017));
#8247=CARTESIAN_POINT('',(-0.00671530790574291,-0.00368952483894189,0.0125361676990046));
#8248=CARTESIAN_POINT('',(-0.00915,-0.00422767367864371,0.012601752387678));
#8249=CARTESIAN_POINT('',(-0.00915,-0.00175167355436475,0.0123));
#8250=CARTESIAN_POINT('',(-0.00715,-0.00175167355436475,0.0123));
#8251=CARTESIAN_POINT('',(0.00575970111013975,-0.00545272743878134,0.00251340273422265));
#8252=CARTESIAN_POINT('',(0.00562490971651134,-0.0061065410569386,0.));
#8253=CARTESIAN_POINT('',(0.00615,-0.00355955961498268,0.));
#8254=CARTESIAN_POINT('',(0.0047816010497966,-0.00525101730158386,0.00251363602817326));
#8255=CARTESIAN_POINT('',(0.00465946545686943,-0.00590783492690557,-5.39482541250408E-15));
#8256=CARTESIAN_POINT('',(0.00513479613241133,-0.00335026335437192,-1.43178697724127E-19));
#8257=CARTESIAN_POINT('',(0.00285338479257938,-0.00491365097118666,0.00252908320099061));
#8258=CARTESIAN_POINT('',(0.00275050270676553,-0.00560143389350232,2.63268408953803E-15));
#8259=CARTESIAN_POINT('',(0.00309969154563897,-0.00299683184503094,1.91997311910495E-18));
#8260=CARTESIAN_POINT('',(2.78179143942244E-5,-0.00470811543032042,0.00255767686251163));
#8261=CARTESIAN_POINT('',(2.66230410538536E-5,-0.00545299827140655,-1.0879535426823E-15));
#8262=CARTESIAN_POINT('',(3.06892713055961E-5,-0.00278147747680853,-1.3009674423507E-18));
#8263=CARTESIAN_POINT('',(-0.00283213680969826,-0.00490920620686741,0.00252944335894366));
#8264=CARTESIAN_POINT('',(-0.00272929907274175,-0.00559769928634849,1.66127335684284E-15));
#8265=CARTESIAN_POINT('',(-0.00307749536383602,-0.00299217918891881,-7.12444420556297E-18));
#8266=CARTESIAN_POINT('',(-0.00477749325820814,-0.00525017016616481,0.00251363700795174));
#8267=CARTESIAN_POINT('',(-0.00465541049718337,-0.00590700034180522,-3.16019927659887E-15));
#8268=CARTESIAN_POINT('',(-0.00513053251352516,-0.00334938435897242,1.43780014779332E-19));
#8269=CARTESIAN_POINT('',(-0.00575970111013976,-0.00545272743878133,0.00251340273422262));
#8270=CARTESIAN_POINT('',(-0.00562490971651136,-0.00610654105693854,0.));
#8271=CARTESIAN_POINT('',(-0.00615,-0.00355955961498265,0.));
#8272=CARTESIAN_POINT('',(0.00615,-0.00355955961498268,0.002));
#8273=CARTESIAN_POINT('',(-0.00671530790574291,-0.00368952483894189,0.0125361676990046));
#8274=CARTESIAN_POINT('',(-0.00915,-0.00422767367864371,0.012601752387678));
#8275=CARTESIAN_POINT('',(-0.00915,-0.00175167355436475,0.0123));
#8276=CARTESIAN_POINT('',(-0.0067139778058588,-0.00365709930499191,0.0127997840994534));
#8277=CARTESIAN_POINT('',(-0.00907060271211627,-0.00409972299270417,0.0135196120721919));
#8278=CARTESIAN_POINT('',(-0.00915,-0.001718971401531,0.0131050028265472));
#8279=CARTESIAN_POINT('',(-0.00649348506398597,-0.00354711504909409,0.013309413164877));
#8280=CARTESIAN_POINT('',(-0.0081107209633077,-0.00370412551126993,0.0150421019984075));
#8281=CARTESIAN_POINT('',(-0.00848194306907609,-0.00160769289384351,0.014654085120022));
#8282=CARTESIAN_POINT('',(-0.00599715964871901,-0.0034135659453583,0.0135253334020625));
#8283=CARTESIAN_POINT('',(-0.00651473031948441,-0.00330469644437763,0.0153990309448808));
#8284=CARTESIAN_POINT('',(-0.00694341155900062,-0.00147057978295067,0.0153));
#8285=CARTESIAN_POINT('',(-0.00574332062161263,-0.00336035640233341,0.0135265047988323));
#8286=CARTESIAN_POINT('',(-0.00578469256513558,-0.00316248201170153,0.0153));
#8287=CARTESIAN_POINT('',(-0.00615,-0.0014152837920434,0.0153));
#8288=CARTESIAN_POINT('',(-0.00615,-0.00141528379204339,0.0133));
#8289=CARTESIAN_POINT('',(0.0067315574421558,-0.00539904135371033,0.00349553118941148));
#8290=CARTESIAN_POINT('',(0.00915,-0.00589959801439052,0.0036266369797306));
#8291=CARTESIAN_POINT('',(0.00915,-0.00350712310333448,0.003));
#8292=CARTESIAN_POINT('',(0.00673137185759359,-0.00543207550479254,0.00336925140897763));
#8293=CARTESIAN_POINT('',(0.00923253162885791,-0.00603212369911235,0.00319131834166904));
#8294=CARTESIAN_POINT('',(0.00915,-0.00354092009077304,0.00261289333390724));
#8295=CARTESIAN_POINT('',(0.00668217667591591,-0.00548781498417276,0.00311715943310413));
#8296=CARTESIAN_POINT('',(0.00920582414758166,-0.00627768228148485,0.00224207977240542));
#8297=CARTESIAN_POINT('',(0.00900054789862002,-0.00359790528721365,0.00184092351023459));
#8298=CARTESIAN_POINT('',(0.00646548153433406,-0.00552883404444495,0.00278620034940663));
#8299=CARTESIAN_POINT('',(0.00844988728339938,-0.00647767646126816,0.000870762735932223));
#8300=CARTESIAN_POINT('',(0.00833631770889673,-0.00363946918833565,0.000830329393550805));
#8301=CARTESIAN_POINT('',(0.00613837910529218,-0.00551800528959903,0.00256435335478313));
#8302=CARTESIAN_POINT('',(0.00709675288506009,-0.00641339642457833,9.04926095089339E-6));
#8303=CARTESIAN_POINT('',(0.00732703552331447,-0.0036275065941027,0.000154928233253199));
#8304=CARTESIAN_POINT('',(0.0058856295412699,-0.00547869721371978,0.00251337270821816));
#8305=CARTESIAN_POINT('',(0.00609086038819176,-0.00622149574707324,-6.98296119865973E-5));
#8306=CARTESIAN_POINT('',(0.00654211641752976,-0.00358650608854053,0.));
#8307=CARTESIAN_POINT('',(0.00575970111013974,-0.00545272743878134,0.00251340273422265));
#8308=CARTESIAN_POINT('',(0.00562490971651133,-0.0061065410569386,0.));
#8309=CARTESIAN_POINT('',(0.00615,-0.00355955961498268,0.));
#8310=CARTESIAN_POINT('',(0.00715,-0.00350712310333448,0.003));
#8311=CARTESIAN_POINT('',(-0.00574332062161263,-0.00336035640233341,0.0135265047988323));
#8312=CARTESIAN_POINT('',(-0.00578469256513558,-0.00316248201170153,0.0153));
#8313=CARTESIAN_POINT('',(-0.00615,-0.0014152837920434,0.0153));
#8314=CARTESIAN_POINT('',(-0.00379463912301023,-0.00295187530449607,0.0135354971676851));
#8315=CARTESIAN_POINT('',(-0.00383312452959073,-0.00274615562334672,0.0152999999999764));
#8316=CARTESIAN_POINT('',(-0.00411970223910036,-0.000990785377324469,0.0153));
#8317=CARTESIAN_POINT('',(-3.89620541478848E-5,-0.00244834685099836,0.0134993891520055));
#8318=CARTESIAN_POINT('',(-3.95101665978626E-5,-0.00226218521643565,0.0153000000000073));
#8319=CARTESIAN_POINT('',(-4.2754398670001E-5,-0.000433179502634205,0.0153));
#8320=CARTESIAN_POINT('',(0.00378782212083307,-0.0029504463298091,0.0135355286253697));
#8321=CARTESIAN_POINT('',(0.00382631123638857,-0.00274470214912314,0.015300000000009));
#8322=CARTESIAN_POINT('',(0.00411259972177669,-0.000989300369764859,0.0153));
#8323=CARTESIAN_POINT('',(0.00574332062161325,-0.00336035640233355,0.0135265047988322));
#8324=CARTESIAN_POINT('',(0.0057846925651362,-0.00316248201170169,0.0153));
#8325=CARTESIAN_POINT('',(0.00615000000000064,-0.00141528379204354,0.0153));
#8326=CARTESIAN_POINT('',(0.00615,-0.0014152837920434,0.0133));
#8327=CARTESIAN_POINT('',(0.00671530790574289,-0.00368952483894188,0.0125361676990045));
#8328=CARTESIAN_POINT('',(0.00915,-0.00422767367864373,0.0126017523876779));
#8329=CARTESIAN_POINT('',(0.00915,-0.00175167355436474,0.0123));
#8330=CARTESIAN_POINT('',(0.00672307796651891,-0.00387895282432069,0.0109961362622629));
#8331=CARTESIAN_POINT('',(0.00914999999999737,-0.00440392478336156,0.0110716746149429));
#8332=CARTESIAN_POINT('',(0.00915,-0.00194271753630464,0.0107324070169398));
#8333=CARTESIAN_POINT('',(0.0067242486121442,-0.00431350747214014,0.00795919592218564));
#8334=CARTESIAN_POINT('',(0.00915000000000419,-0.00483284688981617,0.00805920126126124));
#8335=CARTESIAN_POINT('',(0.0091499999999999,-0.00238942670230674,0.00760426118675607));
#8336=CARTESIAN_POINT('',(0.00673375442147914,-0.00500794953326251,0.00499055930904485));
#8337=CARTESIAN_POINT('',(0.00914999999999407,-0.00550784429362571,0.00511113157536791));
#8338=CARTESIAN_POINT('',(0.00915,-0.00310700005625156,0.00452765377743072));
#8339=CARTESIAN_POINT('',(0.0067315574421558,-0.00539904135371033,0.00349553118941148));
#8340=CARTESIAN_POINT('',(0.00915,-0.00589959801439052,0.0036266369797306));
#8341=CARTESIAN_POINT('',(0.00915,-0.00350712310333448,0.003));
#8342=CARTESIAN_POINT('',(0.00715,-0.00175167355436474,0.0123));
#8343=CARTESIAN_POINT('',(0.00574332062161264,-0.00336035640233342,0.0135265047988322));
#8344=CARTESIAN_POINT('',(0.00578469256513558,-0.00316248201170155,0.0153));
#8345=CARTESIAN_POINT('',(0.00615,-0.0014152837920434,0.0153));
#8346=CARTESIAN_POINT('',(0.00599726074008372,-0.0034135871379802,0.0135253329190042));
#8347=CARTESIAN_POINT('',(0.0065150283378662,-0.00330475450601368,0.015399071329525));
#8348=CARTESIAN_POINT('',(0.00694372753402372,-0.00147060180679676,0.0153));
#8349=CARTESIAN_POINT('',(0.00649267798206719,-0.00354685113663981,0.0133101471805953));
#8350=CARTESIAN_POINT('',(0.00810780546971125,-0.0037032625831056,0.0150438845051976));
#8351=CARTESIAN_POINT('',(0.00847945673791318,-0.00160742355539116,0.0146563036181626));
#8352=CARTESIAN_POINT('',(0.00671397751766383,-0.003657091793347,0.0127998452050751));
#8353=CARTESIAN_POINT('',(0.00907058474795386,-0.00409969392680945,0.0135198207032186));
#8354=CARTESIAN_POINT('',(0.00915000000000252,-0.00171896382566704,0.0131051894246992));
#8355=CARTESIAN_POINT('',(0.00671530790574433,-0.00368952483894185,0.0125361676990049));
#8356=CARTESIAN_POINT('',(0.0091500000000027,-0.00422767367864566,0.0126017523876794));
#8357=CARTESIAN_POINT('',(0.00915000000000281,-0.00175167355436502,0.0123000000000011));
#8358=CARTESIAN_POINT('',(-0.0057,0.001,0.0004));
#8359=CARTESIAN_POINT('',(-0.0062,0.001,0.0004));
#8360=CARTESIAN_POINT('',(0.0052,0.002,0.0004));
#8361=CARTESIAN_POINT('',(0.0052,0.002,0.0004));
#8362=CARTESIAN_POINT('',(0.0052,0.003,0.0004));
#8363=CARTESIAN_POINT('',(0.0052,0.003,0.0004));
#8364=CARTESIAN_POINT('',(0.0057,0.001,0.0004));
#8365=CARTESIAN_POINT('',(0.0062,0.001,0.0004));
#8366=CARTESIAN_POINT('',(0.0062,0.0045,0.0004));
#8367=CARTESIAN_POINT('',(0.0062,0.007,0.0004));
#8368=CARTESIAN_POINT('',(0.0062,0.007,0.0004));
#8369=CARTESIAN_POINT('',(0.0062,0.0045,0.0004));
#8370=CARTESIAN_POINT('',(0.0031,0.008,0.0004));
#8371=CARTESIAN_POINT('',(0.0031,0.008,0.0004));
#8372=CARTESIAN_POINT('',(-0.0052,0.008,0.0004));
#8373=CARTESIAN_POINT('',(0.0052,0.008,0.0004));
#8374=CARTESIAN_POINT('',(0.0052,0.008,0.0004));
#8375=CARTESIAN_POINT('',(-0.0052,0.008,0.0004));
#8376=CARTESIAN_POINT('',(-0.0062,0.0045,0.0004));
#8377=CARTESIAN_POINT('',(-0.0062,0.0045,0.0004));
#8378=CARTESIAN_POINT('',(-0.0062,0.007,0.0004));
#8379=CARTESIAN_POINT('',(-0.0062,0.007,0.));
#8380=CARTESIAN_POINT('',(-0.0052,0.002,0.0004));
#8381=CARTESIAN_POINT('',(-0.0052,0.003,0.0004));
#8382=CARTESIAN_POINT('',(-0.0052,0.003,0.0004));
#8383=CARTESIAN_POINT('',(-0.0052,0.002,0.0004));
#8384=CARTESIAN_POINT('',(-0.004375,0.003,0.0004));
#8385=CARTESIAN_POINT('',(0.00355,0.003,0.0063));
#8386=CARTESIAN_POINT('',(0.00355,0.003,0.0061));
#8387=CARTESIAN_POINT('',(0.00355,0.003,0.0004));
#8388=CARTESIAN_POINT('',(-0.00355,0.003,0.0061));
#8389=CARTESIAN_POINT('',(-0.00355,0.003,0.0061));
#8390=CARTESIAN_POINT('',(-0.00355,0.003,0.0063));
#8391=CARTESIAN_POINT('',(-0.00355,0.003,0.0004));
#8392=CARTESIAN_POINT('',(-0.004375,0.003,0.0004));
#8393=CARTESIAN_POINT('',(0.004375,0.003,0.0004));
#8394=CARTESIAN_POINT('',(-0.004375,0.004,0.0004));
#8395=CARTESIAN_POINT('',(-0.00355,0.004,0.0063));
#8396=CARTESIAN_POINT('',(-0.00355,0.004,0.0061));
#8397=CARTESIAN_POINT('',(-0.00355,0.004,0.0004));
#8398=CARTESIAN_POINT('',(0.00355,0.004,0.0061));
#8399=CARTESIAN_POINT('',(0.00355,0.004,0.0061));
#8400=CARTESIAN_POINT('',(0.00355,0.004,0.0063));
#8401=CARTESIAN_POINT('',(0.00355,0.004,0.0004));
#8402=CARTESIAN_POINT('',(0.004375,0.004,0.0004));
#8403=CARTESIAN_POINT('',(0.0052,0.004,0.0004));
#8404=CARTESIAN_POINT('',(0.0052,0.004,0.0004));
#8405=CARTESIAN_POINT('',(-0.0052,0.004,0.0004));
#8406=CARTESIAN_POINT('',(-0.0052,0.004,0.0004));
#8407=CARTESIAN_POINT('',(-0.004375,0.004,0.0004));
#8408=CARTESIAN_POINT('',(-0.0052,0.0055,0.0004));
#8409=CARTESIAN_POINT('',(-0.0052,0.007,0.0004));
#8410=CARTESIAN_POINT('',(-0.0052,0.007,0.0004));
#8411=CARTESIAN_POINT('',(-0.0052,0.0055,0.0004));
#8412=CARTESIAN_POINT('',(0.0026,0.007,0.0004));
#8413=CARTESIAN_POINT('',(0.0052,0.007,0.0004));
#8414=CARTESIAN_POINT('',(0.0052,0.007,0.0004));
#8415=CARTESIAN_POINT('',(0.0026,0.007,0.0004));
#8416=CARTESIAN_POINT('',(0.0052,0.0055,0.0004));
#8417=CARTESIAN_POINT('',(0.0052,0.0055,0.0004));
#8418=CARTESIAN_POINT('',(0.,0.008,0.0004));
#8419=CARTESIAN_POINT('',(0.0052,0.007,0.0004));
#8420=CARTESIAN_POINT('',(-0.0052,0.007,0.0004));
#8421=CARTESIAN_POINT('',(-0.00355,0.0035,0.0004));
#8422=CARTESIAN_POINT('',(0.00355,0.0035,0.0004));
#8423=CARTESIAN_POINT('',(0.00355,0.0035,0.0063));
#8424=CARTESIAN_POINT('',(0.00355,0.003,0.0061));
#8425=CARTESIAN_POINT('',(-0.00355,0.0035,0.0063));
#8426=CARTESIAN_POINT('',(-0.00355,0.0035,0.0061));
#8427=CARTESIAN_POINT('',(0.,0.008,0.0063));
#8428=CARTESIAN_POINT('',(-0.00355,0.0038,0.0063));
#8429=CARTESIAN_POINT('',(0.00355,0.0032,0.0063));
#8430=CARTESIAN_POINT('',(0.0052,0.007,0.0004));
#8431=CARTESIAN_POINT('',(-0.0052,0.007,0.0004));
#8432=CARTESIAN_POINT('',(0.00335,0.008,0.0063));
#8433=CARTESIAN_POINT('',(0.000908333333333333,0.00135833333333333,0.00874166666666667));
#8434=CARTESIAN_POINT('',(0.00175,0.0048,0.0079));
#8435=CARTESIAN_POINT('',(-0.004375,0.003,0.0061));
#8436=CARTESIAN_POINT('',(-0.003825,0.002725,0.005825));
#8437=CARTESIAN_POINT('',(-0.004375,0.004,0.0061));
#8438=CARTESIAN_POINT('',(-0.003825,0.004275,0.005825));
#8439=CARTESIAN_POINT('',(-0.00355,0.0035,0.0061));
#8440=CARTESIAN_POINT('',(0.075,0.,0.));
#8441=CARTESIAN_POINT('',(0.0029,0.004,0.0063));
#8442=CARTESIAN_POINT('',(0.00245,0.004,0.0063));
#8443=CARTESIAN_POINT('',(0.00245,0.,0.0063));
#8444=CARTESIAN_POINT('',(0.00245,0.0032,0.0063));
#8445=CARTESIAN_POINT('',(0.00355,0.0032,0.0063));
#8446=CARTESIAN_POINT('',(0.00335,0.0032,0.0063));
#8447=CARTESIAN_POINT('',(0.00335,0.,0.0063));
#8448=CARTESIAN_POINT('',(0.00335,0.,0.0063));
#8449=CARTESIAN_POINT('',(0.0029,0.,0.0063));
#8450=CARTESIAN_POINT('',(0.,0.001,0.00765));
#8451=CARTESIAN_POINT('',(0.00615,0.001,0.003));
#8452=CARTESIAN_POINT('',(0.00615,0.001,0.0007));
#8453=CARTESIAN_POINT('',(0.00845,0.001,0.003));
#8454=CARTESIAN_POINT('',(0.00845,0.001,0.00765));
#8455=CARTESIAN_POINT('',(0.00845,0.001,0.0123));
#8456=CARTESIAN_POINT('',(0.00615,0.001,0.0123));
#8457=CARTESIAN_POINT('',(0.00615,0.001,0.0146));
#8458=CARTESIAN_POINT('',(0.,0.001,0.0146));
#8459=CARTESIAN_POINT('',(-0.00615,0.001,0.0146));
#8460=CARTESIAN_POINT('',(-0.00615,0.001,0.0123));
#8461=CARTESIAN_POINT('',(-0.00845,0.001,0.0123));
#8462=CARTESIAN_POINT('',(-0.00845,0.001,0.00765));
#8463=CARTESIAN_POINT('',(-0.00845,0.001,0.003));
#8464=CARTESIAN_POINT('',(-0.00615,0.001,0.003));
#8465=CARTESIAN_POINT('',(-0.00615,0.001,0.0007));
#8466=CARTESIAN_POINT('',(8.67361737988404E-19,0.001,0.0007));
#8467=CARTESIAN_POINT('',(0.0062,0.001,0.0004));
#8468=CARTESIAN_POINT('',(0.0062,0.001,0.0004));
#8469=CARTESIAN_POINT('',(0.0062,0.001,4.16695605871559E-7));
#8470=CARTESIAN_POINT('',(0.0057,0.001,0.0004));
#8471=CARTESIAN_POINT('',(0.0052,0.001,0.0004));
#8472=CARTESIAN_POINT('',(0.0052,0.001,0.0004));
#8473=CARTESIAN_POINT('',(0.0052,0.001,0.));
#8474=CARTESIAN_POINT('',(8.67361737988404E-19,0.001,0.));
#8475=CARTESIAN_POINT('',(-0.0052,0.001,0.));
#8476=CARTESIAN_POINT('',(-0.0052,0.001,0.0004));
#8477=CARTESIAN_POINT('',(-0.0052,0.001,0.0004));
#8478=CARTESIAN_POINT('',(-0.0057,0.001,0.0004));
#8479=CARTESIAN_POINT('',(-0.0062,0.001,0.0004));
#8480=CARTESIAN_POINT('',(-0.0062,0.001,0.0004));
#8481=CARTESIAN_POINT('',(-0.0062,0.001,4.16695605870692E-7));
#8482=CARTESIAN_POINT('',(-0.00615,0.001,0.003));
#8483=CARTESIAN_POINT('',(-0.00915,0.001,0.003));
#8484=CARTESIAN_POINT('',(-0.00915,0.001,0.00765));
#8485=CARTESIAN_POINT('',(-0.00915,0.001,0.0123));
#8486=CARTESIAN_POINT('',(-0.00615,0.001,0.0123));
#8487=CARTESIAN_POINT('',(-0.00615,0.001,0.0153));
#8488=CARTESIAN_POINT('',(0.,0.001,0.0153));
#8489=CARTESIAN_POINT('',(0.00615,0.001,0.0153));
#8490=CARTESIAN_POINT('',(0.00615,0.001,0.0123));
#8491=CARTESIAN_POINT('',(0.00915,0.001,0.0123));
#8492=CARTESIAN_POINT('',(0.00915,0.001,0.00765));
#8493=CARTESIAN_POINT('',(0.00915,0.001,0.003));
#8494=CARTESIAN_POINT('',(0.00615,0.001,0.003));
#8495=CARTESIAN_POINT('',(0.,0.,0.00765));
#8496=CARTESIAN_POINT('',(0.00615,0.,0.003));
#8497=CARTESIAN_POINT('',(0.00745,0.,0.003));
#8498=CARTESIAN_POINT('',(0.00615,0.,0.0017));
#8499=CARTESIAN_POINT('',(-0.00615,0.,0.0017));
#8500=CARTESIAN_POINT('',(-0.00615,0.,0.0017));
#8501=CARTESIAN_POINT('',(-0.00615,0.,0.003));
#8502=CARTESIAN_POINT('',(-0.00745,0.,0.003));
#8503=CARTESIAN_POINT('',(-0.00745,0.,0.0123));
#8504=CARTESIAN_POINT('',(-0.00745,0.,0.0123));
#8505=CARTESIAN_POINT('',(-0.00615,0.,0.0123));
#8506=CARTESIAN_POINT('',(-0.00615,0.,0.0136));
#8507=CARTESIAN_POINT('',(-8.39154852200163E-19,0.,0.0136));
#8508=CARTESIAN_POINT('',(0.00615,0.,0.0136));
#8509=CARTESIAN_POINT('',(0.00615,0.,0.0123));
#8510=CARTESIAN_POINT('',(0.00745,0.,0.0123));
#8511=CARTESIAN_POINT('',(0.00745,0.,0.00765));
#8512=CARTESIAN_POINT('',(0.0029,0.,0.009));
#8513=CARTESIAN_POINT('',(0.00245,0.,0.009));
#8514=CARTESIAN_POINT('',(0.00335,0.,0.009));
#8515=CARTESIAN_POINT('',(0.00055,0.,0.0071));
#8516=CARTESIAN_POINT('',(0.00225,0.,0.0088));
#8517=CARTESIAN_POINT('',(0.00225,0.,0.00765));
#8518=CARTESIAN_POINT('',(0.00225,0.,0.0065));
#8519=CARTESIAN_POINT('',(0.00055,0.,0.0082));
#8520=CARTESIAN_POINT('',(0.00235,0.,0.0053));
#8521=CARTESIAN_POINT('',(0.00355,0.,0.0065));
#8522=CARTESIAN_POINT('',(0.00355,0.,0.00765));
#8523=CARTESIAN_POINT('',(0.00355,0.,0.0088));
#8524=CARTESIAN_POINT('',(0.00235,0.,0.01));
#8525=CARTESIAN_POINT('',(-0.00225,0.,0.00765));
#8526=CARTESIAN_POINT('',(-0.00225,0.,0.0088));
#8527=CARTESIAN_POINT('',(-0.00225,0.,0.0065));
#8528=CARTESIAN_POINT('',(-0.00055,0.,0.0071));
#8529=CARTESIAN_POINT('',(-0.00245,0.,0.009));
#8530=CARTESIAN_POINT('',(-0.0029,0.,0.009));
#8531=CARTESIAN_POINT('',(-0.00335,0.,0.009));
#8532=CARTESIAN_POINT('',(-0.00235,0.,0.01));
#8533=CARTESIAN_POINT('',(-0.00355,0.,0.0088));
#8534=CARTESIAN_POINT('',(-0.00355,0.,0.00765));
#8535=CARTESIAN_POINT('',(-0.00355,0.,0.0065));
#8536=CARTESIAN_POINT('',(-0.00235,0.,0.0053));
#8537=CARTESIAN_POINT('',(-0.00335,0.,0.0063));
#8538=CARTESIAN_POINT('',(-0.0029,0.,0.0063));
#8539=CARTESIAN_POINT('',(-0.00245,0.,0.0063));
#8540=CARTESIAN_POINT('',(-0.00055,0.,0.0082));
#8541=CARTESIAN_POINT('',(-0.00225,0.004,0.00765));
#8542=CARTESIAN_POINT('',(-0.00225,0.004,0.0065));
#8543=CARTESIAN_POINT('',(-0.00225,0.0038,0.0065));
#8544=CARTESIAN_POINT('',(-0.00225,0.0038,0.00765));
#8545=CARTESIAN_POINT('',(-0.00225,0.0038,0.0088));
#8546=CARTESIAN_POINT('',(-0.00225,0.,0.0088));
#8547=CARTESIAN_POINT('',(-0.0029,0.004,0.009));
#8548=CARTESIAN_POINT('',(-0.00355,0.0038,0.009));
#8549=CARTESIAN_POINT('',(-0.00245,0.0038,0.009));
#8550=CARTESIAN_POINT('',(-0.00335,0.0038,0.009));
#8551=CARTESIAN_POINT('',(-0.00335,0.004,0.009));
#8552=CARTESIAN_POINT('',(-0.00245,0.004,0.009));
#8553=CARTESIAN_POINT('',(-0.00355,0.004,0.00765));
#8554=CARTESIAN_POINT('',(-0.00355,0.004,0.0088));
#8555=CARTESIAN_POINT('',(-0.00355,0.0038,0.0088));
#8556=CARTESIAN_POINT('',(-0.00355,0.0038,0.0063));
#8557=CARTESIAN_POINT('',(-0.00355,0.0038,0.0065));
#8558=CARTESIAN_POINT('',(-0.00355,0.,0.0065));
#8559=CARTESIAN_POINT('',(-0.0029,0.004,0.0063));
#8560=CARTESIAN_POINT('',(-0.00335,0.004,0.0063));
#8561=CARTESIAN_POINT('',(-0.00335,0.0032,0.0063));
#8562=CARTESIAN_POINT('',(0.00355,0.0032,0.0063));
#8563=CARTESIAN_POINT('',(-0.00245,0.0032,0.0063));
#8564=CARTESIAN_POINT('',(-0.00245,0.004,0.0063));
#8565=CARTESIAN_POINT('',(0.,0.004,0.00765));
#8566=CARTESIAN_POINT('',(-0.00335,0.004,0.009));
#8567=CARTESIAN_POINT('',(-0.00335,0.004,0.0065));
#8568=CARTESIAN_POINT('',(-0.00335,0.004,0.0088));
#8569=CARTESIAN_POINT('',(-0.00225,0.004,0.0088));
#8570=CARTESIAN_POINT('',(-0.00245,0.004,0.0088));
#8571=CARTESIAN_POINT('',(-0.00245,0.004,0.00765));
#8572=CARTESIAN_POINT('',(-0.00245,0.004,0.0065));
#8573=CARTESIAN_POINT('',(3.8364076872564E-19,0.004,0.0065));
#8574=CARTESIAN_POINT('',(0.0029,0.004,0.009));
#8575=CARTESIAN_POINT('',(0.00335,0.004,0.009));
#8576=CARTESIAN_POINT('',(0.00335,0.0038,0.009));
#8577=CARTESIAN_POINT('',(0.0029,0.0038,0.009));
#8578=CARTESIAN_POINT('',(0.00245,0.0038,0.009));
#8579=CARTESIAN_POINT('',(0.00245,0.,0.009));
#8580=CARTESIAN_POINT('',(0.00225,0.004,0.00765));
#8581=CARTESIAN_POINT('',(0.00225,0.0038,0.0063));
#8582=CARTESIAN_POINT('',(0.00225,0.0038,0.0088));
#8583=CARTESIAN_POINT('',(0.00225,0.0038,0.0065));
#8584=CARTESIAN_POINT('',(0.00225,0.004,0.0065));
#8585=CARTESIAN_POINT('',(0.00225,0.004,0.0088));
#8586=CARTESIAN_POINT('',(0.00355,0.004,0.00765));
#8587=CARTESIAN_POINT('',(0.00355,0.004,0.0065));
#8588=CARTESIAN_POINT('',(0.00355,0.0038,0.0065));
#8589=CARTESIAN_POINT('',(0.00355,0.0038,0.00765));
#8590=CARTESIAN_POINT('',(0.00355,0.0038,0.0088));
#8591=CARTESIAN_POINT('',(0.00355,0.004,0.0088));
#8592=CARTESIAN_POINT('',(0.,0.004,0.00765));
#8593=CARTESIAN_POINT('',(0.00335,0.004,0.00765));
#8594=CARTESIAN_POINT('',(0.00335,0.004,0.0088));
#8595=CARTESIAN_POINT('',(0.00335,0.004,0.0065));
#8596=CARTESIAN_POINT('',(0.00225,0.004,0.0065));
#8597=CARTESIAN_POINT('',(0.00245,0.004,0.0065));
#8598=CARTESIAN_POINT('',(0.00245,0.004,0.009));
#8599=CARTESIAN_POINT('',(0.00245,0.004,0.0088));
#8600=CARTESIAN_POINT('',(1.9182038436282E-19,0.004,0.0088));
#8601=CARTESIAN_POINT('',(-0.00245,0.004,0.0063));
#8602=CARTESIAN_POINT('',(-0.00245,0.004,0.0063));
#8603=CARTESIAN_POINT('',(-0.00245,0.0038,0.0063));
#8604=CARTESIAN_POINT('',(-0.00245,0.0038,0.0063));
#8605=CARTESIAN_POINT('',(-0.00355,0.004,0.0065));
#8606=CARTESIAN_POINT('',(-0.00355,0.0038,0.0065));
#8607=CARTESIAN_POINT('',(-0.00335,0.0038,0.0063));
#8608=CARTESIAN_POINT('',(-0.00335,0.008,0.0063));
#8609=CARTESIAN_POINT('',(3.8364076872564E-19,0.004,0.0065));
#8610=CARTESIAN_POINT('',(-0.00245,0.0038,0.0063));
#8611=CARTESIAN_POINT('',(-0.0029,0.0038,0.0063));
#8612=CARTESIAN_POINT('',(-0.00335,0.0039,0.0064));
#8613=CARTESIAN_POINT('',(-0.00245,0.0038,0.0063));
#8614=CARTESIAN_POINT('',(-0.00235,0.0039,0.0065));
#8615=CARTESIAN_POINT('',(-0.00355,0.0038,0.0065));
#8616=CARTESIAN_POINT('',(-0.00355,0.0038,0.0065));
#8617=CARTESIAN_POINT('',(-0.00245,0.004,0.00765));
#8618=CARTESIAN_POINT('',(-0.00245,0.004,0.0088));
#8619=CARTESIAN_POINT('',(-0.00225,0.004,0.0088));
#8620=CARTESIAN_POINT('',(-0.00235,0.0038,0.0089));
#8621=CARTESIAN_POINT('',(-0.00335,0.004,0.009));
#8622=CARTESIAN_POINT('',(-0.00335,0.0038,0.009));
#8623=CARTESIAN_POINT('',(-0.00355,0.0038,0.00765));
#8624=CARTESIAN_POINT('',(-0.00345,0.0039,0.0088));
#8625=CARTESIAN_POINT('',(-0.00245,0.004,0.0088));
#8626=CARTESIAN_POINT('',(-0.00245,0.004,0.0088));
#8627=CARTESIAN_POINT('',(-0.00335,0.0038,0.009));
#8628=CARTESIAN_POINT('',(-0.00335,0.0038,0.009));
#8629=CARTESIAN_POINT('',(-0.0029,0.0038,0.009));
#8630=CARTESIAN_POINT('',(0.00245,0.004,0.009));
#8631=CARTESIAN_POINT('',(0.00235,0.0038,0.0089));
#8632=CARTESIAN_POINT('',(0.00225,0.0038,0.00765));
#8633=CARTESIAN_POINT('',(0.00225,0.0038,0.0065));
#8634=CARTESIAN_POINT('',(0.00245,0.004,0.0088));
#8635=CARTESIAN_POINT('',(0.00225,0.004,0.0065));
#8636=CARTESIAN_POINT('',(0.00225,0.0038,0.0065));
#8637=CARTESIAN_POINT('',(0.00245,0.0038,0.0063));
#8638=CARTESIAN_POINT('',(0.00245,0.004,0.0063));
#8639=CARTESIAN_POINT('',(0.00245,0.004,0.0088));
#8640=CARTESIAN_POINT('',(0.00245,0.004,0.0088));
#8641=CARTESIAN_POINT('',(0.00225,0.0038,0.0065));
#8642=CARTESIAN_POINT('',(0.00245,0.0039,0.0064));
#8643=CARTESIAN_POINT('',(0.00355,0.004,0.0088));
#8644=CARTESIAN_POINT('',(0.00355,0.0038,0.0088));
#8645=CARTESIAN_POINT('',(1.9182038436282E-19,0.004,0.0088));
#8646=CARTESIAN_POINT('',(0.00335,0.0039,0.0089));
#8647=CARTESIAN_POINT('',(0.0029,0.0038,0.0063));
#8648=CARTESIAN_POINT('',(0.00335,0.004,0.0065));
#8649=CARTESIAN_POINT('',(0.00335,0.0038,0.0063));
#8650=CARTESIAN_POINT('',(0.00355,0.0038,0.0063));
#8651=CARTESIAN_POINT('',(0.00335,0.004,0.0063));
#8652=CARTESIAN_POINT('',(0.00335,0.,0.0063));
#8653=CARTESIAN_POINT('',(0.00345,0.0038,0.0064));
#8654=CARTESIAN_POINT('',(0.00355,0.0038,0.0088));
#8655=CARTESIAN_POINT('',(0.00355,0.0038,0.0088));
#8656=CARTESIAN_POINT('',(0.00335,0.004,0.0065));
#8657=CARTESIAN_POINT('',(0.00335,0.004,0.0065));
#8658=CARTESIAN_POINT('',(0.00335,0.004,0.00765));
#8659=CARTESIAN_POINT('',(-0.00615,-0.01,0.003));
#8660=CARTESIAN_POINT('',(-0.00615,-0.01,-8.67361737988404E-19));
#8661=CARTESIAN_POINT('',(-0.00615,-0.00465401672361227,-8.67361737988404E-19));
#8662=CARTESIAN_POINT('',(-0.00615,0.001,0.));
#8663=CARTESIAN_POINT('',(-0.00615,-0.00465401672361227,-8.67361737988404E-19));
#8664=CARTESIAN_POINT('',(-0.00694265667461467,-0.00469070346234363,-8.67361737988404E-19));
#8665=CARTESIAN_POINT('',(-0.00850083959254276,-0.00469197338777913,0.000656257363856648));
#8666=CARTESIAN_POINT('',(-0.00915,-0.00455169445589447,0.00221126805570882));
#8667=CARTESIAN_POINT('',(-0.00915,-0.00446564376817348,0.003));
#8668=CARTESIAN_POINT('',(-0.00915,-0.00446564376817348,0.003));
#8669=CARTESIAN_POINT('',(-0.00915,-0.01,0.003));
#8670=CARTESIAN_POINT('',(-0.00615,0.001,0.003));
#8671=CARTESIAN_POINT('',(8.67361737988404E-19,-0.01,0.));
#8672=CARTESIAN_POINT('',(0.0052,0.002,0.));
#8673=CARTESIAN_POINT('',(0.0052,0.003,0.));
#8674=CARTESIAN_POINT('',(-0.004375,0.003,0.));
#8675=CARTESIAN_POINT('',(-0.0052,0.003,0.));
#8676=CARTESIAN_POINT('',(-0.0052,0.002,0.));
#8677=CARTESIAN_POINT('',(0.00615,-0.01,8.67361737988404E-19));
#8678=CARTESIAN_POINT('',(0.00615,-0.00465401672361225,8.67361737988404E-19));
#8679=CARTESIAN_POINT('',(0.00615,0.001,0.));
#8680=CARTESIAN_POINT('',(0.00615,-0.00465401672361225,8.67361737988404E-19));
#8681=CARTESIAN_POINT('',(0.00410955328483877,-0.0043707011170007,5.79588500730685E-19));
#8682=CARTESIAN_POINT('',(-1.03145687726722E-6,-0.00398216699900168,-2.60207355958624E-18));
#8683=CARTESIAN_POINT('',(-0.00410971855482361,-0.00437072406470411,-5.79611809488618E-19));
#8684=CARTESIAN_POINT('',(-0.00615,-0.00465401672361227,-8.67361737988404E-19));
#8685=CARTESIAN_POINT('',(-0.0057,0.001,0.));
#8686=CARTESIAN_POINT('',(-0.0062,0.001,0.));
#8687=CARTESIAN_POINT('',(-0.0062,0.0045,0.));
#8688=CARTESIAN_POINT('',(-0.0062,0.007,0.));
#8689=CARTESIAN_POINT('',(-0.0052,0.007,0.));
#8690=CARTESIAN_POINT('',(-0.0052,0.008,0.));
#8691=CARTESIAN_POINT('',(0.0031,0.008,0.));
#8692=CARTESIAN_POINT('',(0.0052,0.008,0.));
#8693=CARTESIAN_POINT('',(0.0052,0.007,0.));
#8694=CARTESIAN_POINT('',(0.0062,0.007,0.));
#8695=CARTESIAN_POINT('',(0.0062,0.0045,0.));
#8696=CARTESIAN_POINT('',(0.0062,0.001,0.));
#8697=CARTESIAN_POINT('',(0.0057,0.001,0.));
#8698=CARTESIAN_POINT('',(-0.004375,0.004,0.));
#8699=CARTESIAN_POINT('',(0.0052,0.004,0.));
#8700=CARTESIAN_POINT('',(-0.0052,0.004,0.));
#8701=CARTESIAN_POINT('',(0.0052,0.0055,0.));
#8702=CARTESIAN_POINT('',(0.0052,0.007,0.));
#8703=CARTESIAN_POINT('',(0.0026,0.007,0.));
#8704=CARTESIAN_POINT('',(-0.0052,0.007,0.));
#8705=CARTESIAN_POINT('',(-0.0052,0.0055,0.));
#8706=CARTESIAN_POINT('',(0.00615,-0.01,0.003));
#8707=CARTESIAN_POINT('',(0.00915,-0.01,0.003));
#8708=CARTESIAN_POINT('',(0.00915,-0.00446564376817347,0.003));
#8709=CARTESIAN_POINT('',(0.00915,-0.00446564376817347,0.003));
#8710=CARTESIAN_POINT('',(0.00915,-0.00455173989103448,0.00221085160178757));
#8711=CARTESIAN_POINT('',(0.0085037441088509,-0.00469174257284017,0.000659606044708036));
#8712=CARTESIAN_POINT('',(0.00694311052150081,-0.0046907244678592,0.));
#8713=CARTESIAN_POINT('',(0.00615,-0.00465401672361225,0.));
#8714=CARTESIAN_POINT('',(0.00615,0.001,0.003));
#8715=CARTESIAN_POINT('',(0.00915,-0.01,0.00765));
#8716=CARTESIAN_POINT('',(0.00915,-0.01,0.0123));
#8717=CARTESIAN_POINT('',(0.00915,-0.00212061486079833,0.0123));
#8718=CARTESIAN_POINT('',(0.00915,-0.00212061486079834,0.0123));
#8719=CARTESIAN_POINT('',(0.00915,-0.0024123919922672,0.0107265068783281));
#8720=CARTESIAN_POINT('',(0.00915000000000001,-0.00305475081978495,0.00758930825871325));
#8721=CARTESIAN_POINT('',(0.00915,-0.00396784923004672,0.00452091154764999));
#8722=CARTESIAN_POINT('',(0.00915,-0.00446564376817347,0.003));
#8723=CARTESIAN_POINT('',(0.00615,-0.01,0.0123));
#8724=CARTESIAN_POINT('',(0.00615,-0.01,0.0153));
#8725=CARTESIAN_POINT('',(0.00615,-0.00179042490205171,0.0153));
#8726=CARTESIAN_POINT('',(0.00615,-0.00179042490205171,0.0153));
#8727=CARTESIAN_POINT('',(0.0069435674845093,-0.00182798422101435,0.0153));
#8728=CARTESIAN_POINT('',(0.00849554590058433,-0.0019441192231666,0.0146464941198818));
#8729=CARTESIAN_POINT('',(0.00915,-0.00207160405107345,0.0130929151774313));
#8730=CARTESIAN_POINT('',(0.00915,-0.00212061486079833,0.0123));
#8731=CARTESIAN_POINT('',(0.,-0.01,0.0153));
#8732=CARTESIAN_POINT('',(-0.00615,-0.01,0.0153));
#8733=CARTESIAN_POINT('',(-0.00615,-0.00179042490205173,0.0153));
#8734=CARTESIAN_POINT('',(-0.00615,-0.00179042490205173,0.0153));
#8735=CARTESIAN_POINT('',(-0.00411010213122248,-0.00150078157794801,0.0153));
#8736=CARTESIAN_POINT('',(9.1636481924914E-7,-0.00113694642094942,0.0153));
#8737=CARTESIAN_POINT('',(0.00411020587349714,-0.00150079630822335,0.0153));
#8738=CARTESIAN_POINT('',(0.00615,-0.00179042490205171,0.0153));
#8739=CARTESIAN_POINT('',(-0.00615,-0.01,0.0123));
#8740=CARTESIAN_POINT('',(-0.00915,-0.01,0.0123));
#8741=CARTESIAN_POINT('',(-0.00915,-0.00212061486079836,0.0123));
#8742=CARTESIAN_POINT('',(-0.00915,-0.00212061486079836,0.0123));
#8743=CARTESIAN_POINT('',(-0.00915,-0.00207159531287872,0.0130930565472083));
#8744=CARTESIAN_POINT('',(-0.00849777171477896,-0.00194437341790353,0.0146441342126264));
#8745=CARTESIAN_POINT('',(-0.00694369250258041,-0.00182799013808343,0.0153));
#8746=CARTESIAN_POINT('',(-0.00615,-0.00179042490205172,0.0153));
#8747=CARTESIAN_POINT('',(-0.00915,-0.01,0.00765));
#8748=CARTESIAN_POINT('',(-0.00915,-0.00446564376817348,0.003));
#8749=CARTESIAN_POINT('',(-0.00915,-0.003967848178354,0.00452091476088656));
#8750=CARTESIAN_POINT('',(-0.00914999999999999,-0.00305473254861732,0.00758938117512942));
#8751=CARTESIAN_POINT('',(-0.00915,-0.00241239087941038,0.0107265128797327));
#8752=CARTESIAN_POINT('',(-0.00915,-0.00212061486079837,0.0123));
#8753=CARTESIAN_POINT('',(-8.39154852200163E-19,0.,0.0136));
#8754=CARTESIAN_POINT('',(0.00615,0.,0.0136));
#8755=CARTESIAN_POINT('',(-0.00615,0.001,0.0146));
#8756=CARTESIAN_POINT('',(-0.00615,0.001,0.0123));
#8757=CARTESIAN_POINT('',(-0.00845,0.001,0.0123));
#8758=CARTESIAN_POINT('',(0.00615,0.001,0.0123));
#8759=CARTESIAN_POINT('',(0.00745,0.,0.0123));
#8760=CARTESIAN_POINT('',(-0.00845,0.001,0.00765));
#8761=CARTESIAN_POINT('',(-0.00845,0.001,0.003));
#8762=CARTESIAN_POINT('',(0.00745,0.,0.00765));
#8763=CARTESIAN_POINT('',(0.00745,0.,0.003));
#8764=CARTESIAN_POINT('',(-0.00615,0.001,0.003));
#8765=CARTESIAN_POINT('',(-0.00615,0.001,0.0007));
#8766=CARTESIAN_POINT('',(0.00615,0.001,0.003));
#8767=CARTESIAN_POINT('',(0.00615,0.,0.0017));
#8768=CARTESIAN_POINT('',(8.67361737988404E-19,0.001,0.0007));
#8769=CARTESIAN_POINT('',(0.00695310944986358,-0.00669811623379389,0.0026022077634268));
#8770=CARTESIAN_POINT('',(0.00695562208364171,-0.00614181955024322,0.00424349429489863));
#8771=CARTESIAN_POINT('',(0.0069597458562985,-0.00498274800325766,0.0079396581736394));
#8772=CARTESIAN_POINT('',(0.00695324633231081,-0.00423701659861475,0.0117440802787596));
#8773=CARTESIAN_POINT('',(0.00694927803140066,-0.00386369164400405,0.013858841815847));
#8774=CARTESIAN_POINT('',(0.00616660389249796,-0.00658944377269903,0.00257291881062127));
#8775=CARTESIAN_POINT('',(0.00616870730800251,-0.00603603281605076,0.00421522336543689));
#8776=CARTESIAN_POINT('',(0.00617207909373413,-0.00487442308656272,0.00791126930968326));
#8777=CARTESIAN_POINT('',(0.00616668887100625,-0.00412639536691921,0.0117156519266919));
#8778=CARTESIAN_POINT('',(0.00616329665003301,-0.00374602157616744,0.0138288729489703));
#8779=CARTESIAN_POINT('',(0.00384901413273583,-0.00629074650101736,0.00249237197093411));
#8780=CARTESIAN_POINT('',(0.00385002988633479,-0.00574004497883155,0.0041361225797845));
#8781=CARTESIAN_POINT('',(0.00385152540654883,-0.00457092997189894,0.00783175968481317));
#8782=CARTESIAN_POINT('',(0.00384895526516901,-0.00381738248515599,0.0116362302030371));
#8783=CARTESIAN_POINT('',(0.00384717299224656,-0.00342694768789556,0.013747683621261));
#8784=CARTESIAN_POINT('',(-8.64351699604438E-18,-0.0060365763098209,0.00242336706278457));
#8785=CARTESIAN_POINT('',(-8.66040570429984E-18,-0.00544583018415516,0.00405762126500899));
#8786=CARTESIAN_POINT('',(1.17896496979611E-17,-0.00415063715576822,0.00772177404715137));
#8787=CARTESIAN_POINT('',(-2.96707173123796E-17,-0.00353140456765526,0.0115626408381935));
#8788=CARTESIAN_POINT('',(-2.01910553723076E-17,-0.00317889713598869,0.0136854064614712));
#8789=CARTESIAN_POINT('',(-0.00384901416023197,-0.00629074650283309,0.0024923719714271));
#8790=CARTESIAN_POINT('',(-0.00385002991383818,-0.00574004498093334,0.00413612258034532));
#8791=CARTESIAN_POINT('',(-0.0038515254340629,-0.00457092997490134,0.00783175968559892));
#8792=CARTESIAN_POINT('',(-0.00384895529266473,-0.00381738248719893,0.0116362302035628));
#8793=CARTESIAN_POINT('',(-0.00384717301972954,-0.00342694768966756,0.0137476836217059));
#8794=CARTESIAN_POINT('',(-0.00616660394748503,-0.00658944377978593,0.00257291881253235));
#8795=CARTESIAN_POINT('',(-0.00616870736301539,-0.00603603282307336,0.00421522336731366));
#8796=CARTESIAN_POINT('',(-0.00617207914879152,-0.00487442309376338,0.00791126931156973));
#8797=CARTESIAN_POINT('',(-0.00616668892599658,-0.00412639537425085,0.0117156519285762));
#8798=CARTESIAN_POINT('',(-0.0061632967049852,-0.00374602158373779,0.0138288729508966));
#8799=CARTESIAN_POINT('',(-0.00695310953234153,-0.00669811624518998,0.00260220776649825));
#8800=CARTESIAN_POINT('',(-0.00695562216616259,-0.00614181956133669,0.00424349429786332));
#8801=CARTESIAN_POINT('',(-0.00695974593889826,-0.00498274801461729,0.00793965817661645));
#8802=CARTESIAN_POINT('',(-0.00695324641479397,-0.0042370166102152,0.0117440802817408));
#8803=CARTESIAN_POINT('',(-0.00694927811382351,-0.00386369165634368,0.0138588418189897));
#8804=CARTESIAN_POINT('',(0.00687176973009957,-0.00634793986406904,0.00361607574557632));
#8805=CARTESIAN_POINT('',(0.00687479491588695,-0.00586420634193079,0.00509539289931395));
#8806=CARTESIAN_POINT('',(0.00686913119035279,-0.00497490610355046,0.00807930352468449));
#8807=CARTESIAN_POINT('',(0.0068642680934074,-0.00435070795555854,0.0111306038754867));
#8808=CARTESIAN_POINT('',(0.0068555987515573,-0.00406567014657374,0.0126606769194065));
#8809=CARTESIAN_POINT('',(0.00687176973009958,-0.00634793986406904,0.00361607574557632));
#8810=CARTESIAN_POINT('',(0.00685559875155732,-0.00406567014657374,0.0126606769194065));
#8811=CARTESIAN_POINT('',(0.00685559875155731,-0.00406567014657374,0.0126606769194065));
#8812=CARTESIAN_POINT('',(0.00685263831915655,-0.00396833459564575,0.0131831707710833));
#8813=CARTESIAN_POINT('',(0.00639975720919962,-0.00381476785111527,0.0136500501423226));
#8814=CARTESIAN_POINT('',(0.00587324203741463,-0.00373957384167293,0.0136524534597916));
#8815=CARTESIAN_POINT('',(0.00587324203741463,-0.00373957384167293,0.0136524534597916));
#8816=CARTESIAN_POINT('',(0.00587324203741463,-0.00373957384167293,0.0136524534597916));
#8817=CARTESIAN_POINT('',(0.00392533808438426,-0.00346138488134276,0.0136613448115492));
#8818=CARTESIAN_POINT('',(8.54065277556583E-7,-0.00311741588932118,0.0136228000410023));
#8819=CARTESIAN_POINT('',(-0.00392524746183223,-0.00346137193912685,0.0136613452252026));
#8820=CARTESIAN_POINT('',(-0.00587324203741463,-0.00373957384167295,0.0136524534597916));
#8821=CARTESIAN_POINT('',(-0.00587324203741463,-0.00373957384167295,0.0136524534597916));
#8822=CARTESIAN_POINT('',(-0.00587324203741463,-0.00373957384167295,0.0136524534597916));
#8823=CARTESIAN_POINT('',(-0.00639972374908972,-0.00381476307252589,0.0136500502950538));
#8824=CARTESIAN_POINT('',(-0.00685263751533513,-0.00396830816693777,0.0131833126394686));
#8825=CARTESIAN_POINT('',(-0.00685559875155729,-0.00406567014657378,0.0126606769194064));
#8826=CARTESIAN_POINT('',(-0.00685559875155729,-0.00406567014657378,0.0126606769194064));
#8827=CARTESIAN_POINT('',(-0.00685559875155729,-0.00406567014657378,0.0126606769194064));
#8828=CARTESIAN_POINT('',(-0.0068642680592438,-0.00435070683229967,0.0111306099051013));
#8829=CARTESIAN_POINT('',(-0.00686913108820326,-0.00497488836571492,0.00807937432241171));
#8830=CARTESIAN_POINT('',(-0.00687479492273653,-0.00586420524666847,0.00509539624876209));
#8831=CARTESIAN_POINT('',(-0.00687176973009958,-0.00634793986406905,0.00361607574557633));
#8832=CARTESIAN_POINT('',(-0.00687176973009958,-0.00634793986406905,0.00361607574557633));
#8833=CARTESIAN_POINT('',(-0.00687176973009958,-0.00634793986406905,0.00361607574557633));
#8834=CARTESIAN_POINT('',(-0.00687125766135932,-0.00642982072452295,0.00336567391091161));
#8835=CARTESIAN_POINT('',(-0.00666830064945099,-0.00656774280800592,0.00286011480332268));
#8836=CARTESIAN_POINT('',(-0.00615030847911859,-0.00656947329361802,0.00263291733774095));
#8837=CARTESIAN_POINT('',(-0.00588906563226055,-0.00653327314684432,0.00263269941636885));
#8838=CARTESIAN_POINT('',(-0.00588906563226055,-0.00653327314684432,0.00263269941636885));
#8839=CARTESIAN_POINT('',(-0.00588906563226055,-0.00653327314684432,0.00263269941636885));
#8840=CARTESIAN_POINT('',(-0.0039352113621204,-0.00626252961375182,0.00263106956656221));
#8841=CARTESIAN_POINT('',(-1.1106929311412E-6,-0.00586608965829977,0.00268949945353665));
#8842=CARTESIAN_POINT('',(0.00393499647489281,-0.00626249983705447,0.00263106938730938));
#8843=CARTESIAN_POINT('',(0.00588906563226054,-0.0065332731468443,0.00263269941636885));
#8844=CARTESIAN_POINT('',(0.00588906563226054,-0.0065332731468443,0.00263269941636884));
#8845=CARTESIAN_POINT('',(0.00588906563226054,-0.0065332731468443,0.00263269941636884));
#8846=CARTESIAN_POINT('',(0.00615047727863408,-0.00656949668398949,0.00263291747854871));
#8847=CARTESIAN_POINT('',(0.00666934658308849,-0.00656749554898794,0.00286131417087221));
#8848=CARTESIAN_POINT('',(0.0068712574846566,-0.00642984897965514,0.00336558750321017));
#8849=CARTESIAN_POINT('',(0.00687176973009957,-0.00634793986406904,0.00361607574557633));
#8850=CARTESIAN_POINT('',(-0.00588906563226055,-0.00653327314684432,0.00263269941636885));
#8851=CARTESIAN_POINT('',(-0.0057683218659258,-0.00740287304054779,4.33680868994202E-19));
#8852=CARTESIAN_POINT('',(-0.00615,-0.00465401672361227,0.));
#8853=CARTESIAN_POINT('',(-0.00601886183053429,-0.00655125886397805,0.00263280770551815));
#8854=CARTESIAN_POINT('',(-0.00628263189182016,-0.00749177095851918,-5.14303978308801E-5));
#8855=CARTESIAN_POINT('',(-0.00654909708899436,-0.00467248823465758,0.));
#8856=CARTESIAN_POINT('',(-0.00627771689000771,-0.00657008594619843,0.00268571938185377));
#8857=CARTESIAN_POINT('',(-0.00735961287323935,-0.0075930748367181,0.000104777164709819));
#8858=CARTESIAN_POINT('',(-0.00734341978375988,-0.00469201231899733,0.000160004996680545));
#8859=CARTESIAN_POINT('',(-0.00660849804917092,-0.00654219297858153,0.00291201157717636));
#8860=CARTESIAN_POINT('',(-0.00866222959408039,-0.0074515052439525,0.00109498827271372));
#8861=CARTESIAN_POINT('',(-0.00835319668623128,-0.00466395294693921,0.000847930523699807));
#8862=CARTESIAN_POINT('',(-0.00682284941351078,-0.00646383781407553,0.00324171502747014));
#8863=CARTESIAN_POINT('',(-0.00926963142323983,-0.00708970087683118,0.00244401020456698));
#8864=CARTESIAN_POINT('',(-0.00900379513546073,-0.00458410276705033,0.00185381550860942));
#8865=CARTESIAN_POINT('',(-0.0068715144139343,-0.00638876364873993,0.00349123153974042));
#8866=CARTESIAN_POINT('',(-0.00924339313096919,-0.00679617186775014,0.00331864330439806));
#8867=CARTESIAN_POINT('',(-0.00915,-0.00450738030539596,0.00261744708828772));
#8868=CARTESIAN_POINT('',(-0.00687176973009958,-0.00634793986406905,0.00361607574557634));
#8869=CARTESIAN_POINT('',(-0.00915,-0.00665211047506199,0.00371563082426906));
#8870=CARTESIAN_POINT('',(-0.00915,-0.00446564376817348,0.003));
#8871=CARTESIAN_POINT('',(-0.00615,-0.00465401672361226,0.002));
#8872=CARTESIAN_POINT('',(-0.00715,-0.00446564376817348,0.003));
#8873=CARTESIAN_POINT('',(-0.00687176973009959,-0.00634793986406905,0.00361607574557634));
#8874=CARTESIAN_POINT('',(-0.00915,-0.00665211047506198,0.00371563082426905));
#8875=CARTESIAN_POINT('',(-0.00915,-0.00446564376817348,0.003));
#8876=CARTESIAN_POINT('',(-0.00687481477509496,-0.00586103075424999,0.00510510424044291));
#8877=CARTESIAN_POINT('',(-0.00914999999999458,-0.00616352572763405,0.0051969311283929));
#8878=CARTESIAN_POINT('',(-0.00915,-0.0039678481774066,0.00452091476061507));
#8879=CARTESIAN_POINT('',(-0.00686910098952387,-0.00497980390054627,0.00806347724735496));
#8880=CARTESIAN_POINT('',(-0.00914999999999579,-0.00529328409057232,0.00814446240738072));
#8881=CARTESIAN_POINT('',(-0.00914999999999997,-0.00305473254962872,0.00758938117523522));
#8882=CARTESIAN_POINT('',(-0.0068643698197775,-0.00435405260817481,0.0111126498963671));
#8883=CARTESIAN_POINT('',(-0.00915000000001381,-0.00467676337533211,0.0111810900550484));
#8884=CARTESIAN_POINT('',(-0.00915,-0.00241239087833498,0.0107265128797925));
#8885=CARTESIAN_POINT('',(-0.00685559875155728,-0.00406567014657377,0.0126606769194064));
#8886=CARTESIAN_POINT('',(-0.00915,-0.00440140368525018,0.0127229329073759));
#8887=CARTESIAN_POINT('',(-0.00915,-0.00212061486079837,0.0122999999999999));
#8888=CARTESIAN_POINT('',(-0.00715,-0.00212061486079837,0.0123));
#8889=CARTESIAN_POINT('',(0.00588906563226054,-0.00653327314684431,0.00263269941636884));
#8890=CARTESIAN_POINT('',(0.00576832186592579,-0.00740287304054775,0.));
#8891=CARTESIAN_POINT('',(0.00615,-0.00465401672361225,0.));
#8892=CARTESIAN_POINT('',(0.00389825511936589,-0.00625740862584634,0.00263103873924982));
#8893=CARTESIAN_POINT('',(0.003802137421309,-0.00712728509420088,1.78570039090553E-14));
#8894=CARTESIAN_POINT('',(0.00410955328487594,-0.00437070111418717,-2.87773237252712E-19));
#8895=CARTESIAN_POINT('',(-9.69781176207458E-7,-0.00587118458251927,0.00268953012451382));
#8896=CARTESIAN_POINT('',(-9.48971653188622E-7,-0.00685928044268343,-1.11810610669405E-14));
#8897=CARTESIAN_POINT('',(-1.03145689270582E-6,-0.00398216700181634,-3.46943529757688E-18));
#8898=CARTESIAN_POINT('',(-0.0038984163689308,-0.00625743097003519,0.00263103887374166));
#8899=CARTESIAN_POINT('',(-0.00380229657959635,-0.00712730740241707,4.0179353859392E-15));
#8900=CARTESIAN_POINT('',(-0.00410971855482992,-0.00437072406188831,2.87749928499248E-19));
#8901=CARTESIAN_POINT('',(-0.00588906563226055,-0.00653327314684432,0.00263269941636885));
#8902=CARTESIAN_POINT('',(-0.0057683218659258,-0.00740287304054779,4.33680868994202E-19));
#8903=CARTESIAN_POINT('',(-0.00615,-0.00465401672361227,0.));
#8904=CARTESIAN_POINT('',(0.00615,-0.00465401672361225,0.002));
#8905=CARTESIAN_POINT('',(-0.0068555987515573,-0.00406567014657376,0.0126606769194065));
#8906=CARTESIAN_POINT('',(-0.00915,-0.00440140368525014,0.012722932907376));
#8907=CARTESIAN_POINT('',(-0.00915,-0.00212061486079835,0.0123));
#8908=CARTESIAN_POINT('',(-0.00685411884398018,-0.00401701414652157,0.0129218605948214));
#8909=CARTESIAN_POINT('',(-0.00904073938353523,-0.00423147809559063,0.0135594862254552));
#8910=CARTESIAN_POINT('',(-0.00915,-0.00207138629981314,0.0130964379370196));
#8911=CARTESIAN_POINT('',(-0.00663745687314083,-0.00389167391551944,0.013429239065162));
#8912=CARTESIAN_POINT('',(-0.0081519225983055,-0.00384531828119011,0.0149525323151185));
#8913=CARTESIAN_POINT('',(-0.00849960344325561,-0.00194494536706028,0.0146364103558412));
#8914=CARTESIAN_POINT('',(-0.00613294878884173,-0.00377666374161496,0.0136512679763287));
#8915=CARTESIAN_POINT('',(-0.00663413472193708,-0.00353918704682063,0.0153639283485193));
#8916=CARTESIAN_POINT('',(-0.00695206701458073,-0.00182838650857081,0.0152999999999999));
#8917=CARTESIAN_POINT('',(-0.0058732420374147,-0.00373957384167296,0.0136524534597916));
#8918=CARTESIAN_POINT('',(-0.00591470696035821,-0.00344754498789941,0.0153));
#8919=CARTESIAN_POINT('',(-0.00615000000000027,-0.00179042490205174,0.0153));
#8920=CARTESIAN_POINT('',(-0.00615,-0.00179042490205172,0.0133));
#8921=CARTESIAN_POINT('',(0.00687176973009957,-0.00634793986406904,0.00361607574557632));
#8922=CARTESIAN_POINT('',(0.00915,-0.00665211047506198,0.00371563082426904));
#8923=CARTESIAN_POINT('',(0.00915,-0.00446564376817347,0.003));
#8924=CARTESIAN_POINT('',(0.00687151433004331,-0.00638877668555168,0.00349119167048557));
#8925=CARTESIAN_POINT('',(0.00924342364692298,-0.00679621895132339,0.00331851355388367));
#8926=CARTESIAN_POINT('',(0.00915,-0.00450739363371377,0.00261732491929426));
#8927=CARTESIAN_POINT('',(0.00682309850858425,-0.00646360990519653,0.00324251521688474));
#8928=CARTESIAN_POINT('',(0.00926991261698486,-0.00708875535717725,0.0024469802540761));
#8929=CARTESIAN_POINT('',(0.00900454779609564,-0.00458386996938338,0.00185626277678619));
#8930=CARTESIAN_POINT('',(0.00660896555743672,-0.00654207827145746,0.00291256010734569));
#8931=CARTESIAN_POINT('',(0.00866380483940806,-0.00745092034581337,0.00109742810850213));
#8932=CARTESIAN_POINT('',(0.00835461651404703,-0.0046638363487175,0.000849600715740658));
#8933=CARTESIAN_POINT('',(0.00627896676971457,-0.00657011409868335,0.00268616708801137));
#8934=CARTESIAN_POINT('',(0.00736483502071359,-0.00759324162964444,0.000106524784731274));
#8935=CARTESIAN_POINT('',(0.00734724873782127,-0.00469204261404979,0.000161362774867424));
#8936=CARTESIAN_POINT('',(0.00601895472396815,-0.00655127173857883,0.00263280777571449));
#8937=CARTESIAN_POINT('',(0.00628300472481387,-0.00749183541382398,-5.14677164958075E-5));
#8938=CARTESIAN_POINT('',(0.00654938271778209,-0.00467250145688907,0.));
#8939=CARTESIAN_POINT('',(0.00588906563226054,-0.00653327314684431,0.00263269941636884));
#8940=CARTESIAN_POINT('',(0.00576832186592579,-0.00740287304054775,0.));
#8941=CARTESIAN_POINT('',(0.00615,-0.00465401672361225,0.));
#8942=CARTESIAN_POINT('',(0.00715,-0.00446564376817347,0.003));
#8943=CARTESIAN_POINT('',(-0.00587324203741462,-0.00373957384167295,0.0136524534597916));
#8944=CARTESIAN_POINT('',(-0.00591470696035798,-0.00344754498789938,0.0153));
#8945=CARTESIAN_POINT('',(-0.00615,-0.00179042490205172,0.0153));
#8946=CARTESIAN_POINT('',(-0.00389170468520159,-0.00345658154356993,0.0136614983344966));
#8947=CARTESIAN_POINT('',(-0.00392914759213315,-0.0031577419236479,0.015300000000286));
#8948=CARTESIAN_POINT('',(-0.0041101021311962,-0.00150078157476085,0.0153));
#8949=CARTESIAN_POINT('',(8.64733480440824E-7,-0.00312220556018809,0.0136226469548553));
#8950=CARTESIAN_POINT('',(8.76097085517903E-7,-0.00284413327488968,0.01529999999967));
#8951=CARTESIAN_POINT('',(9.16364833713264E-7,-0.00113694642414518,0.0152999999999999));
#8952=CARTESIAN_POINT('',(0.00389180545944669,-0.00345659593557705,0.0136614978746042));
#8953=CARTESIAN_POINT('',(0.00392924837718832,-0.00315775663374938,0.0153000000003684));
#8954=CARTESIAN_POINT('',(0.00411020587344209,-0.00150079630501899,0.0153));
#8955=CARTESIAN_POINT('',(0.00587324203741473,-0.00373957384167295,0.0136524534597916));
#8956=CARTESIAN_POINT('',(0.00591470696035808,-0.0034475449878994,0.0153));
#8957=CARTESIAN_POINT('',(0.0061500000000001,-0.00179042490205172,0.0153));
#8958=CARTESIAN_POINT('',(0.00615,-0.00179042490205171,0.0133));
#8959=CARTESIAN_POINT('',(0.00685559875155732,-0.00406567014657373,0.0126606769194065));
#8960=CARTESIAN_POINT('',(0.00915,-0.0044014036852501,0.012722932907376));
#8961=CARTESIAN_POINT('',(0.00915,-0.00212061486079833,0.0123));
#8962=CARTESIAN_POINT('',(0.00686436985318143,-0.00435405370812602,0.0111126439918256));
#8963=CARTESIAN_POINT('',(0.00914999999999181,-0.0046767644229609,0.0111810841891904));
#8964=CARTESIAN_POINT('',(0.00915,-0.00241239199124134,0.0107265068781136));
#8965=CARTESIAN_POINT('',(0.00686910109076814,-0.0049798215401946,0.00806340691753817));
#8966=CARTESIAN_POINT('',(0.00915000000000206,-0.00529330150705863,0.00814439242340162));
#8967=CARTESIAN_POINT('',(0.00914999999999998,-0.00305475082077279,0.00758930825895418));
#8968=CARTESIAN_POINT('',(0.00687481476872577,-0.00586103178294746,0.00510510109458728));
#8969=CARTESIAN_POINT('',(0.009150000000004,-0.00616352675889541,0.00519692800158115));
#8970=CARTESIAN_POINT('',(0.00915,-0.00396784922909689,0.00452091154738265));
#8971=CARTESIAN_POINT('',(0.00687176973009956,-0.00634793986406904,0.00361607574557632));
#8972=CARTESIAN_POINT('',(0.00915,-0.006652110475062,0.00371563082426905));
#8973=CARTESIAN_POINT('',(0.00915,-0.00446564376817346,0.003));
#8974=CARTESIAN_POINT('',(0.00715,-0.00212061486079833,0.0123));
#8975=CARTESIAN_POINT('',(0.00587324203741463,-0.00373957384167293,0.0136524534597916));
#8976=CARTESIAN_POINT('',(0.00591470696035798,-0.00344754498789938,0.0153));
#8977=CARTESIAN_POINT('',(0.00615,-0.00179042490205171,0.0153));
#8978=CARTESIAN_POINT('',(0.00613293579004215,-0.00377666188881329,0.0136512680156675));
#8979=CARTESIAN_POINT('',(0.00663409813002701,-0.00353918239546269,0.0153639250494062));
#8980=CARTESIAN_POINT('',(0.00695202686872593,-0.00182838461241115,0.0153));
#8981=CARTESIAN_POINT('',(0.00663670388974129,-0.00389141599203505,0.0134300375818825));
#8982=CARTESIAN_POINT('',(0.00814937338507225,-0.00384458347501054,0.0149544457073983));
#8983=CARTESIAN_POINT('',(0.00849731016411789,-0.00194468467392709,0.014638823170035));
#8984=CARTESIAN_POINT('',(0.0068541192033983,-0.00401702538831263,0.0129218002635643));
#8985=CARTESIAN_POINT('',(0.00904076400502172,-0.00423151629923027,0.0135592981909967));
#8986=CARTESIAN_POINT('',(0.00915,-0.00207139767372513,0.0130962539667759));
#8987=CARTESIAN_POINT('',(0.00685559875155731,-0.00406567014657378,0.0126606769194064));
#8988=CARTESIAN_POINT('',(0.00915,-0.00440140368525015,0.0127229329073758));
#8989=CARTESIAN_POINT('',(0.00915,-0.00212061486079835,0.0123));
#8990=CARTESIAN_POINT('',(-0.0057,0.001,0.0004));
#8991=CARTESIAN_POINT('',(-0.0062,0.001,0.0004));
#8992=CARTESIAN_POINT('',(0.0052,0.002,0.0004));
#8993=CARTESIAN_POINT('',(0.0052,0.002,0.0004));
#8994=CARTESIAN_POINT('',(0.0052,0.003,0.0004));
#8995=CARTESIAN_POINT('',(0.0052,0.003,0.0004));
#8996=CARTESIAN_POINT('',(0.0057,0.001,0.0004));
#8997=CARTESIAN_POINT('',(0.0062,0.001,0.0004));
#8998=CARTESIAN_POINT('',(0.0062,0.0045,0.0004));
#8999=CARTESIAN_POINT('',(0.0062,0.007,0.0004));
#9000=CARTESIAN_POINT('',(0.0062,0.007,0.0004));
#9001=CARTESIAN_POINT('',(0.0062,0.0045,0.0004));
#9002=CARTESIAN_POINT('',(0.0031,0.008,0.0004));
#9003=CARTESIAN_POINT('',(0.0031,0.008,0.0004));
#9004=CARTESIAN_POINT('',(-0.0052,0.008,0.0004));
#9005=CARTESIAN_POINT('',(0.0052,0.008,0.0004));
#9006=CARTESIAN_POINT('',(0.0052,0.008,0.0004));
#9007=CARTESIAN_POINT('',(-0.0052,0.008,0.0004));
#9008=CARTESIAN_POINT('',(-0.0062,0.0045,0.0004));
#9009=CARTESIAN_POINT('',(-0.0062,0.0045,0.0004));
#9010=CARTESIAN_POINT('',(-0.0062,0.007,0.0004));
#9011=CARTESIAN_POINT('',(-0.0062,0.007,0.));
#9012=CARTESIAN_POINT('',(-0.0052,0.002,0.0004));
#9013=CARTESIAN_POINT('',(-0.0052,0.003,0.0004));
#9014=CARTESIAN_POINT('',(-0.0052,0.003,0.0004));
#9015=CARTESIAN_POINT('',(-0.0052,0.002,0.0004));
#9016=CARTESIAN_POINT('',(-0.004375,0.003,0.0004));
#9017=CARTESIAN_POINT('',(0.00355,0.003,0.0063));
#9018=CARTESIAN_POINT('',(0.00355,0.003,0.0061));
#9019=CARTESIAN_POINT('',(0.00355,0.003,0.0004));
#9020=CARTESIAN_POINT('',(-0.00355,0.003,0.0061));
#9021=CARTESIAN_POINT('',(-0.00355,0.003,0.0061));
#9022=CARTESIAN_POINT('',(-0.00355,0.003,0.0063));
#9023=CARTESIAN_POINT('',(-0.00355,0.003,0.0004));
#9024=CARTESIAN_POINT('',(-0.004375,0.003,0.0004));
#9025=CARTESIAN_POINT('',(0.004375,0.003,0.0004));
#9026=CARTESIAN_POINT('',(-0.004375,0.004,0.0004));
#9027=CARTESIAN_POINT('',(-0.00355,0.004,0.0063));
#9028=CARTESIAN_POINT('',(-0.00355,0.004,0.0061));
#9029=CARTESIAN_POINT('',(-0.00355,0.004,0.0004));
#9030=CARTESIAN_POINT('',(0.00355,0.004,0.0061));
#9031=CARTESIAN_POINT('',(0.00355,0.004,0.0061));
#9032=CARTESIAN_POINT('',(0.00355,0.004,0.0063));
#9033=CARTESIAN_POINT('',(0.00355,0.004,0.0004));
#9034=CARTESIAN_POINT('',(0.004375,0.004,0.0004));
#9035=CARTESIAN_POINT('',(0.0052,0.004,0.0004));
#9036=CARTESIAN_POINT('',(0.0052,0.004,0.0004));
#9037=CARTESIAN_POINT('',(-0.0052,0.004,0.0004));
#9038=CARTESIAN_POINT('',(-0.0052,0.004,0.0004));
#9039=CARTESIAN_POINT('',(-0.004375,0.004,0.0004));
#9040=CARTESIAN_POINT('',(-0.0052,0.0055,0.0004));
#9041=CARTESIAN_POINT('',(-0.0052,0.007,0.0004));
#9042=CARTESIAN_POINT('',(-0.0052,0.007,0.0004));
#9043=CARTESIAN_POINT('',(-0.0052,0.0055,0.0004));
#9044=CARTESIAN_POINT('',(0.0026,0.007,0.0004));
#9045=CARTESIAN_POINT('',(0.0052,0.007,0.0004));
#9046=CARTESIAN_POINT('',(0.0052,0.007,0.0004));
#9047=CARTESIAN_POINT('',(0.0026,0.007,0.0004));
#9048=CARTESIAN_POINT('',(0.0052,0.0055,0.0004));
#9049=CARTESIAN_POINT('',(0.0052,0.0055,0.0004));
#9050=CARTESIAN_POINT('',(0.,0.008,0.0004));
#9051=CARTESIAN_POINT('',(0.0052,0.007,0.0004));
#9052=CARTESIAN_POINT('',(-0.0052,0.007,0.0004));
#9053=CARTESIAN_POINT('',(-0.00355,0.0035,0.0004));
#9054=CARTESIAN_POINT('',(0.00355,0.0035,0.0004));
#9055=CARTESIAN_POINT('',(0.00355,0.0035,0.0063));
#9056=CARTESIAN_POINT('',(0.00355,0.003,0.0061));
#9057=CARTESIAN_POINT('',(-0.00355,0.0035,0.0063));
#9058=CARTESIAN_POINT('',(-0.00355,0.0035,0.0061));
#9059=CARTESIAN_POINT('',(0.,0.008,0.0063));
#9060=CARTESIAN_POINT('',(-0.00355,0.0038,0.0063));
#9061=CARTESIAN_POINT('',(0.00355,0.0032,0.0063));
#9062=CARTESIAN_POINT('',(0.0052,0.007,0.0004));
#9063=CARTESIAN_POINT('',(-0.0052,0.007,0.0004));
#9064=CARTESIAN_POINT('',(0.00335,0.008,0.0063));
#9065=CARTESIAN_POINT('',(0.000908333333333333,0.00135833333333333,0.00874166666666667));
#9066=CARTESIAN_POINT('',(0.00175,0.0048,0.0079));
#9067=CARTESIAN_POINT('',(-0.004375,0.003,0.0061));
#9068=CARTESIAN_POINT('',(-0.003825,0.002725,0.005825));
#9069=CARTESIAN_POINT('',(-0.004375,0.004,0.0061));
#9070=CARTESIAN_POINT('',(-0.003825,0.004275,0.005825));
#9071=CARTESIAN_POINT('',(-0.00355,0.0035,0.0061));
#9072=CARTESIAN_POINT('',(0.05,0.,0.));
#9073=CARTESIAN_POINT('',(0.0029,0.004,0.0063));
#9074=CARTESIAN_POINT('',(0.00245,0.004,0.0063));
#9075=CARTESIAN_POINT('',(0.00245,0.,0.0063));
#9076=CARTESIAN_POINT('',(0.00245,0.0032,0.0063));
#9077=CARTESIAN_POINT('',(0.00355,0.0032,0.0063));
#9078=CARTESIAN_POINT('',(0.00335,0.0032,0.0063));
#9079=CARTESIAN_POINT('',(0.00335,0.,0.0063));
#9080=CARTESIAN_POINT('',(0.00335,0.,0.0063));
#9081=CARTESIAN_POINT('',(0.0029,0.,0.0063));
#9082=CARTESIAN_POINT('',(0.,0.001,0.00765));
#9083=CARTESIAN_POINT('',(0.00615,0.001,0.003));
#9084=CARTESIAN_POINT('',(0.00615,0.001,0.0007));
#9085=CARTESIAN_POINT('',(0.00845,0.001,0.003));
#9086=CARTESIAN_POINT('',(0.00845,0.001,0.00765));
#9087=CARTESIAN_POINT('',(0.00845,0.001,0.0123));
#9088=CARTESIAN_POINT('',(0.00615,0.001,0.0123));
#9089=CARTESIAN_POINT('',(0.00615,0.001,0.0146));
#9090=CARTESIAN_POINT('',(0.,0.001,0.0146));
#9091=CARTESIAN_POINT('',(-0.00615,0.001,0.0146));
#9092=CARTESIAN_POINT('',(-0.00615,0.001,0.0123));
#9093=CARTESIAN_POINT('',(-0.00845,0.001,0.0123));
#9094=CARTESIAN_POINT('',(-0.00845,0.001,0.00765));
#9095=CARTESIAN_POINT('',(-0.00845,0.001,0.003));
#9096=CARTESIAN_POINT('',(-0.00615,0.001,0.003));
#9097=CARTESIAN_POINT('',(-0.00615,0.001,0.0007));
#9098=CARTESIAN_POINT('',(8.67361737988404E-19,0.001,0.0007));
#9099=CARTESIAN_POINT('',(0.0062,0.001,0.0004));
#9100=CARTESIAN_POINT('',(0.0062,0.001,0.0004));
#9101=CARTESIAN_POINT('',(0.0062,0.001,4.16695605871559E-7));
#9102=CARTESIAN_POINT('',(0.0057,0.001,0.0004));
#9103=CARTESIAN_POINT('',(0.0052,0.001,0.0004));
#9104=CARTESIAN_POINT('',(0.0052,0.001,0.0004));
#9105=CARTESIAN_POINT('',(0.0052,0.001,0.));
#9106=CARTESIAN_POINT('',(8.67361737988404E-19,0.001,0.));
#9107=CARTESIAN_POINT('',(-0.0052,0.001,0.));
#9108=CARTESIAN_POINT('',(-0.0052,0.001,0.0004));
#9109=CARTESIAN_POINT('',(-0.0052,0.001,0.0004));
#9110=CARTESIAN_POINT('',(-0.0057,0.001,0.0004));
#9111=CARTESIAN_POINT('',(-0.0062,0.001,0.0004));
#9112=CARTESIAN_POINT('',(-0.0062,0.001,0.0004));
#9113=CARTESIAN_POINT('',(-0.0062,0.001,4.16695605870692E-7));
#9114=CARTESIAN_POINT('',(-0.00615,0.001,0.003));
#9115=CARTESIAN_POINT('',(-0.00915,0.001,0.003));
#9116=CARTESIAN_POINT('',(-0.00915,0.001,0.00765));
#9117=CARTESIAN_POINT('',(-0.00915,0.001,0.0123));
#9118=CARTESIAN_POINT('',(-0.00615,0.001,0.0123));
#9119=CARTESIAN_POINT('',(-0.00615,0.001,0.0153));
#9120=CARTESIAN_POINT('',(0.,0.001,0.0153));
#9121=CARTESIAN_POINT('',(0.00615,0.001,0.0153));
#9122=CARTESIAN_POINT('',(0.00615,0.001,0.0123));
#9123=CARTESIAN_POINT('',(0.00915,0.001,0.0123));
#9124=CARTESIAN_POINT('',(0.00915,0.001,0.00765));
#9125=CARTESIAN_POINT('',(0.00915,0.001,0.003));
#9126=CARTESIAN_POINT('',(0.00615,0.001,0.003));
#9127=CARTESIAN_POINT('',(0.006938961055273,-0.00342294583585019,0.0020852829221649));
#9128=CARTESIAN_POINT('',(0.0069422291436445,-0.0032746330722836,0.00394013278110303));
#9129=CARTESIAN_POINT('',(0.0069475333435889,-0.00306014761938862,0.00765000000000016));
#9130=CARTESIAN_POINT('',(0.00694222914364449,-0.00327463307228362,0.0113598672188974));
#9131=CARTESIAN_POINT('',(0.00693896105527299,-0.00342294583585023,0.0132147170778357));
#9132=CARTESIAN_POINT('',(0.00615718979629831,-0.00330266081735108,0.00208467552931337));
#9133=CARTESIAN_POINT('',(0.00615993858988273,-0.0031600267378459,0.00393973419836184));
#9134=CARTESIAN_POINT('',(0.00616430612166011,-0.00294633759472864,0.00765000000000014));
#9135=CARTESIAN_POINT('',(0.00615993858988273,-0.00316002673784592,0.0113602658016386));
#9136=CARTESIAN_POINT('',(0.00615718979629831,-0.00330266081735112,0.0132153244706873));
#9137=CARTESIAN_POINT('',(0.00384443641085856,-0.00297334327944057,0.00208296575194947));
#9138=CARTESIAN_POINT('',(0.00384578395026575,-0.00283784717202037,0.00393861209467967));
#9139=CARTESIAN_POINT('',(0.00384777085975241,-0.00262553794260915,0.00765000000000009));
#9140=CARTESIAN_POINT('',(0.00384578395026576,-0.00283784717202039,0.0113613879053208));
#9141=CARTESIAN_POINT('',(0.00384443641085858,-0.0029733432794406,0.0132170342480512));
#9142=CARTESIAN_POINT('',(-3.98533805239233E-17,-0.00270978858157835,0.00208107805948857));
#9143=CARTESIAN_POINT('',(-4.43083550384538E-17,-0.00252486573976873,0.00393759314930418));
#9144=CARTESIAN_POINT('',(4.61218208844411E-17,-0.00216928166741078,0.00765000000000034));
#9145=CARTESIAN_POINT('',(-1.96919782819934E-17,-0.00252486573976875,0.0113624068506961));
#9146=CARTESIAN_POINT('',(-2.57931796351822E-17,-0.0027097885815784,0.013218921940512));
#9147=CARTESIAN_POINT('',(-0.00384443641085756,-0.00297334327944047,0.00208296575194937));
#9148=CARTESIAN_POINT('',(-0.00384578395026476,-0.00283784717202026,0.0039386120946796));
#9149=CARTESIAN_POINT('',(-0.00384777085975148,-0.002625537942609,0.00765000000000011));
#9150=CARTESIAN_POINT('',(-0.00384578395026476,-0.00283784717202032,0.0113613879053207));
#9151=CARTESIAN_POINT('',(-0.00384443641085756,-0.00297334327944055,0.0132170342480511));
#9152=CARTESIAN_POINT('',(-0.00615718979629627,-0.00330266081735078,0.00208467552931328));
#9153=CARTESIAN_POINT('',(-0.00615993858988069,-0.00316002673784561,0.00393973419836178));
#9154=CARTESIAN_POINT('',(-0.00616430612165818,-0.00294633759472835,0.00765000000000014));
#9155=CARTESIAN_POINT('',(-0.00615993858988068,-0.00316002673784566,0.0113602658016385));
#9156=CARTESIAN_POINT('',(-0.00615718979629625,-0.00330266081735085,0.0132153244706872));
#9157=CARTESIAN_POINT('',(-0.00693896105526995,-0.00342294583584973,0.00208528292216482));
#9158=CARTESIAN_POINT('',(-0.00694222914364144,-0.00327463307228316,0.00394013278110297));
#9159=CARTESIAN_POINT('',(-0.00694753334358603,-0.00306014761938818,0.00765000000000016));
#9160=CARTESIAN_POINT('',(-0.00694222914364142,-0.00327463307228319,0.0113598672188973));
#9161=CARTESIAN_POINT('',(-0.00693896105526993,-0.00342294583584979,0.0132147170778357));
#9162=CARTESIAN_POINT('',(0.00253934123423756,-0.00262066074527411,0.00766344894794059));
#9163=CARTESIAN_POINT('',(0.00238876087722115,-0.00260949668471122,0.00727246657809752));
#9164=CARTESIAN_POINT('',(0.00200689705635554,-0.00258143810860109,0.00710342625548874));
#9165=CARTESIAN_POINT('',(0.00161809602481163,-0.00255356564213811,0.0072541200253975));
#9166=CARTESIAN_POINT('',(0.00144890627149736,-0.0025416238252435,0.00763677732402162));
#9167=CARTESIAN_POINT('',(0.00159951861668473,-0.00255225095427863,0.00802729127539642));
#9168=CARTESIAN_POINT('',(0.00198065961430343,-0.00257953352968286,0.00819656758968462));
#9169=CARTESIAN_POINT('',(0.00237010659717306,-0.00260811476887634,0.00804607192168813));
#9170=CARTESIAN_POINT('',(0.00253934123423756,-0.00262066074527411,0.00766344894794059));
#9171=CARTESIAN_POINT('',(0.00238876087722115,-0.00260949668471122,0.00727246657809752));
#9172=CARTESIAN_POINT('',(0.00200689705635554,-0.00258143810860109,0.00710342625548874));
#9173=CARTESIAN_POINT('',(0.00235021363324629,-0.00260668093212001,0.00730945691930324));
#9174=CARTESIAN_POINT('',(0.000391481657949452,-0.00250472713857348,0.00804223574765526));
#9175=CARTESIAN_POINT('',(0.000554181137804522,-0.00250597309283489,0.00764989913918258));
#9176=CARTESIAN_POINT('',(0.0003916084325841,-0.00250472888034007,0.00725816769561444));
#9177=CARTESIAN_POINT('',(4.04005977827992E-7,-0.00250330743190269,0.00709599567715443));
#9178=CARTESIAN_POINT('',(-0.000391629940896575,-0.00250472800914321,0.00725793580118551));
#9179=CARTESIAN_POINT('',(-0.00055400438602725,-0.00250597206892956,0.00764992848306049));
#9180=CARTESIAN_POINT('',(-0.000392166969295956,-0.00250473210416925,0.00804128974154353));
#9181=CARTESIAN_POINT('',(-5.94677626102787E-7,-0.00250330684581068,0.00820409679108123));
#9182=CARTESIAN_POINT('',(0.000391481657949452,-0.00250472713857348,0.00804223574765526));
#9183=CARTESIAN_POINT('',(0.000554181137804522,-0.00250597309283489,0.00764989913918258));
#9184=CARTESIAN_POINT('',(0.0003916084325841,-0.00250472888034007,0.00725816769561444));
#9185=CARTESIAN_POINT('',(0.000499969106958607,-0.00250555806504218,0.00765));
#9186=CARTESIAN_POINT('',(0.00685462052736257,-0.0033306561414173,0.00313872691202695));
#9187=CARTESIAN_POINT('',(0.00686179380819654,-0.0032261408013345,0.00464058532400499));
#9188=CARTESIAN_POINT('',(0.00686265502699557,-0.00308457068031911,0.00764837926597018));
#9189=CARTESIAN_POINT('',(0.00686179507981905,-0.00322612227368144,0.0106591484384113));
#9190=CARTESIAN_POINT('',(0.00685462052736257,-0.00333065614141729,0.012161273087973));
#9191=CARTESIAN_POINT('',(0.00685462052736257,-0.0033306561414173,0.00313872691202695));
#9192=CARTESIAN_POINT('',(0.00685462052736257,-0.00333065614141729,0.012161273087973));
#9193=CARTESIAN_POINT('',(0.00685462052736257,-0.00333065614141729,0.012161273087973));
#9194=CARTESIAN_POINT('',(0.00685338022903903,-0.00334872739836223,0.0124209523775038));
#9195=CARTESIAN_POINT('',(0.00663496841139665,-0.00335378691196227,0.0129302957914197));
#9196=CARTESIAN_POINT('',(0.0061301758984069,-0.00329643233856697,0.0131478432669304));
#9197=CARTESIAN_POINT('',(0.00587238422298522,-0.0032602544036811,0.0131486436922251));
#9198=CARTESIAN_POINT('',(0.00587238422298523,-0.0032602544036811,0.0131486436922251));
#9199=CARTESIAN_POINT('',(0.00587238422298523,-0.0032602544036811,0.0131486436922251));
#9200=CARTESIAN_POINT('',(0.0039243644067902,-0.00298687345004327,0.0131546921588126));
#9201=CARTESIAN_POINT('',(9.39544220889422E-7,-0.00262579579367552,0.0130918710716404));
#9202=CARTESIAN_POINT('',(-0.00392422600284582,-0.0029868540267284,0.0131546925885472));
#9203=CARTESIAN_POINT('',(-0.00587238422298522,-0.00326025440368113,0.013148643692225));
#9204=CARTESIAN_POINT('',(-0.00587238422298522,-0.00326025440368113,0.0131486436922251));
#9205=CARTESIAN_POINT('',(-0.00587238422298522,-0.00326025440368113,0.0131486436922251));
#9206=CARTESIAN_POINT('',(-0.00613012737690942,-0.00329642552916334,0.0131478434175863));
#9207=CARTESIAN_POINT('',(-0.00663606823093435,-0.00335386912026571,0.0129292279030578));
#9208=CARTESIAN_POINT('',(-0.00685338035306073,-0.0033487255913546,0.0124209264112711));
#9209=CARTESIAN_POINT('',(-0.00685462052736255,-0.00333065614141731,0.012161273087973));
#9210=CARTESIAN_POINT('',(-0.00685462052736255,-0.00333065614141731,0.012161273087973));
#9211=CARTESIAN_POINT('',(-0.00685462052736256,-0.00333065614141731,0.012161273087973));
#9212=CARTESIAN_POINT('',(-0.00686179380819653,-0.00322614080133451,0.010659414675995));
#9213=CARTESIAN_POINT('',(-0.00686265502699556,-0.0030845706803191,0.00765162073402982));
#9214=CARTESIAN_POINT('',(-0.00686179507981903,-0.00322612227368144,0.00464085156158867));
#9215=CARTESIAN_POINT('',(-0.00685462052736255,-0.00333065614141729,0.00313872691202697));
#9216=CARTESIAN_POINT('',(-0.00685462052736255,-0.00333065614141729,0.00313872691202697));
#9217=CARTESIAN_POINT('',(-0.00685462052736255,-0.00333065614141729,0.00313872691202697));
#9218=CARTESIAN_POINT('',(-0.00685338022903901,-0.00334872739836223,0.00287904762249619));
#9219=CARTESIAN_POINT('',(-0.00663496841139663,-0.00335378691196227,0.00236970420858032));
#9220=CARTESIAN_POINT('',(-0.00613017589840689,-0.00329643233856697,0.00215215673306956));
#9221=CARTESIAN_POINT('',(-0.00587238422298522,-0.0032602544036811,0.00215135630777493));
#9222=CARTESIAN_POINT('',(-0.00587238422298522,-0.0032602544036811,0.00215135630777493));
#9223=CARTESIAN_POINT('',(-0.00587238422298522,-0.0032602544036811,0.00215135630777493));
#9224=CARTESIAN_POINT('',(-0.00392436440679019,-0.00298687345004326,0.00214530784118742));
#9225=CARTESIAN_POINT('',(-9.39544220879447E-7,-0.00262579579367552,0.00220812892835965));
#9226=CARTESIAN_POINT('',(0.00392422600284583,-0.0029868540267284,0.0021453074114528));
#9227=CARTESIAN_POINT('',(0.00587238422298523,-0.00326025440368111,0.00215135630777497));
#9228=CARTESIAN_POINT('',(0.00587238422298523,-0.00326025440368112,0.00215135630777493));
#9229=CARTESIAN_POINT('',(0.00587238422298523,-0.00326025440368112,0.00215135630777493));
#9230=CARTESIAN_POINT('',(0.00613012737690944,-0.00329642552916333,0.00215215658241367));
#9231=CARTESIAN_POINT('',(0.00663606823093436,-0.00335386912026568,0.00237077209694222));
#9232=CARTESIAN_POINT('',(0.00685338035306075,-0.00334872559135458,0.00287907358872892));
#9233=CARTESIAN_POINT('',(0.00685462052736257,-0.0033306561414173,0.00313872691202695));
#9234=CARTESIAN_POINT('',(-0.00160883389888914,-0.00255290979174651,0.00803706919730102));
#9235=CARTESIAN_POINT('',(-0.00144870896077596,-0.00254160994974109,0.00764990023003545));
#9236=CARTESIAN_POINT('',(-0.00160870921344703,-0.00255290120194619,0.00726332988255717));
#9237=CARTESIAN_POINT('',(-0.00199376339353534,-0.00258048429363673,0.00710325958179144));
#9238=CARTESIAN_POINT('',(-0.00237958398438763,-0.00260881678514939,0.00726310240763282));
#9239=CARTESIAN_POINT('',(-0.00253935436689338,-0.00262066167003468,0.00764992965948765));
#9240=CARTESIAN_POINT('',(-0.0023801121093966,-0.00260885601560438,0.00803613261298113));
#9241=CARTESIAN_POINT('',(-0.00199474984616795,-0.00258055574495952,0.00819683160304702));
#9242=CARTESIAN_POINT('',(-0.00160883389888914,-0.00255290979174651,0.00803706919730102));
#9243=CARTESIAN_POINT('',(-0.00144870896077596,-0.00254160994974109,0.00764990023003545));
#9244=CARTESIAN_POINT('',(-0.00160870921344703,-0.00255290120194619,0.00726332988255717));
#9245=CARTESIAN_POINT('',(-0.00150206315924,-0.00254537513210951,0.00765));
#9246=CARTESIAN_POINT('',(0.,0.,0.00765));
#9247=CARTESIAN_POINT('',(0.00615,0.,0.003));
#9248=CARTESIAN_POINT('',(0.00745,0.,0.003));
#9249=CARTESIAN_POINT('',(0.00615,0.,0.0017));
#9250=CARTESIAN_POINT('',(-0.00615,0.,0.0017));
#9251=CARTESIAN_POINT('',(-0.00615,0.,0.0017));
#9252=CARTESIAN_POINT('',(-0.00615,0.,0.003));
#9253=CARTESIAN_POINT('',(-0.00745,0.,0.003));
#9254=CARTESIAN_POINT('',(-0.00745,0.,0.0123));
#9255=CARTESIAN_POINT('',(-0.00745,0.,0.0123));
#9256=CARTESIAN_POINT('',(-0.00615,0.,0.0123));
#9257=CARTESIAN_POINT('',(-0.00615,0.,0.0136));
#9258=CARTESIAN_POINT('',(-8.39154852200163E-19,0.,0.0136));
#9259=CARTESIAN_POINT('',(0.00615,0.,0.0136));
#9260=CARTESIAN_POINT('',(0.00615,0.,0.0123));
#9261=CARTESIAN_POINT('',(0.00745,0.,0.0123));
#9262=CARTESIAN_POINT('',(0.00745,0.,0.00765));
#9263=CARTESIAN_POINT('',(0.0029,0.,0.009));
#9264=CARTESIAN_POINT('',(0.00245,0.,0.009));
#9265=CARTESIAN_POINT('',(0.00335,0.,0.009));
#9266=CARTESIAN_POINT('',(0.00055,0.,0.0071));
#9267=CARTESIAN_POINT('',(0.00225,0.,0.0088));
#9268=CARTESIAN_POINT('',(0.00225,0.,0.00765));
#9269=CARTESIAN_POINT('',(0.00225,0.,0.0065));
#9270=CARTESIAN_POINT('',(0.00055,0.,0.0082));
#9271=CARTESIAN_POINT('',(0.00235,0.,0.0053));
#9272=CARTESIAN_POINT('',(0.00355,0.,0.0065));
#9273=CARTESIAN_POINT('',(0.00355,0.,0.00765));
#9274=CARTESIAN_POINT('',(0.00355,0.,0.0088));
#9275=CARTESIAN_POINT('',(0.00235,0.,0.01));
#9276=CARTESIAN_POINT('',(-0.00225,0.,0.00765));
#9277=CARTESIAN_POINT('',(-0.00225,0.,0.0088));
#9278=CARTESIAN_POINT('',(-0.00225,0.,0.0065));
#9279=CARTESIAN_POINT('',(-0.00055,0.,0.0071));
#9280=CARTESIAN_POINT('',(-0.00245,0.,0.009));
#9281=CARTESIAN_POINT('',(-0.0029,0.,0.009));
#9282=CARTESIAN_POINT('',(-0.00335,0.,0.009));
#9283=CARTESIAN_POINT('',(-0.00235,0.,0.01));
#9284=CARTESIAN_POINT('',(-0.00355,0.,0.0088));
#9285=CARTESIAN_POINT('',(-0.00355,0.,0.00765));
#9286=CARTESIAN_POINT('',(-0.00355,0.,0.0065));
#9287=CARTESIAN_POINT('',(-0.00235,0.,0.0053));
#9288=CARTESIAN_POINT('',(-0.00335,0.,0.0063));
#9289=CARTESIAN_POINT('',(-0.0029,0.,0.0063));
#9290=CARTESIAN_POINT('',(-0.00245,0.,0.0063));
#9291=CARTESIAN_POINT('',(-0.00055,0.,0.0082));
#9292=CARTESIAN_POINT('',(-0.00225,0.004,0.00765));
#9293=CARTESIAN_POINT('',(-0.00225,0.004,0.0065));
#9294=CARTESIAN_POINT('',(-0.00225,0.0038,0.0065));
#9295=CARTESIAN_POINT('',(-0.00225,0.0038,0.00765));
#9296=CARTESIAN_POINT('',(-0.00225,0.0038,0.0088));
#9297=CARTESIAN_POINT('',(-0.00225,0.,0.0088));
#9298=CARTESIAN_POINT('',(-0.0029,0.004,0.009));
#9299=CARTESIAN_POINT('',(-0.00355,0.0038,0.009));
#9300=CARTESIAN_POINT('',(-0.00245,0.0038,0.009));
#9301=CARTESIAN_POINT('',(-0.00335,0.0038,0.009));
#9302=CARTESIAN_POINT('',(-0.00335,0.004,0.009));
#9303=CARTESIAN_POINT('',(-0.00245,0.004,0.009));
#9304=CARTESIAN_POINT('',(-0.00355,0.004,0.00765));
#9305=CARTESIAN_POINT('',(-0.00355,0.004,0.0088));
#9306=CARTESIAN_POINT('',(-0.00355,0.0038,0.0088));
#9307=CARTESIAN_POINT('',(-0.00355,0.0038,0.0063));
#9308=CARTESIAN_POINT('',(-0.00355,0.0038,0.0065));
#9309=CARTESIAN_POINT('',(-0.00355,0.,0.0065));
#9310=CARTESIAN_POINT('',(-0.0029,0.004,0.0063));
#9311=CARTESIAN_POINT('',(-0.00335,0.004,0.0063));
#9312=CARTESIAN_POINT('',(-0.00335,0.0032,0.0063));
#9313=CARTESIAN_POINT('',(0.00355,0.0032,0.0063));
#9314=CARTESIAN_POINT('',(-0.00245,0.0032,0.0063));
#9315=CARTESIAN_POINT('',(-0.00245,0.004,0.0063));
#9316=CARTESIAN_POINT('',(0.,0.004,0.00765));
#9317=CARTESIAN_POINT('',(-0.00335,0.004,0.009));
#9318=CARTESIAN_POINT('',(-0.00335,0.004,0.0065));
#9319=CARTESIAN_POINT('',(-0.00335,0.004,0.0088));
#9320=CARTESIAN_POINT('',(-0.00225,0.004,0.0088));
#9321=CARTESIAN_POINT('',(-0.00245,0.004,0.0088));
#9322=CARTESIAN_POINT('',(-0.00245,0.004,0.00765));
#9323=CARTESIAN_POINT('',(-0.00245,0.004,0.0065));
#9324=CARTESIAN_POINT('',(3.8364076872564E-19,0.004,0.0065));
#9325=CARTESIAN_POINT('',(0.0029,0.004,0.009));
#9326=CARTESIAN_POINT('',(0.00335,0.004,0.009));
#9327=CARTESIAN_POINT('',(0.00335,0.0038,0.009));
#9328=CARTESIAN_POINT('',(0.0029,0.0038,0.009));
#9329=CARTESIAN_POINT('',(0.00245,0.0038,0.009));
#9330=CARTESIAN_POINT('',(0.00245,0.,0.009));
#9331=CARTESIAN_POINT('',(0.00225,0.004,0.00765));
#9332=CARTESIAN_POINT('',(0.00225,0.0038,0.0063));
#9333=CARTESIAN_POINT('',(0.00225,0.0038,0.0088));
#9334=CARTESIAN_POINT('',(0.00225,0.0038,0.0065));
#9335=CARTESIAN_POINT('',(0.00225,0.004,0.0065));
#9336=CARTESIAN_POINT('',(0.00225,0.004,0.0088));
#9337=CARTESIAN_POINT('',(0.00355,0.004,0.00765));
#9338=CARTESIAN_POINT('',(0.00355,0.004,0.0065));
#9339=CARTESIAN_POINT('',(0.00355,0.0038,0.0065));
#9340=CARTESIAN_POINT('',(0.00355,0.0038,0.00765));
#9341=CARTESIAN_POINT('',(0.00355,0.0038,0.0088));
#9342=CARTESIAN_POINT('',(0.00355,0.004,0.0088));
#9343=CARTESIAN_POINT('',(0.,0.004,0.00765));
#9344=CARTESIAN_POINT('',(0.00335,0.004,0.00765));
#9345=CARTESIAN_POINT('',(0.00335,0.004,0.0088));
#9346=CARTESIAN_POINT('',(0.00335,0.004,0.0065));
#9347=CARTESIAN_POINT('',(0.00225,0.004,0.0065));
#9348=CARTESIAN_POINT('',(0.00245,0.004,0.0065));
#9349=CARTESIAN_POINT('',(0.00245,0.004,0.009));
#9350=CARTESIAN_POINT('',(0.00245,0.004,0.0088));
#9351=CARTESIAN_POINT('',(1.9182038436282E-19,0.004,0.0088));
#9352=CARTESIAN_POINT('',(-0.00245,0.004,0.0063));
#9353=CARTESIAN_POINT('',(-0.00245,0.004,0.0063));
#9354=CARTESIAN_POINT('',(-0.00245,0.0038,0.0063));
#9355=CARTESIAN_POINT('',(-0.00245,0.0038,0.0063));
#9356=CARTESIAN_POINT('',(-0.00355,0.004,0.0065));
#9357=CARTESIAN_POINT('',(-0.00355,0.0038,0.0065));
#9358=CARTESIAN_POINT('',(-0.00335,0.0038,0.0063));
#9359=CARTESIAN_POINT('',(-0.00335,0.008,0.0063));
#9360=CARTESIAN_POINT('',(3.8364076872564E-19,0.004,0.0065));
#9361=CARTESIAN_POINT('',(-0.00245,0.0038,0.0063));
#9362=CARTESIAN_POINT('',(-0.0029,0.0038,0.0063));
#9363=CARTESIAN_POINT('',(-0.00335,0.0039,0.0064));
#9364=CARTESIAN_POINT('',(-0.00245,0.0038,0.0063));
#9365=CARTESIAN_POINT('',(-0.00235,0.0039,0.0065));
#9366=CARTESIAN_POINT('',(-0.00355,0.0038,0.0065));
#9367=CARTESIAN_POINT('',(-0.00355,0.0038,0.0065));
#9368=CARTESIAN_POINT('',(-0.00245,0.004,0.00765));
#9369=CARTESIAN_POINT('',(-0.00245,0.004,0.0088));
#9370=CARTESIAN_POINT('',(-0.00225,0.004,0.0088));
#9371=CARTESIAN_POINT('',(-0.00235,0.0038,0.0089));
#9372=CARTESIAN_POINT('',(-0.00335,0.004,0.009));
#9373=CARTESIAN_POINT('',(-0.00335,0.0038,0.009));
#9374=CARTESIAN_POINT('',(-0.00355,0.0038,0.00765));
#9375=CARTESIAN_POINT('',(-0.00345,0.0039,0.0088));
#9376=CARTESIAN_POINT('',(-0.00245,0.004,0.0088));
#9377=CARTESIAN_POINT('',(-0.00245,0.004,0.0088));
#9378=CARTESIAN_POINT('',(-0.00335,0.0038,0.009));
#9379=CARTESIAN_POINT('',(-0.00335,0.0038,0.009));
#9380=CARTESIAN_POINT('',(-0.0029,0.0038,0.009));
#9381=CARTESIAN_POINT('',(0.00245,0.004,0.009));
#9382=CARTESIAN_POINT('',(0.00235,0.0038,0.0089));
#9383=CARTESIAN_POINT('',(0.00225,0.0038,0.00765));
#9384=CARTESIAN_POINT('',(0.00225,0.0038,0.0065));
#9385=CARTESIAN_POINT('',(0.00245,0.004,0.0088));
#9386=CARTESIAN_POINT('',(0.00225,0.004,0.0065));
#9387=CARTESIAN_POINT('',(0.00225,0.0038,0.0065));
#9388=CARTESIAN_POINT('',(0.00245,0.0038,0.0063));
#9389=CARTESIAN_POINT('',(0.00245,0.004,0.0063));
#9390=CARTESIAN_POINT('',(0.00245,0.004,0.0088));
#9391=CARTESIAN_POINT('',(0.00245,0.004,0.0088));
#9392=CARTESIAN_POINT('',(0.00225,0.0038,0.0065));
#9393=CARTESIAN_POINT('',(0.00245,0.0039,0.0064));
#9394=CARTESIAN_POINT('',(0.00355,0.004,0.0088));
#9395=CARTESIAN_POINT('',(0.00355,0.0038,0.0088));
#9396=CARTESIAN_POINT('',(1.9182038436282E-19,0.004,0.0088));
#9397=CARTESIAN_POINT('',(0.00335,0.0039,0.0089));
#9398=CARTESIAN_POINT('',(0.0029,0.0038,0.0063));
#9399=CARTESIAN_POINT('',(0.00335,0.004,0.0065));
#9400=CARTESIAN_POINT('',(0.00335,0.0038,0.0063));
#9401=CARTESIAN_POINT('',(0.00355,0.0038,0.0063));
#9402=CARTESIAN_POINT('',(0.00335,0.004,0.0063));
#9403=CARTESIAN_POINT('',(0.00335,0.,0.0063));
#9404=CARTESIAN_POINT('',(0.00345,0.0038,0.0064));
#9405=CARTESIAN_POINT('',(0.00355,0.0038,0.0088));
#9406=CARTESIAN_POINT('',(0.00355,0.0038,0.0088));
#9407=CARTESIAN_POINT('',(0.00335,0.004,0.0065));
#9408=CARTESIAN_POINT('',(0.00335,0.004,0.0065));
#9409=CARTESIAN_POINT('',(0.00335,0.004,0.00765));
#9410=CARTESIAN_POINT('',(-0.00615,-0.01,0.003));
#9411=CARTESIAN_POINT('',(-0.00615,-0.01,-8.67361737988404E-19));
#9412=CARTESIAN_POINT('',(-0.00615,-0.00128540738468211,-8.67361737988404E-19));
#9413=CARTESIAN_POINT('',(-0.00615,0.001,0.));
#9414=CARTESIAN_POINT('',(-0.00615,-0.00128540738468211,-8.67361737988404E-19));
#9415=CARTESIAN_POINT('',(-0.00694171266892538,-0.00132250594229892,-8.67361737988404E-19));
#9416=CARTESIAN_POINT('',(-0.00849418338233272,-0.00138176422851061,0.000650952927428047));
#9417=CARTESIAN_POINT('',(-0.00915,-0.00137602903138199,0.00220761401737787));
#9418=CARTESIAN_POINT('',(-0.00915,-0.00135745929086642,0.003));
#9419=CARTESIAN_POINT('',(-0.00915,-0.00135745929086642,0.003));
#9420=CARTESIAN_POINT('',(-0.00915,-0.01,0.003));
#9421=CARTESIAN_POINT('',(-0.00615,0.001,0.003));
#9422=CARTESIAN_POINT('',(8.67361737988404E-19,-0.01,0.));
#9423=CARTESIAN_POINT('',(0.0052,0.002,0.));
#9424=CARTESIAN_POINT('',(0.0052,0.003,0.));
#9425=CARTESIAN_POINT('',(-0.004375,0.003,0.));
#9426=CARTESIAN_POINT('',(-0.0052,0.003,0.));
#9427=CARTESIAN_POINT('',(-0.0052,0.002,0.));
#9428=CARTESIAN_POINT('',(0.00615,-0.01,8.67361737988404E-19));
#9429=CARTESIAN_POINT('',(0.00615,-0.00128540738468212,8.67361737988404E-19));
#9430=CARTESIAN_POINT('',(0.00615,0.001,0.));
#9431=CARTESIAN_POINT('',(0.00615,-0.00128540738468212,8.67361737988404E-19));
#9432=CARTESIAN_POINT('',(0.00410987683031293,-0.000998615358003728,5.79634131781869E-19));
#9433=CARTESIAN_POINT('',(-9.35394645214596E-7,-0.000629681039210007,8.43322980200445E-24));
#9434=CARTESIAN_POINT('',(-0.00410999642139243,-0.000998632169620061,-5.79650998241473E-19));
#9435=CARTESIAN_POINT('',(-0.00615,-0.00128540738468211,-8.67361737988404E-19));
#9436=CARTESIAN_POINT('',(-0.0057,0.001,0.));
#9437=CARTESIAN_POINT('',(-0.0062,0.001,0.));
#9438=CARTESIAN_POINT('',(-0.0062,0.0045,0.));
#9439=CARTESIAN_POINT('',(-0.0062,0.007,0.));
#9440=CARTESIAN_POINT('',(-0.0052,0.007,0.));
#9441=CARTESIAN_POINT('',(-0.0052,0.008,0.));
#9442=CARTESIAN_POINT('',(0.0031,0.008,0.));
#9443=CARTESIAN_POINT('',(0.0052,0.008,0.));
#9444=CARTESIAN_POINT('',(0.0052,0.007,0.));
#9445=CARTESIAN_POINT('',(0.0062,0.007,0.));
#9446=CARTESIAN_POINT('',(0.0062,0.0045,0.));
#9447=CARTESIAN_POINT('',(0.0062,0.001,0.));
#9448=CARTESIAN_POINT('',(0.0057,0.001,0.));
#9449=CARTESIAN_POINT('',(-0.004375,0.004,0.));
#9450=CARTESIAN_POINT('',(0.0052,0.004,0.));
#9451=CARTESIAN_POINT('',(-0.0052,0.004,0.));
#9452=CARTESIAN_POINT('',(0.0052,0.0055,0.));
#9453=CARTESIAN_POINT('',(0.0052,0.007,0.));
#9454=CARTESIAN_POINT('',(0.0026,0.007,0.));
#9455=CARTESIAN_POINT('',(-0.0052,0.007,0.));
#9456=CARTESIAN_POINT('',(-0.0052,0.0055,0.));
#9457=CARTESIAN_POINT('',(0.00615,-0.01,0.003));
#9458=CARTESIAN_POINT('',(0.00915,-0.01,0.003));
#9459=CARTESIAN_POINT('',(0.00915,-0.00135745929086642,0.003));
#9460=CARTESIAN_POINT('',(0.00915,-0.00135745929086642,0.003));
#9461=CARTESIAN_POINT('',(0.00915,-0.00137602628278687,0.00220773130217496));
#9462=CARTESIAN_POINT('',(0.00849744425776777,-0.00138184600569838,0.000654098359183399));
#9463=CARTESIAN_POINT('',(0.00694160208113465,-0.00132250076030843,0.));
#9464=CARTESIAN_POINT('',(0.00615,-0.00128540738468212,0.));
#9465=CARTESIAN_POINT('',(0.00615,0.001,0.003));
#9466=CARTESIAN_POINT('',(0.00915,-0.01,0.00765));
#9467=CARTESIAN_POINT('',(0.00915,-0.01,0.0123));
#9468=CARTESIAN_POINT('',(0.00915,-0.00135745929086641,0.0123));
#9469=CARTESIAN_POINT('',(0.00915,-0.00135745929086641,0.0123));
#9470=CARTESIAN_POINT('',(0.00915,-0.00124860660599062,0.0107517223671124));
#9471=CARTESIAN_POINT('',(0.00915000000000001,-0.00110371026573942,0.00764833090776997));
#9472=CARTESIAN_POINT('',(0.00915,-0.00124862503805272,0.00454801546251028));
#9473=CARTESIAN_POINT('',(0.00915,-0.00135745929086642,0.003));
#9474=CARTESIAN_POINT('',(0.00615,-0.01,0.0123));
#9475=CARTESIAN_POINT('',(0.00615,-0.01,0.0153));
#9476=CARTESIAN_POINT('',(0.00615,-0.00128540738468211,0.0153));
#9477=CARTESIAN_POINT('',(0.00615,-0.00128540738468211,0.0153));
#9478=CARTESIAN_POINT('',(0.00694171266892538,-0.00132250594229892,0.0153));
#9479=CARTESIAN_POINT('',(0.00849418338233272,-0.00138176422851061,0.014649047072572));
#9480=CARTESIAN_POINT('',(0.00915,-0.00137602903138199,0.0130923859826221));
#9481=CARTESIAN_POINT('',(0.00915,-0.00135745929086641,0.0123));
#9482=CARTESIAN_POINT('',(0.,-0.01,0.0153));
#9483=CARTESIAN_POINT('',(-0.00615,-0.01,0.0153));
#9484=CARTESIAN_POINT('',(-0.00615,-0.00128540738468214,0.0153));
#9485=CARTESIAN_POINT('',(-0.00615,-0.00128540738468214,0.0153));
#9486=CARTESIAN_POINT('',(-0.00410987683031293,-0.00099861535800373,0.0153));
#9487=CARTESIAN_POINT('',(9.35394645209826E-7,-0.000629681039210004,0.0153));
#9488=CARTESIAN_POINT('',(0.00410999642139243,-0.00099863216962007,0.0153));
#9489=CARTESIAN_POINT('',(0.00615,-0.00128540738468211,0.0153));
#9490=CARTESIAN_POINT('',(-0.00615,-0.01,0.0123));
#9491=CARTESIAN_POINT('',(-0.00915,-0.01,0.0123));
#9492=CARTESIAN_POINT('',(-0.00915,-0.00135745929086644,0.0123));
#9493=CARTESIAN_POINT('',(-0.00915,-0.00135745929086644,0.0123));
#9494=CARTESIAN_POINT('',(-0.00915,-0.00137602628278689,0.013092268697825));
#9495=CARTESIAN_POINT('',(-0.00849744425776777,-0.0013818460056984,0.0146459016408166));
#9496=CARTESIAN_POINT('',(-0.00694160208113465,-0.00132250076030845,0.0153));
#9497=CARTESIAN_POINT('',(-0.00615,-0.00128540738468213,0.0153));
#9498=CARTESIAN_POINT('',(-0.00915,-0.01,0.00765));
#9499=CARTESIAN_POINT('',(-0.00915,-0.00135745929086642,0.003));
#9500=CARTESIAN_POINT('',(-0.00915,-0.00124860660599062,0.00454827763288757));
#9501=CARTESIAN_POINT('',(-0.00915000000000001,-0.00110371026573941,0.00765166909223003));
#9502=CARTESIAN_POINT('',(-0.00915,-0.00124862503805273,0.0107519845374897));
#9503=CARTESIAN_POINT('',(-0.00915,-0.00135745929086644,0.0123));
#9504=CARTESIAN_POINT('',(-8.39154852200163E-19,0.,0.0136));
#9505=CARTESIAN_POINT('',(0.00615,0.,0.0136));
#9506=CARTESIAN_POINT('',(-0.00615,0.001,0.0146));
#9507=CARTESIAN_POINT('',(-0.00615,0.001,0.0123));
#9508=CARTESIAN_POINT('',(-0.00845,0.001,0.0123));
#9509=CARTESIAN_POINT('',(0.00615,0.001,0.0123));
#9510=CARTESIAN_POINT('',(0.00745,0.,0.0123));
#9511=CARTESIAN_POINT('',(-0.00845,0.001,0.00765));
#9512=CARTESIAN_POINT('',(-0.00845,0.001,0.003));
#9513=CARTESIAN_POINT('',(0.00745,0.,0.00765));
#9514=CARTESIAN_POINT('',(0.00745,0.,0.003));
#9515=CARTESIAN_POINT('',(-0.00615,0.001,0.003));
#9516=CARTESIAN_POINT('',(-0.00615,0.001,0.0007));
#9517=CARTESIAN_POINT('',(0.00615,0.001,0.003));
#9518=CARTESIAN_POINT('',(0.00615,0.,0.0017));
#9519=CARTESIAN_POINT('',(8.67361737988404E-19,0.001,0.0007));
#9520=CARTESIAN_POINT('',(-0.00587238422298522,-0.0032602544036811,0.00215135630777492));
#9521=CARTESIAN_POINT('',(-0.00584965464066184,-0.00342194351363405,0.));
#9522=CARTESIAN_POINT('',(-0.00615,-0.00128540738468211,0.));
#9523=CARTESIAN_POINT('',(-0.00599987779115773,-0.00327814657804186,0.00215175218683495));
#9524=CARTESIAN_POINT('',(-0.00625873903004168,-0.00348293853672378,-3.97895531618451E-5));
#9525=CARTESIAN_POINT('',(-0.00654348184030979,-0.00130384539712978,0.));
#9526=CARTESIAN_POINT('',(-0.00625220457337724,-0.00331039472260315,0.00220344916925139));
#9527=CARTESIAN_POINT('',(-0.00710035905556791,-0.003598883267696,4.96877388485529E-5));
#9528=CARTESIAN_POINT('',(-0.00732024047790315,-0.00133706560444017,0.000154167946363212));
#9529=CARTESIAN_POINT('',(-0.00657972318821839,-0.00334194253167541,0.00242308865384833));
#9530=CARTESIAN_POINT('',(-0.00824697616896476,-0.00371994378293939,0.000716712060568043));
#9531=CARTESIAN_POINT('',(-0.00832170199886307,-0.00136942204746283,0.000817965265347131));
#9532=CARTESIAN_POINT('',(-0.00680074195858779,-0.00335032548463728,0.0027516978561547));
#9533=CARTESIAN_POINT('',(-0.00902032822751575,-0.00375111468805638,0.00183291549576665));
#9534=CARTESIAN_POINT('',(-0.00899173823823402,-0.00137782230161368,0.00181698012239344));
#9535=CARTESIAN_POINT('',(-0.00685400180142722,-0.00333967083358031,0.00300918808742077));
#9536=CARTESIAN_POINT('',(-0.00917163085841173,-0.00370747584587732,0.00272293020155227));
#9537=CARTESIAN_POINT('',(-0.00915,-0.00136675068076368,0.00260352874804817));
#9538=CARTESIAN_POINT('',(-0.00685462052736255,-0.0033306561414173,0.00313872691202697));
#9539=CARTESIAN_POINT('',(-0.00915,-0.00367257496485619,0.00316276574146577));
#9540=CARTESIAN_POINT('',(-0.00915,-0.00135745929086642,0.003));
#9541=CARTESIAN_POINT('',(-0.00615,-0.00128540738468211,0.002));
#9542=CARTESIAN_POINT('',(-0.00715,-0.00135745929086642,0.003));
#9543=CARTESIAN_POINT('',(-0.00685462052736255,-0.00333065614141729,0.00313872691202697));
#9544=CARTESIAN_POINT('',(-0.00915,-0.00367257496485619,0.00316276574146577));
#9545=CARTESIAN_POINT('',(-0.00915,-0.00135745929086642,0.003));
#9546=CARTESIAN_POINT('',(-0.00686186901104289,-0.00322504508384009,0.00465633050029598));
#9547=CARTESIAN_POINT('',(-0.00915000000001301,-0.00355792491562528,0.00467115493059652));
#9548=CARTESIAN_POINT('',(-0.00915,-0.00124860660485765,0.00454827763284077));
#9549=CARTESIAN_POINT('',(-0.00686258107358014,-0.00308564819194443,0.00765160037123098));
#9550=CARTESIAN_POINT('',(-0.0091499999998569,-0.00341806995339441,0.00765158982201457));
#9551=CARTESIAN_POINT('',(-0.00915000000000004,-0.00110371026686164,0.0076516690922282));
#9552=CARTESIAN_POINT('',(-0.00686186778380821,-0.00322506296701876,0.0106439264760266));
#9553=CARTESIAN_POINT('',(-0.00915000000027321,-0.00355794428831151,0.0106290999435909));
#9554=CARTESIAN_POINT('',(-0.00914999999999989,-0.00124862503694124,0.0107519845375402));
#9555=CARTESIAN_POINT('',(-0.00685462052736249,-0.00333065614141731,0.012161273087973));
#9556=CARTESIAN_POINT('',(-0.00914999999999989,-0.00367257496485614,0.0121372342585342));
#9557=CARTESIAN_POINT('',(-0.00914999999999989,-0.00135745929086643,0.0123));
#9558=CARTESIAN_POINT('',(-0.00715,-0.00135745929086644,0.0123));
#9559=CARTESIAN_POINT('',(0.00587238422298524,-0.00326025440368112,0.00215135630777493));
#9560=CARTESIAN_POINT('',(0.00584965464066186,-0.00342194351363407,0.));
#9561=CARTESIAN_POINT('',(0.00615,-0.00128540738468212,0.));
#9562=CARTESIAN_POINT('',(0.00388929969797389,-0.00298195254347434,0.0021451989675263));
#9563=CARTESIAN_POINT('',(0.00387552812540521,-0.00313769392287541,-1.79287380126752E-13));
#9564=CARTESIAN_POINT('',(0.0041098768302946,-0.000998615354976552,-2.87727606217884E-19));
#9565=CARTESIAN_POINT('',(-8.80673605036311E-7,-0.00263069883058001,0.00220823740689185));
#9566=CARTESIAN_POINT('',(-8.82859403018656E-7,-0.00285873231563366,1.98786590933878E-13));
#9567=CARTESIAN_POINT('',(-9.35394657650395E-7,-0.000629681042238195,5.7245883140469E-17));
#9568=CARTESIAN_POINT('',(-0.0038894159454494,-0.00298196885739748,0.00214519932846726));
#9569=CARTESIAN_POINT('',(-0.00387564365535629,-0.00313771055777924,-2.1138618277288E-13));
#9570=CARTESIAN_POINT('',(-0.00410999642134929,-0.000998632166590848,2.87710739749111E-19));
#9571=CARTESIAN_POINT('',(-0.00587238422298522,-0.00326025440368111,0.00215135630777492));
#9572=CARTESIAN_POINT('',(-0.00584965464066184,-0.00342194351363405,0.));
#9573=CARTESIAN_POINT('',(-0.00615,-0.00128540738468211,0.));
#9574=CARTESIAN_POINT('',(0.00615,-0.00128540738468212,0.002));
#9575=CARTESIAN_POINT('',(-0.00685462052736256,-0.00333065614141731,0.012161273087973));
#9576=CARTESIAN_POINT('',(-0.00915,-0.0036725749648562,0.0121372342585342));
#9577=CARTESIAN_POINT('',(-0.00915,-0.00135745929086644,0.0123));
#9578=CARTESIAN_POINT('',(-0.00685400189565386,-0.00333966935113225,0.012290790626194));
#9579=CARTESIAN_POINT('',(-0.00917162725640778,-0.00370747007496515,0.0125769971193748));
#9580=CARTESIAN_POINT('',(-0.00915,-0.00136674915290108,0.0126964061018277));
#9581=CARTESIAN_POINT('',(-0.00680123397485299,-0.00335030367714362,0.0125470034721444));
#9582=CARTESIAN_POINT('',(-0.00902194230113538,-0.0037510184920363,0.0134625937420979));
#9583=CARTESIAN_POINT('',(-0.00899321985103919,-0.00137779918532172,0.0134790593980908));
#9584=CARTESIAN_POINT('',(-0.00658007169080172,-0.00334196809927969,0.0128765609649902));
#9585=CARTESIAN_POINT('',(-0.00824823088669249,-0.0037200464838159,0.0145821381435437));
#9586=CARTESIAN_POINT('',(-0.00832276044436916,-0.00136944804270898,0.0144809745385516));
#9587=CARTESIAN_POINT('',(-0.00625350069781571,-0.00331054562174977,0.0130960662021544));
#9588=CARTESIAN_POINT('',(-0.00710477947887816,-0.00359944109923855,0.0152490780280767));
#9589=CARTESIAN_POINT('',(-0.00732422129961568,-0.00133722087289585,0.0151443739984781));
#9590=CARTESIAN_POINT('',(-0.00599986633586832,-0.00327814497092246,0.0131482478551458));
#9591=CARTESIAN_POINT('',(-0.00625870190335554,-0.00348293300228296,0.0153397859632437));
#9592=CARTESIAN_POINT('',(-0.006543446486292,-0.00130384374089175,0.0153));
#9593=CARTESIAN_POINT('',(-0.00587238422298526,-0.00326025440368114,0.0131486436922251));
#9594=CARTESIAN_POINT('',(-0.00584965464066188,-0.0034219435136341,0.0153));
#9595=CARTESIAN_POINT('',(-0.00615,-0.00128540738468214,0.0153));
#9596=CARTESIAN_POINT('',(-0.00615,-0.00128540738468213,0.0133));
#9597=CARTESIAN_POINT('',(0.00685462052736258,-0.0033306561414173,0.00313872691202698));
#9598=CARTESIAN_POINT('',(0.00915,-0.00367257496485616,0.00316276574146577));
#9599=CARTESIAN_POINT('',(0.00915,-0.00135745929086642,0.003));
#9600=CARTESIAN_POINT('',(0.00685400189565451,-0.00333966935113221,0.00300920937380761));
#9601=CARTESIAN_POINT('',(0.00917162725640924,-0.00370747007496617,0.00272300288062827));
#9602=CARTESIAN_POINT('',(0.00915,-0.00136674915290125,0.00260359389817287));
#9603=CARTESIAN_POINT('',(0.00680123397485247,-0.00335030367714358,0.00275299652785483));
#9604=CARTESIAN_POINT('',(0.00902194230113447,-0.00375101849203568,0.00183740625790063));
#9605=CARTESIAN_POINT('',(0.00899321985103922,-0.00137779918532159,0.00182094060190891));
#9606=CARTESIAN_POINT('',(0.00658007169080266,-0.00334196809927978,0.00242343903501021));
#9607=CARTESIAN_POINT('',(0.00824823088669352,-0.00372004648381624,0.000717861856456945));
#9608=CARTESIAN_POINT('',(0.00832276044436905,-0.00136944804270905,0.00081902546144849));
#9609=CARTESIAN_POINT('',(0.00625350069781259,-0.00331054562174937,0.00220393379784479));
#9610=CARTESIAN_POINT('',(0.00710477947887504,-0.00359944109923762,5.09219719223235E-5));
#9611=CARTESIAN_POINT('',(0.00732422129961617,-0.00133722087289557,0.000155626001521912));
#9612=CARTESIAN_POINT('',(0.00599986633587505,-0.00327814497092327,0.00215175214485572));
#9613=CARTESIAN_POINT('',(0.00625870190336212,-0.0034829330022848,-3.97859632417348E-5));
#9614=CARTESIAN_POINT('',(0.00654344648629096,-0.00130384374089229,0.));
#9615=CARTESIAN_POINT('',(0.00587238422298524,-0.00326025440368112,0.00215135630777493));
#9616=CARTESIAN_POINT('',(0.00584965464066186,-0.00342194351363407,0.));
#9617=CARTESIAN_POINT('',(0.00615,-0.00128540738468212,0.));
#9618=CARTESIAN_POINT('',(0.00715,-0.00135745929086642,0.003));
#9619=CARTESIAN_POINT('',(-0.00587238422298522,-0.00326025440368113,0.0131486436922251));
#9620=CARTESIAN_POINT('',(-0.00584965464066184,-0.00342194351363409,0.0153));
#9621=CARTESIAN_POINT('',(-0.00615,-0.00128540738468213,0.0153));
#9622=CARTESIAN_POINT('',(-0.00388929969797673,-0.00298195254347444,0.0131548010324698));
#9623=CARTESIAN_POINT('',(-0.00387552812541579,-0.00313769392286095,0.0153000000001659));
#9624=CARTESIAN_POINT('',(-0.00410987683028655,-0.000998615354974555,0.0153));
#9625=CARTESIAN_POINT('',(8.80673607548408E-7,-0.00263069883058003,0.0130917625931091));
#9626=CARTESIAN_POINT('',(8.8285939364996E-7,-0.00285873231565253,0.0152999999998252));
#9627=CARTESIAN_POINT('',(9.35394655857992E-7,-0.000629681042239087,0.0152999999999999));
#9628=CARTESIAN_POINT('',(0.00388941594544719,-0.00298196885739734,0.0131548006715348));
#9629=CARTESIAN_POINT('',(0.00387564365536899,-0.00313771055775356,0.0153000000001777));
#9630=CARTESIAN_POINT('',(0.00410999642134482,-0.000998632166591068,0.0153));
#9631=CARTESIAN_POINT('',(0.00587238422298523,-0.0032602544036811,0.0131486436922251));
#9632=CARTESIAN_POINT('',(0.00584965464066186,-0.00342194351363405,0.0153));
#9633=CARTESIAN_POINT('',(0.00615,-0.00128540738468211,0.0153));
#9634=CARTESIAN_POINT('',(0.00615,-0.00128540738468211,0.0133));
#9635=CARTESIAN_POINT('',(0.00685462052736257,-0.00333065614141729,0.012161273087973));
#9636=CARTESIAN_POINT('',(0.00915,-0.00367257496485616,0.0121372342585342));
#9637=CARTESIAN_POINT('',(0.00915,-0.00135745929086641,0.0123));
#9638=CARTESIAN_POINT('',(0.00686186901105351,-0.00322504508384372,0.0106436694997332));
#9639=CARTESIAN_POINT('',(0.00915000000000144,-0.00355792491559995,0.0106288450694472));
#9640=CARTESIAN_POINT('',(0.00915,-0.00124860660486067,0.010751722367168));
#9641=CARTESIAN_POINT('',(0.00686258107359826,-0.00308564819194726,0.00764839962873845));
#9642=CARTESIAN_POINT('',(0.00915000000000443,-0.00341806995354448,0.00764841017809952));
#9643=CARTESIAN_POINT('',(0.00914999999999999,-0.00110371026686679,0.00764833090776239));
#9644=CARTESIAN_POINT('',(0.0068618677837614,-0.00322506296700948,0.0046560735240053));
#9645=CARTESIAN_POINT('',(0.00914999999998969,-0.00355794428802596,0.00467090005632135));
#9646=CARTESIAN_POINT('',(0.00915,-0.00124862503692793,0.0045480154624699));
#9647=CARTESIAN_POINT('',(0.00685462052736253,-0.00333065614141729,0.00313872691202695));
#9648=CARTESIAN_POINT('',(0.00915,-0.00367257496485621,0.00316276574146575));
#9649=CARTESIAN_POINT('',(0.00915,-0.00135745929086642,0.003));
#9650=CARTESIAN_POINT('',(0.00715,-0.00135745929086642,0.0123));
#9651=CARTESIAN_POINT('',(0.00587238422298523,-0.0032602544036811,0.0131486436922251));
#9652=CARTESIAN_POINT('',(0.00584965464066186,-0.00342194351363405,0.0153));
#9653=CARTESIAN_POINT('',(0.00615,-0.00128540738468211,0.0153));
#9654=CARTESIAN_POINT('',(0.00599987779115742,-0.00327814657804201,0.0131482478131676));
#9655=CARTESIAN_POINT('',(0.0062587390300421,-0.00348293853672192,0.0153397895531631));
#9656=CARTESIAN_POINT('',(0.00654348184031203,-0.00130384539712976,0.0153));
#9657=CARTESIAN_POINT('',(0.00625220457337741,-0.00331039472260309,0.0130965508307475));
#9658=CARTESIAN_POINT('',(0.00710035905556792,-0.00359888326769699,0.0152503122611511));
#9659=CARTESIAN_POINT('',(0.00732024047790213,-0.00133706560444018,0.0151458320536371));
#9660=CARTESIAN_POINT('',(0.00657972318821836,-0.00334194253167542,0.012876911346152));
#9661=CARTESIAN_POINT('',(0.00824697616896457,-0.0037199437829388,0.0145832879394313));
#9662=CARTESIAN_POINT('',(0.00832170199886334,-0.00136942204746281,0.014482034734652));
#9663=CARTESIAN_POINT('',(0.0068007419585878,-0.00335032548463728,0.0125483021438454));
#9664=CARTESIAN_POINT('',(0.00902032822751641,-0.00375111468805757,0.0134670845042363));
#9665=CARTESIAN_POINT('',(0.00899173823823395,-0.0013778223016137,0.0134830198776098));
#9666=CARTESIAN_POINT('',(0.00685400180142727,-0.00333967083358028,0.0122908119125788));
#9667=CARTESIAN_POINT('',(0.00917163085841033,-0.00370747584587487,0.0125770697984417));
#9668=CARTESIAN_POINT('',(0.00915,-0.0013667506807636,0.0126964712519447));
#9669=CARTESIAN_POINT('',(0.00685462052736257,-0.00333065614141729,0.012161273087973));
#9670=CARTESIAN_POINT('',(0.00915,-0.00367257496485616,0.0121372342585342));
#9671=CARTESIAN_POINT('',(0.00915,-0.00135745929086641,0.0123));
#9672=CARTESIAN_POINT('',(0.,-0.0025,0.00765));
#9673=CARTESIAN_POINT('',(0.002,-0.0025,0.00765));
#9674=CARTESIAN_POINT('',(-0.002,-0.0025,0.00765));
#9675=CARTESIAN_POINT('',(-0.0057,0.001,0.0004));
#9676=CARTESIAN_POINT('',(-0.0062,0.001,0.0004));
#9677=CARTESIAN_POINT('',(0.0052,0.002,0.0004));
#9678=CARTESIAN_POINT('',(0.0052,0.002,0.0004));
#9679=CARTESIAN_POINT('',(0.0052,0.003,0.0004));
#9680=CARTESIAN_POINT('',(0.0052,0.003,0.0004));
#9681=CARTESIAN_POINT('',(0.0057,0.001,0.0004));
#9682=CARTESIAN_POINT('',(0.0062,0.001,0.0004));
#9683=CARTESIAN_POINT('',(0.0062,0.0045,0.0004));
#9684=CARTESIAN_POINT('',(0.0062,0.007,0.0004));
#9685=CARTESIAN_POINT('',(0.0062,0.007,0.0004));
#9686=CARTESIAN_POINT('',(0.0062,0.0045,0.0004));
#9687=CARTESIAN_POINT('',(0.0031,0.008,0.0004));
#9688=CARTESIAN_POINT('',(0.0031,0.008,0.0004));
#9689=CARTESIAN_POINT('',(-0.0052,0.008,0.0004));
#9690=CARTESIAN_POINT('',(0.0052,0.008,0.0004));
#9691=CARTESIAN_POINT('',(0.0052,0.008,0.0004));
#9692=CARTESIAN_POINT('',(-0.0052,0.008,0.0004));
#9693=CARTESIAN_POINT('',(-0.0062,0.0045,0.0004));
#9694=CARTESIAN_POINT('',(-0.0062,0.0045,0.0004));
#9695=CARTESIAN_POINT('',(-0.0062,0.007,0.0004));
#9696=CARTESIAN_POINT('',(-0.0062,0.007,0.));
#9697=CARTESIAN_POINT('',(-0.0052,0.002,0.0004));
#9698=CARTESIAN_POINT('',(-0.0052,0.003,0.0004));
#9699=CARTESIAN_POINT('',(-0.0052,0.003,0.0004));
#9700=CARTESIAN_POINT('',(-0.0052,0.002,0.0004));
#9701=CARTESIAN_POINT('',(-0.004375,0.003,0.0004));
#9702=CARTESIAN_POINT('',(0.00355,0.003,0.0063));
#9703=CARTESIAN_POINT('',(0.00355,0.003,0.0061));
#9704=CARTESIAN_POINT('',(0.00355,0.003,0.0004));
#9705=CARTESIAN_POINT('',(-0.00355,0.003,0.0061));
#9706=CARTESIAN_POINT('',(-0.00355,0.003,0.0061));
#9707=CARTESIAN_POINT('',(-0.00355,0.003,0.0063));
#9708=CARTESIAN_POINT('',(-0.00355,0.003,0.0004));
#9709=CARTESIAN_POINT('',(-0.004375,0.003,0.0004));
#9710=CARTESIAN_POINT('',(0.004375,0.003,0.0004));
#9711=CARTESIAN_POINT('',(-0.004375,0.004,0.0004));
#9712=CARTESIAN_POINT('',(-0.00355,0.004,0.0063));
#9713=CARTESIAN_POINT('',(-0.00355,0.004,0.0061));
#9714=CARTESIAN_POINT('',(-0.00355,0.004,0.0004));
#9715=CARTESIAN_POINT('',(0.00355,0.004,0.0061));
#9716=CARTESIAN_POINT('',(0.00355,0.004,0.0061));
#9717=CARTESIAN_POINT('',(0.00355,0.004,0.0063));
#9718=CARTESIAN_POINT('',(0.00355,0.004,0.0004));
#9719=CARTESIAN_POINT('',(0.004375,0.004,0.0004));
#9720=CARTESIAN_POINT('',(0.0052,0.004,0.0004));
#9721=CARTESIAN_POINT('',(0.0052,0.004,0.0004));
#9722=CARTESIAN_POINT('',(-0.0052,0.004,0.0004));
#9723=CARTESIAN_POINT('',(-0.0052,0.004,0.0004));
#9724=CARTESIAN_POINT('',(-0.004375,0.004,0.0004));
#9725=CARTESIAN_POINT('',(-0.0052,0.0055,0.0004));
#9726=CARTESIAN_POINT('',(-0.0052,0.007,0.0004));
#9727=CARTESIAN_POINT('',(-0.0052,0.007,0.0004));
#9728=CARTESIAN_POINT('',(-0.0052,0.0055,0.0004));
#9729=CARTESIAN_POINT('',(0.0026,0.007,0.0004));
#9730=CARTESIAN_POINT('',(0.0052,0.007,0.0004));
#9731=CARTESIAN_POINT('',(0.0052,0.007,0.0004));
#9732=CARTESIAN_POINT('',(0.0026,0.007,0.0004));
#9733=CARTESIAN_POINT('',(0.0052,0.0055,0.0004));
#9734=CARTESIAN_POINT('',(0.0052,0.0055,0.0004));
#9735=CARTESIAN_POINT('',(0.,0.008,0.0004));
#9736=CARTESIAN_POINT('',(0.0052,0.007,0.0004));
#9737=CARTESIAN_POINT('',(-0.0052,0.007,0.0004));
#9738=CARTESIAN_POINT('',(-0.00355,0.0035,0.0004));
#9739=CARTESIAN_POINT('',(0.00355,0.0035,0.0004));
#9740=CARTESIAN_POINT('',(0.00355,0.0035,0.0063));
#9741=CARTESIAN_POINT('',(0.00355,0.003,0.0061));
#9742=CARTESIAN_POINT('',(-0.00355,0.0035,0.0063));
#9743=CARTESIAN_POINT('',(-0.00355,0.0035,0.0061));
#9744=CARTESIAN_POINT('',(0.,0.008,0.0063));
#9745=CARTESIAN_POINT('',(-0.00355,0.0038,0.0063));
#9746=CARTESIAN_POINT('',(0.00355,0.0032,0.0063));
#9747=CARTESIAN_POINT('',(0.0052,0.007,0.0004));
#9748=CARTESIAN_POINT('',(-0.0052,0.007,0.0004));
#9749=CARTESIAN_POINT('',(0.00335,0.008,0.0063));
#9750=CARTESIAN_POINT('',(0.000908333333333333,0.00135833333333333,0.00874166666666667));
#9751=CARTESIAN_POINT('',(0.00175,0.0048,0.0079));
#9752=CARTESIAN_POINT('',(-0.004375,0.003,0.0061));
#9753=CARTESIAN_POINT('',(-0.003825,0.002725,0.005825));
#9754=CARTESIAN_POINT('',(-0.004375,0.004,0.0061));
#9755=CARTESIAN_POINT('',(-0.003825,0.004275,0.005825));
#9756=CARTESIAN_POINT('',(-0.00355,0.0035,0.0061));
#9757=CARTESIAN_POINT('',(0.025,0.,0.));
#9758=CARTESIAN_POINT('',(0.0029,0.004,0.0063));
#9759=CARTESIAN_POINT('',(0.00245,0.004,0.0063));
#9760=CARTESIAN_POINT('',(0.00245,0.,0.0063));
#9761=CARTESIAN_POINT('',(0.00245,0.0032,0.0063));
#9762=CARTESIAN_POINT('',(0.00355,0.0032,0.0063));
#9763=CARTESIAN_POINT('',(0.00335,0.0032,0.0063));
#9764=CARTESIAN_POINT('',(0.00335,0.,0.0063));
#9765=CARTESIAN_POINT('',(0.00335,0.,0.0063));
#9766=CARTESIAN_POINT('',(0.0029,0.,0.0063));
#9767=CARTESIAN_POINT('',(0.,0.001,0.00765));
#9768=CARTESIAN_POINT('',(0.00615,0.001,0.003));
#9769=CARTESIAN_POINT('',(0.00615,0.001,0.0007));
#9770=CARTESIAN_POINT('',(0.00845,0.001,0.003));
#9771=CARTESIAN_POINT('',(0.00845,0.001,0.00765));
#9772=CARTESIAN_POINT('',(0.00845,0.001,0.0123));
#9773=CARTESIAN_POINT('',(0.00615,0.001,0.0123));
#9774=CARTESIAN_POINT('',(0.00615,0.001,0.0146));
#9775=CARTESIAN_POINT('',(0.,0.001,0.0146));
#9776=CARTESIAN_POINT('',(-0.00615,0.001,0.0146));
#9777=CARTESIAN_POINT('',(-0.00615,0.001,0.0123));
#9778=CARTESIAN_POINT('',(-0.00845,0.001,0.0123));
#9779=CARTESIAN_POINT('',(-0.00845,0.001,0.00765));
#9780=CARTESIAN_POINT('',(-0.00845,0.001,0.003));
#9781=CARTESIAN_POINT('',(-0.00615,0.001,0.003));
#9782=CARTESIAN_POINT('',(-0.00615,0.001,0.0007));
#9783=CARTESIAN_POINT('',(8.67361737988404E-19,0.001,0.0007));
#9784=CARTESIAN_POINT('',(0.0062,0.001,0.0004));
#9785=CARTESIAN_POINT('',(0.0062,0.001,0.0004));
#9786=CARTESIAN_POINT('',(0.0062,0.001,4.16695605871559E-7));
#9787=CARTESIAN_POINT('',(0.0057,0.001,0.0004));
#9788=CARTESIAN_POINT('',(0.0052,0.001,0.0004));
#9789=CARTESIAN_POINT('',(0.0052,0.001,0.0004));
#9790=CARTESIAN_POINT('',(0.0052,0.001,0.));
#9791=CARTESIAN_POINT('',(8.67361737988404E-19,0.001,0.));
#9792=CARTESIAN_POINT('',(-0.0052,0.001,0.));
#9793=CARTESIAN_POINT('',(-0.0052,0.001,0.0004));
#9794=CARTESIAN_POINT('',(-0.0052,0.001,0.0004));
#9795=CARTESIAN_POINT('',(-0.0057,0.001,0.0004));
#9796=CARTESIAN_POINT('',(-0.0062,0.001,0.0004));
#9797=CARTESIAN_POINT('',(-0.0062,0.001,0.0004));
#9798=CARTESIAN_POINT('',(-0.0062,0.001,4.16695605870692E-7));
#9799=CARTESIAN_POINT('',(-0.00615,0.001,0.003));
#9800=CARTESIAN_POINT('',(-0.00915,0.001,0.003));
#9801=CARTESIAN_POINT('',(-0.00915,0.001,0.00765));
#9802=CARTESIAN_POINT('',(-0.00915,0.001,0.0123));
#9803=CARTESIAN_POINT('',(-0.00615,0.001,0.0123));
#9804=CARTESIAN_POINT('',(-0.00615,0.001,0.0153));
#9805=CARTESIAN_POINT('',(0.,0.001,0.0153));
#9806=CARTESIAN_POINT('',(0.00615,0.001,0.0153));
#9807=CARTESIAN_POINT('',(0.00615,0.001,0.0123));
#9808=CARTESIAN_POINT('',(0.00915,0.001,0.0123));
#9809=CARTESIAN_POINT('',(0.00915,0.001,0.00765));
#9810=CARTESIAN_POINT('',(0.00915,0.001,0.003));
#9811=CARTESIAN_POINT('',(0.00615,0.001,0.003));
#9812=CARTESIAN_POINT('',(0.,0.,0.00765));
#9813=CARTESIAN_POINT('',(0.00615,0.,0.003));
#9814=CARTESIAN_POINT('',(0.00745,0.,0.003));
#9815=CARTESIAN_POINT('',(0.00615,0.,0.0017));
#9816=CARTESIAN_POINT('',(-0.00615,0.,0.0017));
#9817=CARTESIAN_POINT('',(-0.00615,0.,0.0017));
#9818=CARTESIAN_POINT('',(-0.00615,0.,0.003));
#9819=CARTESIAN_POINT('',(-0.00745,0.,0.003));
#9820=CARTESIAN_POINT('',(-0.00745,0.,0.0123));
#9821=CARTESIAN_POINT('',(-0.00745,0.,0.0123));
#9822=CARTESIAN_POINT('',(-0.00615,0.,0.0123));
#9823=CARTESIAN_POINT('',(-0.00615,0.,0.0136));
#9824=CARTESIAN_POINT('',(-8.39154852200163E-19,0.,0.0136));
#9825=CARTESIAN_POINT('',(0.00615,0.,0.0136));
#9826=CARTESIAN_POINT('',(0.00615,0.,0.0123));
#9827=CARTESIAN_POINT('',(0.00745,0.,0.0123));
#9828=CARTESIAN_POINT('',(0.00745,0.,0.00765));
#9829=CARTESIAN_POINT('',(0.0029,0.,0.009));
#9830=CARTESIAN_POINT('',(0.00245,0.,0.009));
#9831=CARTESIAN_POINT('',(0.00335,0.,0.009));
#9832=CARTESIAN_POINT('',(0.00055,0.,0.0071));
#9833=CARTESIAN_POINT('',(0.00225,0.,0.0088));
#9834=CARTESIAN_POINT('',(0.00225,0.,0.00765));
#9835=CARTESIAN_POINT('',(0.00225,0.,0.0065));
#9836=CARTESIAN_POINT('',(0.00055,0.,0.0082));
#9837=CARTESIAN_POINT('',(0.00235,0.,0.0053));
#9838=CARTESIAN_POINT('',(0.00355,0.,0.0065));
#9839=CARTESIAN_POINT('',(0.00355,0.,0.00765));
#9840=CARTESIAN_POINT('',(0.00355,0.,0.0088));
#9841=CARTESIAN_POINT('',(0.00235,0.,0.01));
#9842=CARTESIAN_POINT('',(-0.00225,0.,0.00765));
#9843=CARTESIAN_POINT('',(-0.00225,0.,0.0088));
#9844=CARTESIAN_POINT('',(-0.00225,0.,0.0065));
#9845=CARTESIAN_POINT('',(-0.00055,0.,0.0071));
#9846=CARTESIAN_POINT('',(-0.00245,0.,0.009));
#9847=CARTESIAN_POINT('',(-0.0029,0.,0.009));
#9848=CARTESIAN_POINT('',(-0.00335,0.,0.009));
#9849=CARTESIAN_POINT('',(-0.00235,0.,0.01));
#9850=CARTESIAN_POINT('',(-0.00355,0.,0.0088));
#9851=CARTESIAN_POINT('',(-0.00355,0.,0.00765));
#9852=CARTESIAN_POINT('',(-0.00355,0.,0.0065));
#9853=CARTESIAN_POINT('',(-0.00235,0.,0.0053));
#9854=CARTESIAN_POINT('',(-0.00335,0.,0.0063));
#9855=CARTESIAN_POINT('',(-0.0029,0.,0.0063));
#9856=CARTESIAN_POINT('',(-0.00245,0.,0.0063));
#9857=CARTESIAN_POINT('',(-0.00055,0.,0.0082));
#9858=CARTESIAN_POINT('',(-0.00225,0.004,0.00765));
#9859=CARTESIAN_POINT('',(-0.00225,0.004,0.0065));
#9860=CARTESIAN_POINT('',(-0.00225,0.0038,0.0065));
#9861=CARTESIAN_POINT('',(-0.00225,0.0038,0.00765));
#9862=CARTESIAN_POINT('',(-0.00225,0.0038,0.0088));
#9863=CARTESIAN_POINT('',(-0.00225,0.,0.0088));
#9864=CARTESIAN_POINT('',(-0.0029,0.004,0.009));
#9865=CARTESIAN_POINT('',(-0.00355,0.0038,0.009));
#9866=CARTESIAN_POINT('',(-0.00245,0.0038,0.009));
#9867=CARTESIAN_POINT('',(-0.00335,0.0038,0.009));
#9868=CARTESIAN_POINT('',(-0.00335,0.004,0.009));
#9869=CARTESIAN_POINT('',(-0.00245,0.004,0.009));
#9870=CARTESIAN_POINT('',(-0.00355,0.004,0.00765));
#9871=CARTESIAN_POINT('',(-0.00355,0.004,0.0088));
#9872=CARTESIAN_POINT('',(-0.00355,0.0038,0.0088));
#9873=CARTESIAN_POINT('',(-0.00355,0.0038,0.0063));
#9874=CARTESIAN_POINT('',(-0.00355,0.0038,0.0065));
#9875=CARTESIAN_POINT('',(-0.00355,0.,0.0065));
#9876=CARTESIAN_POINT('',(-0.0029,0.004,0.0063));
#9877=CARTESIAN_POINT('',(-0.00335,0.004,0.0063));
#9878=CARTESIAN_POINT('',(-0.00335,0.0032,0.0063));
#9879=CARTESIAN_POINT('',(0.00355,0.0032,0.0063));
#9880=CARTESIAN_POINT('',(-0.00245,0.0032,0.0063));
#9881=CARTESIAN_POINT('',(-0.00245,0.004,0.0063));
#9882=CARTESIAN_POINT('',(0.,0.004,0.00765));
#9883=CARTESIAN_POINT('',(-0.00335,0.004,0.009));
#9884=CARTESIAN_POINT('',(-0.00335,0.004,0.0065));
#9885=CARTESIAN_POINT('',(-0.00335,0.004,0.0088));
#9886=CARTESIAN_POINT('',(-0.00225,0.004,0.0088));
#9887=CARTESIAN_POINT('',(-0.00245,0.004,0.0088));
#9888=CARTESIAN_POINT('',(-0.00245,0.004,0.00765));
#9889=CARTESIAN_POINT('',(-0.00245,0.004,0.0065));
#9890=CARTESIAN_POINT('',(3.8364076872564E-19,0.004,0.0065));
#9891=CARTESIAN_POINT('',(0.0029,0.004,0.009));
#9892=CARTESIAN_POINT('',(0.00335,0.004,0.009));
#9893=CARTESIAN_POINT('',(0.00335,0.0038,0.009));
#9894=CARTESIAN_POINT('',(0.0029,0.0038,0.009));
#9895=CARTESIAN_POINT('',(0.00245,0.0038,0.009));
#9896=CARTESIAN_POINT('',(0.00245,0.,0.009));
#9897=CARTESIAN_POINT('',(0.00225,0.004,0.00765));
#9898=CARTESIAN_POINT('',(0.00225,0.0038,0.0063));
#9899=CARTESIAN_POINT('',(0.00225,0.0038,0.0088));
#9900=CARTESIAN_POINT('',(0.00225,0.0038,0.0065));
#9901=CARTESIAN_POINT('',(0.00225,0.004,0.0065));
#9902=CARTESIAN_POINT('',(0.00225,0.004,0.0088));
#9903=CARTESIAN_POINT('',(0.00355,0.004,0.00765));
#9904=CARTESIAN_POINT('',(0.00355,0.004,0.0065));
#9905=CARTESIAN_POINT('',(0.00355,0.0038,0.0065));
#9906=CARTESIAN_POINT('',(0.00355,0.0038,0.00765));
#9907=CARTESIAN_POINT('',(0.00355,0.0038,0.0088));
#9908=CARTESIAN_POINT('',(0.00355,0.004,0.0088));
#9909=CARTESIAN_POINT('',(0.,0.004,0.00765));
#9910=CARTESIAN_POINT('',(0.00335,0.004,0.00765));
#9911=CARTESIAN_POINT('',(0.00335,0.004,0.0088));
#9912=CARTESIAN_POINT('',(0.00335,0.004,0.0065));
#9913=CARTESIAN_POINT('',(0.00225,0.004,0.0065));
#9914=CARTESIAN_POINT('',(0.00245,0.004,0.0065));
#9915=CARTESIAN_POINT('',(0.00245,0.004,0.009));
#9916=CARTESIAN_POINT('',(0.00245,0.004,0.0088));
#9917=CARTESIAN_POINT('',(1.9182038436282E-19,0.004,0.0088));
#9918=CARTESIAN_POINT('',(-0.00245,0.004,0.0063));
#9919=CARTESIAN_POINT('',(-0.00245,0.004,0.0063));
#9920=CARTESIAN_POINT('',(-0.00245,0.0038,0.0063));
#9921=CARTESIAN_POINT('',(-0.00245,0.0038,0.0063));
#9922=CARTESIAN_POINT('',(-0.00355,0.004,0.0065));
#9923=CARTESIAN_POINT('',(-0.00355,0.0038,0.0065));
#9924=CARTESIAN_POINT('',(-0.00335,0.0038,0.0063));
#9925=CARTESIAN_POINT('',(-0.00335,0.008,0.0063));
#9926=CARTESIAN_POINT('',(3.8364076872564E-19,0.004,0.0065));
#9927=CARTESIAN_POINT('',(-0.00245,0.0038,0.0063));
#9928=CARTESIAN_POINT('',(-0.0029,0.0038,0.0063));
#9929=CARTESIAN_POINT('',(-0.00335,0.0039,0.0064));
#9930=CARTESIAN_POINT('',(-0.00245,0.0038,0.0063));
#9931=CARTESIAN_POINT('',(-0.00235,0.0039,0.0065));
#9932=CARTESIAN_POINT('',(-0.00355,0.0038,0.0065));
#9933=CARTESIAN_POINT('',(-0.00355,0.0038,0.0065));
#9934=CARTESIAN_POINT('',(-0.00245,0.004,0.00765));
#9935=CARTESIAN_POINT('',(-0.00245,0.004,0.0088));
#9936=CARTESIAN_POINT('',(-0.00225,0.004,0.0088));
#9937=CARTESIAN_POINT('',(-0.00235,0.0038,0.0089));
#9938=CARTESIAN_POINT('',(-0.00335,0.004,0.009));
#9939=CARTESIAN_POINT('',(-0.00335,0.0038,0.009));
#9940=CARTESIAN_POINT('',(-0.00355,0.0038,0.00765));
#9941=CARTESIAN_POINT('',(-0.00345,0.0039,0.0088));
#9942=CARTESIAN_POINT('',(-0.00245,0.004,0.0088));
#9943=CARTESIAN_POINT('',(-0.00245,0.004,0.0088));
#9944=CARTESIAN_POINT('',(-0.00335,0.0038,0.009));
#9945=CARTESIAN_POINT('',(-0.00335,0.0038,0.009));
#9946=CARTESIAN_POINT('',(-0.0029,0.0038,0.009));
#9947=CARTESIAN_POINT('',(0.00245,0.004,0.009));
#9948=CARTESIAN_POINT('',(0.00235,0.0038,0.0089));
#9949=CARTESIAN_POINT('',(0.00225,0.0038,0.00765));
#9950=CARTESIAN_POINT('',(0.00225,0.0038,0.0065));
#9951=CARTESIAN_POINT('',(0.00245,0.004,0.0088));
#9952=CARTESIAN_POINT('',(0.00225,0.004,0.0065));
#9953=CARTESIAN_POINT('',(0.00225,0.0038,0.0065));
#9954=CARTESIAN_POINT('',(0.00245,0.0038,0.0063));
#9955=CARTESIAN_POINT('',(0.00245,0.004,0.0063));
#9956=CARTESIAN_POINT('',(0.00245,0.004,0.0088));
#9957=CARTESIAN_POINT('',(0.00245,0.004,0.0088));
#9958=CARTESIAN_POINT('',(0.00225,0.0038,0.0065));
#9959=CARTESIAN_POINT('',(0.00245,0.0039,0.0064));
#9960=CARTESIAN_POINT('',(0.00355,0.004,0.0088));
#9961=CARTESIAN_POINT('',(0.00355,0.0038,0.0088));
#9962=CARTESIAN_POINT('',(1.9182038436282E-19,0.004,0.0088));
#9963=CARTESIAN_POINT('',(0.00335,0.0039,0.0089));
#9964=CARTESIAN_POINT('',(0.0029,0.0038,0.0063));
#9965=CARTESIAN_POINT('',(0.00335,0.004,0.0065));
#9966=CARTESIAN_POINT('',(0.00335,0.0038,0.0063));
#9967=CARTESIAN_POINT('',(0.00355,0.0038,0.0063));
#9968=CARTESIAN_POINT('',(0.00335,0.004,0.0063));
#9969=CARTESIAN_POINT('',(0.00335,0.,0.0063));
#9970=CARTESIAN_POINT('',(0.00345,0.0038,0.0064));
#9971=CARTESIAN_POINT('',(0.00355,0.0038,0.0088));
#9972=CARTESIAN_POINT('',(0.00355,0.0038,0.0088));
#9973=CARTESIAN_POINT('',(0.00335,0.004,0.0065));
#9974=CARTESIAN_POINT('',(0.00335,0.004,0.0065));
#9975=CARTESIAN_POINT('',(0.00335,0.004,0.00765));
#9976=CARTESIAN_POINT('',(-0.00615,-0.01,0.003));
#9977=CARTESIAN_POINT('',(-0.00615,-0.01,-8.67361737988404E-19));
#9978=CARTESIAN_POINT('',(-0.00615,-0.00128540738468211,-8.67361737988404E-19));
#9979=CARTESIAN_POINT('',(-0.00615,0.001,0.));
#9980=CARTESIAN_POINT('',(-0.00615,-0.00128540738468211,-8.67361737988404E-19));
#9981=CARTESIAN_POINT('',(-0.00694171266892538,-0.00132250594229892,-8.67361737988404E-19));
#9982=CARTESIAN_POINT('',(-0.00849418338233272,-0.00138176422851061,0.000650952927428047));
#9983=CARTESIAN_POINT('',(-0.00915,-0.00137602903138199,0.00220761401737787));
#9984=CARTESIAN_POINT('',(-0.00915,-0.00135745929086642,0.003));
#9985=CARTESIAN_POINT('',(-0.00915,-0.00135745929086642,0.003));
#9986=CARTESIAN_POINT('',(-0.00915,-0.01,0.003));
#9987=CARTESIAN_POINT('',(-0.00615,0.001,0.003));
#9988=CARTESIAN_POINT('',(8.67361737988404E-19,-0.01,0.));
#9989=CARTESIAN_POINT('',(0.0052,0.002,0.));
#9990=CARTESIAN_POINT('',(0.0052,0.003,0.));
#9991=CARTESIAN_POINT('',(-0.004375,0.003,0.));
#9992=CARTESIAN_POINT('',(-0.0052,0.003,0.));
#9993=CARTESIAN_POINT('',(-0.0052,0.002,0.));
#9994=CARTESIAN_POINT('',(0.00615,-0.01,8.67361737988404E-19));
#9995=CARTESIAN_POINT('',(0.00615,-0.00128540738468212,8.67361737988404E-19));
#9996=CARTESIAN_POINT('',(0.00615,0.001,0.));
#9997=CARTESIAN_POINT('',(0.00615,-0.00128540738468212,8.67361737988404E-19));
#9998=CARTESIAN_POINT('',(0.00410987683031293,-0.000998615358003728,5.79634131781869E-19));
#9999=CARTESIAN_POINT('',(-9.35394645214596E-7,-0.000629681039210007,8.43322980200445E-24));
#10000=CARTESIAN_POINT('',(-0.00410999642139243,-0.000998632169620061,-5.79650998241473E-19));
#10001=CARTESIAN_POINT('',(-0.00615,-0.00128540738468211,-8.67361737988404E-19));
#10002=CARTESIAN_POINT('',(-0.0057,0.001,0.));
#10003=CARTESIAN_POINT('',(-0.0062,0.001,0.));
#10004=CARTESIAN_POINT('',(-0.0062,0.0045,0.));
#10005=CARTESIAN_POINT('',(-0.0062,0.007,0.));
#10006=CARTESIAN_POINT('',(-0.0052,0.007,0.));
#10007=CARTESIAN_POINT('',(-0.0052,0.008,0.));
#10008=CARTESIAN_POINT('',(0.0031,0.008,0.));
#10009=CARTESIAN_POINT('',(0.0052,0.008,0.));
#10010=CARTESIAN_POINT('',(0.0052,0.007,0.));
#10011=CARTESIAN_POINT('',(0.0062,0.007,0.));
#10012=CARTESIAN_POINT('',(0.0062,0.0045,0.));
#10013=CARTESIAN_POINT('',(0.0062,0.001,0.));
#10014=CARTESIAN_POINT('',(0.0057,0.001,0.));
#10015=CARTESIAN_POINT('',(-0.004375,0.004,0.));
#10016=CARTESIAN_POINT('',(0.0052,0.004,0.));
#10017=CARTESIAN_POINT('',(-0.0052,0.004,0.));
#10018=CARTESIAN_POINT('',(0.0052,0.0055,0.));
#10019=CARTESIAN_POINT('',(0.0052,0.007,0.));
#10020=CARTESIAN_POINT('',(0.0026,0.007,0.));
#10021=CARTESIAN_POINT('',(-0.0052,0.007,0.));
#10022=CARTESIAN_POINT('',(-0.0052,0.0055,0.));
#10023=CARTESIAN_POINT('',(0.00615,-0.01,0.003));
#10024=CARTESIAN_POINT('',(0.00915,-0.01,0.003));
#10025=CARTESIAN_POINT('',(0.00915,-0.00135745929086642,0.003));
#10026=CARTESIAN_POINT('',(0.00915,-0.00135745929086642,0.003));
#10027=CARTESIAN_POINT('',(0.00915,-0.00137602628278687,0.00220773130217496));
#10028=CARTESIAN_POINT('',(0.00849744425776777,-0.00138184600569838,0.000654098359183399));
#10029=CARTESIAN_POINT('',(0.00694160208113465,-0.00132250076030843,0.));
#10030=CARTESIAN_POINT('',(0.00615,-0.00128540738468212,0.));
#10031=CARTESIAN_POINT('',(0.00615,0.001,0.003));
#10032=CARTESIAN_POINT('',(0.00915,-0.01,0.00765));
#10033=CARTESIAN_POINT('',(0.00915,-0.01,0.0123));
#10034=CARTESIAN_POINT('',(0.00915,-0.00135745929086641,0.0123));
#10035=CARTESIAN_POINT('',(0.00915,-0.00135745929086641,0.0123));
#10036=CARTESIAN_POINT('',(0.00915,-0.00124860660599062,0.0107517223671124));
#10037=CARTESIAN_POINT('',(0.00915000000000001,-0.00110371026573942,0.00764833090776997));
#10038=CARTESIAN_POINT('',(0.00915,-0.00124862503805272,0.00454801546251028));
#10039=CARTESIAN_POINT('',(0.00915,-0.00135745929086642,0.003));
#10040=CARTESIAN_POINT('',(0.00615,-0.01,0.0123));
#10041=CARTESIAN_POINT('',(0.00615,-0.01,0.0153));
#10042=CARTESIAN_POINT('',(0.00615,-0.00128540738468211,0.0153));
#10043=CARTESIAN_POINT('',(0.00615,-0.00128540738468211,0.0153));
#10044=CARTESIAN_POINT('',(0.00694171266892538,-0.00132250594229892,0.0153));
#10045=CARTESIAN_POINT('',(0.00849418338233272,-0.00138176422851061,0.014649047072572));
#10046=CARTESIAN_POINT('',(0.00915,-0.00137602903138199,0.0130923859826221));
#10047=CARTESIAN_POINT('',(0.00915,-0.00135745929086641,0.0123));
#10048=CARTESIAN_POINT('',(0.,-0.01,0.0153));
#10049=CARTESIAN_POINT('',(-0.00615,-0.01,0.0153));
#10050=CARTESIAN_POINT('',(-0.00615,-0.00128540738468214,0.0153));
#10051=CARTESIAN_POINT('',(-0.00615,-0.00128540738468214,0.0153));
#10052=CARTESIAN_POINT('',(-0.00410987683031293,-0.00099861535800373,0.0153));
#10053=CARTESIAN_POINT('',(9.35394645209826E-7,-0.000629681039210004,0.0153));
#10054=CARTESIAN_POINT('',(0.00410999642139243,-0.00099863216962007,0.0153));
#10055=CARTESIAN_POINT('',(0.00615,-0.00128540738468211,0.0153));
#10056=CARTESIAN_POINT('',(-0.00615,-0.01,0.0123));
#10057=CARTESIAN_POINT('',(-0.00915,-0.01,0.0123));
#10058=CARTESIAN_POINT('',(-0.00915,-0.00135745929086644,0.0123));
#10059=CARTESIAN_POINT('',(-0.00915,-0.00135745929086644,0.0123));
#10060=CARTESIAN_POINT('',(-0.00915,-0.00137602628278689,0.013092268697825));
#10061=CARTESIAN_POINT('',(-0.00849744425776777,-0.0013818460056984,0.0146459016408166));
#10062=CARTESIAN_POINT('',(-0.00694160208113465,-0.00132250076030845,0.0153));
#10063=CARTESIAN_POINT('',(-0.00615,-0.00128540738468213,0.0153));
#10064=CARTESIAN_POINT('',(-0.00915,-0.01,0.00765));
#10065=CARTESIAN_POINT('',(-0.00915,-0.00135745929086642,0.003));
#10066=CARTESIAN_POINT('',(-0.00915,-0.00124860660599062,0.00454827763288757));
#10067=CARTESIAN_POINT('',(-0.00915000000000001,-0.00110371026573941,0.00765166909223003));
#10068=CARTESIAN_POINT('',(-0.00915,-0.00124862503805273,0.0107519845374897));
#10069=CARTESIAN_POINT('',(-0.00915,-0.00135745929086644,0.0123));
#10070=CARTESIAN_POINT('',(-8.39154852200163E-19,0.,0.0136));
#10071=CARTESIAN_POINT('',(0.00615,0.,0.0136));
#10072=CARTESIAN_POINT('',(-0.00615,0.001,0.0146));
#10073=CARTESIAN_POINT('',(-0.00615,0.001,0.0123));
#10074=CARTESIAN_POINT('',(-0.00845,0.001,0.0123));
#10075=CARTESIAN_POINT('',(0.00615,0.001,0.0123));
#10076=CARTESIAN_POINT('',(0.00745,0.,0.0123));
#10077=CARTESIAN_POINT('',(-0.00845,0.001,0.00765));
#10078=CARTESIAN_POINT('',(-0.00845,0.001,0.003));
#10079=CARTESIAN_POINT('',(0.00745,0.,0.00765));
#10080=CARTESIAN_POINT('',(0.00745,0.,0.003));
#10081=CARTESIAN_POINT('',(-0.00615,0.001,0.003));
#10082=CARTESIAN_POINT('',(-0.00615,0.001,0.0007));
#10083=CARTESIAN_POINT('',(0.00615,0.001,0.003));
#10084=CARTESIAN_POINT('',(0.00615,0.,0.0017));
#10085=CARTESIAN_POINT('',(8.67361737988404E-19,0.001,0.0007));
#10086=CARTESIAN_POINT('',(0.006938961055273,-0.00342294583585019,0.0020852829221649));
#10087=CARTESIAN_POINT('',(0.0069422291436445,-0.0032746330722836,0.00394013278110303));
#10088=CARTESIAN_POINT('',(0.0069475333435889,-0.00306014761938862,0.00765000000000016));
#10089=CARTESIAN_POINT('',(0.00694222914364449,-0.00327463307228362,0.0113598672188974));
#10090=CARTESIAN_POINT('',(0.00693896105527299,-0.00342294583585023,0.0132147170778357));
#10091=CARTESIAN_POINT('',(0.00615718979629831,-0.00330266081735108,0.00208467552931337));
#10092=CARTESIAN_POINT('',(0.00615993858988273,-0.0031600267378459,0.00393973419836184));
#10093=CARTESIAN_POINT('',(0.00616430612166011,-0.00294633759472864,0.00765000000000014));
#10094=CARTESIAN_POINT('',(0.00615993858988273,-0.00316002673784592,0.0113602658016386));
#10095=CARTESIAN_POINT('',(0.00615718979629831,-0.00330266081735112,0.0132153244706873));
#10096=CARTESIAN_POINT('',(0.00384443641085856,-0.00297334327944057,0.00208296575194947));
#10097=CARTESIAN_POINT('',(0.00384578395026575,-0.00283784717202037,0.00393861209467967));
#10098=CARTESIAN_POINT('',(0.00384777085975241,-0.00262553794260915,0.00765000000000009));
#10099=CARTESIAN_POINT('',(0.00384578395026576,-0.00283784717202039,0.0113613879053208));
#10100=CARTESIAN_POINT('',(0.00384443641085858,-0.0029733432794406,0.0132170342480512));
#10101=CARTESIAN_POINT('',(-3.98533805239233E-17,-0.00270978858157835,0.00208107805948857));
#10102=CARTESIAN_POINT('',(-4.43083550384538E-17,-0.00252486573976873,0.00393759314930418));
#10103=CARTESIAN_POINT('',(4.61218208844411E-17,-0.00216928166741078,0.00765000000000034));
#10104=CARTESIAN_POINT('',(-1.96919782819934E-17,-0.00252486573976875,0.0113624068506961));
#10105=CARTESIAN_POINT('',(-2.57931796351822E-17,-0.0027097885815784,0.013218921940512));
#10106=CARTESIAN_POINT('',(-0.00384443641085756,-0.00297334327944047,0.00208296575194937));
#10107=CARTESIAN_POINT('',(-0.00384578395026476,-0.00283784717202026,0.0039386120946796));
#10108=CARTESIAN_POINT('',(-0.00384777085975148,-0.002625537942609,0.00765000000000011));
#10109=CARTESIAN_POINT('',(-0.00384578395026476,-0.00283784717202032,0.0113613879053207));
#10110=CARTESIAN_POINT('',(-0.00384443641085756,-0.00297334327944055,0.0132170342480511));
#10111=CARTESIAN_POINT('',(-0.00615718979629627,-0.00330266081735078,0.00208467552931328));
#10112=CARTESIAN_POINT('',(-0.00615993858988069,-0.00316002673784561,0.00393973419836178));
#10113=CARTESIAN_POINT('',(-0.00616430612165818,-0.00294633759472835,0.00765000000000014));
#10114=CARTESIAN_POINT('',(-0.00615993858988068,-0.00316002673784566,0.0113602658016385));
#10115=CARTESIAN_POINT('',(-0.00615718979629625,-0.00330266081735085,0.0132153244706872));
#10116=CARTESIAN_POINT('',(-0.00693896105526995,-0.00342294583584973,0.00208528292216482));
#10117=CARTESIAN_POINT('',(-0.00694222914364144,-0.00327463307228316,0.00394013278110297));
#10118=CARTESIAN_POINT('',(-0.00694753334358603,-0.00306014761938818,0.00765000000000016));
#10119=CARTESIAN_POINT('',(-0.00694222914364142,-0.00327463307228319,0.0113598672188973));
#10120=CARTESIAN_POINT('',(-0.00693896105526993,-0.00342294583584979,0.0132147170778357));
#10121=CARTESIAN_POINT('',(0.00685462052736257,-0.0033306561414173,0.00313872691202695));
#10122=CARTESIAN_POINT('',(0.00686179380819654,-0.0032261408013345,0.00464058532400499));
#10123=CARTESIAN_POINT('',(0.00686265502699557,-0.00308457068031911,0.00764837926597018));
#10124=CARTESIAN_POINT('',(0.00686179507981905,-0.00322612227368144,0.0106591484384113));
#10125=CARTESIAN_POINT('',(0.00685462052736257,-0.00333065614141729,0.012161273087973));
#10126=CARTESIAN_POINT('',(0.00685462052736257,-0.0033306561414173,0.00313872691202695));
#10127=CARTESIAN_POINT('',(0.00685462052736257,-0.00333065614141729,0.012161273087973));
#10128=CARTESIAN_POINT('',(0.00685462052736257,-0.00333065614141729,0.012161273087973));
#10129=CARTESIAN_POINT('',(0.00685338022903903,-0.00334872739836223,0.0124209523775038));
#10130=CARTESIAN_POINT('',(0.00663496841139665,-0.00335378691196227,0.0129302957914197));
#10131=CARTESIAN_POINT('',(0.0061301758984069,-0.00329643233856697,0.0131478432669304));
#10132=CARTESIAN_POINT('',(0.00587238422298522,-0.0032602544036811,0.0131486436922251));
#10133=CARTESIAN_POINT('',(0.00587238422298523,-0.0032602544036811,0.0131486436922251));
#10134=CARTESIAN_POINT('',(0.00587238422298523,-0.0032602544036811,0.0131486436922251));
#10135=CARTESIAN_POINT('',(0.0039243644067902,-0.00298687345004327,0.0131546921588126));
#10136=CARTESIAN_POINT('',(9.39544220889422E-7,-0.00262579579367552,0.0130918710716404));
#10137=CARTESIAN_POINT('',(-0.00392422600284582,-0.0029868540267284,0.0131546925885472));
#10138=CARTESIAN_POINT('',(-0.00587238422298522,-0.00326025440368113,0.013148643692225));
#10139=CARTESIAN_POINT('',(-0.00587238422298522,-0.00326025440368113,0.0131486436922251));
#10140=CARTESIAN_POINT('',(-0.00587238422298522,-0.00326025440368113,0.0131486436922251));
#10141=CARTESIAN_POINT('',(-0.00613012737690942,-0.00329642552916334,0.0131478434175863));
#10142=CARTESIAN_POINT('',(-0.00663606823093435,-0.00335386912026571,0.0129292279030578));
#10143=CARTESIAN_POINT('',(-0.00685338035306073,-0.0033487255913546,0.0124209264112711));
#10144=CARTESIAN_POINT('',(-0.00685462052736255,-0.00333065614141731,0.012161273087973));
#10145=CARTESIAN_POINT('',(-0.00685462052736255,-0.00333065614141731,0.012161273087973));
#10146=CARTESIAN_POINT('',(-0.00685462052736256,-0.00333065614141731,0.012161273087973));
#10147=CARTESIAN_POINT('',(-0.00686179380819653,-0.00322614080133451,0.010659414675995));
#10148=CARTESIAN_POINT('',(-0.00686265502699556,-0.0030845706803191,0.00765162073402982));
#10149=CARTESIAN_POINT('',(-0.00686179507981903,-0.00322612227368144,0.00464085156158867));
#10150=CARTESIAN_POINT('',(-0.00685462052736255,-0.00333065614141729,0.00313872691202697));
#10151=CARTESIAN_POINT('',(-0.00685462052736255,-0.00333065614141729,0.00313872691202697));
#10152=CARTESIAN_POINT('',(-0.00685462052736255,-0.00333065614141729,0.00313872691202697));
#10153=CARTESIAN_POINT('',(-0.00685338022903901,-0.00334872739836223,0.00287904762249619));
#10154=CARTESIAN_POINT('',(-0.00663496841139663,-0.00335378691196227,0.00236970420858032));
#10155=CARTESIAN_POINT('',(-0.00613017589840689,-0.00329643233856697,0.00215215673306956));
#10156=CARTESIAN_POINT('',(-0.00587238422298522,-0.0032602544036811,0.00215135630777493));
#10157=CARTESIAN_POINT('',(-0.00587238422298522,-0.0032602544036811,0.00215135630777493));
#10158=CARTESIAN_POINT('',(-0.00587238422298522,-0.0032602544036811,0.00215135630777493));
#10159=CARTESIAN_POINT('',(-0.00392436440679019,-0.00298687345004326,0.00214530784118742));
#10160=CARTESIAN_POINT('',(-9.39544220879447E-7,-0.00262579579367552,0.00220812892835965));
#10161=CARTESIAN_POINT('',(0.00392422600284583,-0.0029868540267284,0.0021453074114528));
#10162=CARTESIAN_POINT('',(0.00587238422298523,-0.00326025440368111,0.00215135630777497));
#10163=CARTESIAN_POINT('',(0.00587238422298523,-0.00326025440368112,0.00215135630777493));
#10164=CARTESIAN_POINT('',(0.00587238422298523,-0.00326025440368112,0.00215135630777493));
#10165=CARTESIAN_POINT('',(0.00613012737690944,-0.00329642552916333,0.00215215658241367));
#10166=CARTESIAN_POINT('',(0.00663606823093436,-0.00335386912026568,0.00237077209694222));
#10167=CARTESIAN_POINT('',(0.00685338035306075,-0.00334872559135458,0.00287907358872892));
#10168=CARTESIAN_POINT('',(0.00685462052736257,-0.0033306561414173,0.00313872691202695));
#10169=CARTESIAN_POINT('',(-0.00587238422298522,-0.0032602544036811,0.00215135630777492));
#10170=CARTESIAN_POINT('',(-0.00584965464066184,-0.00342194351363405,0.));
#10171=CARTESIAN_POINT('',(-0.00615,-0.00128540738468211,0.));
#10172=CARTESIAN_POINT('',(-0.00599987779115773,-0.00327814657804186,0.00215175218683495));
#10173=CARTESIAN_POINT('',(-0.00625873903004168,-0.00348293853672378,-3.97895531618451E-5));
#10174=CARTESIAN_POINT('',(-0.00654348184030979,-0.00130384539712978,0.));
#10175=CARTESIAN_POINT('',(-0.00625220457337724,-0.00331039472260315,0.00220344916925139));
#10176=CARTESIAN_POINT('',(-0.00710035905556791,-0.003598883267696,4.96877388485529E-5));
#10177=CARTESIAN_POINT('',(-0.00732024047790315,-0.00133706560444017,0.000154167946363212));
#10178=CARTESIAN_POINT('',(-0.00657972318821839,-0.00334194253167541,0.00242308865384833));
#10179=CARTESIAN_POINT('',(-0.00824697616896476,-0.00371994378293939,0.000716712060568043));
#10180=CARTESIAN_POINT('',(-0.00832170199886307,-0.00136942204746283,0.000817965265347131));
#10181=CARTESIAN_POINT('',(-0.00680074195858779,-0.00335032548463728,0.0027516978561547));
#10182=CARTESIAN_POINT('',(-0.00902032822751575,-0.00375111468805638,0.00183291549576665));
#10183=CARTESIAN_POINT('',(-0.00899173823823402,-0.00137782230161368,0.00181698012239344));
#10184=CARTESIAN_POINT('',(-0.00685400180142722,-0.00333967083358031,0.00300918808742077));
#10185=CARTESIAN_POINT('',(-0.00917163085841173,-0.00370747584587732,0.00272293020155227));
#10186=CARTESIAN_POINT('',(-0.00915,-0.00136675068076368,0.00260352874804817));
#10187=CARTESIAN_POINT('',(-0.00685462052736255,-0.0033306561414173,0.00313872691202697));
#10188=CARTESIAN_POINT('',(-0.00915,-0.00367257496485619,0.00316276574146577));
#10189=CARTESIAN_POINT('',(-0.00915,-0.00135745929086642,0.003));
#10190=CARTESIAN_POINT('',(-0.00615,-0.00128540738468211,0.002));
#10191=CARTESIAN_POINT('',(-0.00715,-0.00135745929086642,0.003));
#10192=CARTESIAN_POINT('',(-0.00685462052736255,-0.00333065614141729,0.00313872691202697));
#10193=CARTESIAN_POINT('',(-0.00915,-0.00367257496485619,0.00316276574146577));
#10194=CARTESIAN_POINT('',(-0.00915,-0.00135745929086642,0.003));
#10195=CARTESIAN_POINT('',(-0.00686186901104289,-0.00322504508384009,0.00465633050029598));
#10196=CARTESIAN_POINT('',(-0.00915000000001301,-0.00355792491562528,0.00467115493059652));
#10197=CARTESIAN_POINT('',(-0.00915,-0.00124860660485765,0.00454827763284077));
#10198=CARTESIAN_POINT('',(-0.00686258107358014,-0.00308564819194443,0.00765160037123098));
#10199=CARTESIAN_POINT('',(-0.0091499999998569,-0.00341806995339441,0.00765158982201457));
#10200=CARTESIAN_POINT('',(-0.00915000000000004,-0.00110371026686164,0.0076516690922282));
#10201=CARTESIAN_POINT('',(-0.00686186778380821,-0.00322506296701876,0.0106439264760266));
#10202=CARTESIAN_POINT('',(-0.00915000000027321,-0.00355794428831151,0.0106290999435909));
#10203=CARTESIAN_POINT('',(-0.00914999999999989,-0.00124862503694124,0.0107519845375402));
#10204=CARTESIAN_POINT('',(-0.00685462052736249,-0.00333065614141731,0.012161273087973));
#10205=CARTESIAN_POINT('',(-0.00914999999999989,-0.00367257496485614,0.0121372342585342));
#10206=CARTESIAN_POINT('',(-0.00914999999999989,-0.00135745929086643,0.0123));
#10207=CARTESIAN_POINT('',(-0.00715,-0.00135745929086644,0.0123));
#10208=CARTESIAN_POINT('',(0.00587238422298524,-0.00326025440368112,0.00215135630777493));
#10209=CARTESIAN_POINT('',(0.00584965464066186,-0.00342194351363407,0.));
#10210=CARTESIAN_POINT('',(0.00615,-0.00128540738468212,0.));
#10211=CARTESIAN_POINT('',(0.00388929969797389,-0.00298195254347434,0.0021451989675263));
#10212=CARTESIAN_POINT('',(0.00387552812540521,-0.00313769392287541,-1.79287380126752E-13));
#10213=CARTESIAN_POINT('',(0.0041098768302946,-0.000998615354976552,-2.87727606217884E-19));
#10214=CARTESIAN_POINT('',(-8.80673605036311E-7,-0.00263069883058001,0.00220823740689185));
#10215=CARTESIAN_POINT('',(-8.82859403018656E-7,-0.00285873231563366,1.98786590933878E-13));
#10216=CARTESIAN_POINT('',(-9.35394657650395E-7,-0.000629681042238195,5.7245883140469E-17));
#10217=CARTESIAN_POINT('',(-0.0038894159454494,-0.00298196885739748,0.00214519932846726));
#10218=CARTESIAN_POINT('',(-0.00387564365535629,-0.00313771055777924,-2.1138618277288E-13));
#10219=CARTESIAN_POINT('',(-0.00410999642134929,-0.000998632166590848,2.87710739749111E-19));
#10220=CARTESIAN_POINT('',(-0.00587238422298522,-0.00326025440368111,0.00215135630777492));
#10221=CARTESIAN_POINT('',(-0.00584965464066184,-0.00342194351363405,0.));
#10222=CARTESIAN_POINT('',(-0.00615,-0.00128540738468211,0.));
#10223=CARTESIAN_POINT('',(0.00615,-0.00128540738468212,0.002));
#10224=CARTESIAN_POINT('',(-0.00685462052736256,-0.00333065614141731,0.012161273087973));
#10225=CARTESIAN_POINT('',(-0.00915,-0.0036725749648562,0.0121372342585342));
#10226=CARTESIAN_POINT('',(-0.00915,-0.00135745929086644,0.0123));
#10227=CARTESIAN_POINT('',(-0.00685400189565386,-0.00333966935113225,0.012290790626194));
#10228=CARTESIAN_POINT('',(-0.00917162725640778,-0.00370747007496515,0.0125769971193748));
#10229=CARTESIAN_POINT('',(-0.00915,-0.00136674915290108,0.0126964061018277));
#10230=CARTESIAN_POINT('',(-0.00680123397485299,-0.00335030367714362,0.0125470034721444));
#10231=CARTESIAN_POINT('',(-0.00902194230113538,-0.0037510184920363,0.0134625937420979));
#10232=CARTESIAN_POINT('',(-0.00899321985103919,-0.00137779918532172,0.0134790593980908));
#10233=CARTESIAN_POINT('',(-0.00658007169080172,-0.00334196809927969,0.0128765609649902));
#10234=CARTESIAN_POINT('',(-0.00824823088669249,-0.0037200464838159,0.0145821381435437));
#10235=CARTESIAN_POINT('',(-0.00832276044436916,-0.00136944804270898,0.0144809745385516));
#10236=CARTESIAN_POINT('',(-0.00625350069781571,-0.00331054562174977,0.0130960662021544));
#10237=CARTESIAN_POINT('',(-0.00710477947887816,-0.00359944109923855,0.0152490780280767));
#10238=CARTESIAN_POINT('',(-0.00732422129961568,-0.00133722087289585,0.0151443739984781));
#10239=CARTESIAN_POINT('',(-0.00599986633586832,-0.00327814497092246,0.0131482478551458));
#10240=CARTESIAN_POINT('',(-0.00625870190335554,-0.00348293300228296,0.0153397859632437));
#10241=CARTESIAN_POINT('',(-0.006543446486292,-0.00130384374089175,0.0153));
#10242=CARTESIAN_POINT('',(-0.00587238422298526,-0.00326025440368114,0.0131486436922251));
#10243=CARTESIAN_POINT('',(-0.00584965464066188,-0.0034219435136341,0.0153));
#10244=CARTESIAN_POINT('',(-0.00615,-0.00128540738468214,0.0153));
#10245=CARTESIAN_POINT('',(-0.00615,-0.00128540738468213,0.0133));
#10246=CARTESIAN_POINT('',(0.00685462052736258,-0.0033306561414173,0.00313872691202698));
#10247=CARTESIAN_POINT('',(0.00915,-0.00367257496485616,0.00316276574146577));
#10248=CARTESIAN_POINT('',(0.00915,-0.00135745929086642,0.003));
#10249=CARTESIAN_POINT('',(0.00685400189565451,-0.00333966935113221,0.00300920937380761));
#10250=CARTESIAN_POINT('',(0.00917162725640924,-0.00370747007496617,0.00272300288062827));
#10251=CARTESIAN_POINT('',(0.00915,-0.00136674915290125,0.00260359389817287));
#10252=CARTESIAN_POINT('',(0.00680123397485247,-0.00335030367714358,0.00275299652785483));
#10253=CARTESIAN_POINT('',(0.00902194230113447,-0.00375101849203568,0.00183740625790063));
#10254=CARTESIAN_POINT('',(0.00899321985103922,-0.00137779918532159,0.00182094060190891));
#10255=CARTESIAN_POINT('',(0.00658007169080266,-0.00334196809927978,0.00242343903501021));
#10256=CARTESIAN_POINT('',(0.00824823088669352,-0.00372004648381624,0.000717861856456945));
#10257=CARTESIAN_POINT('',(0.00832276044436905,-0.00136944804270905,0.00081902546144849));
#10258=CARTESIAN_POINT('',(0.00625350069781259,-0.00331054562174937,0.00220393379784479));
#10259=CARTESIAN_POINT('',(0.00710477947887504,-0.00359944109923762,5.09219719223235E-5));
#10260=CARTESIAN_POINT('',(0.00732422129961617,-0.00133722087289557,0.000155626001521912));
#10261=CARTESIAN_POINT('',(0.00599986633587505,-0.00327814497092327,0.00215175214485572));
#10262=CARTESIAN_POINT('',(0.00625870190336212,-0.0034829330022848,-3.97859632417348E-5));
#10263=CARTESIAN_POINT('',(0.00654344648629096,-0.00130384374089229,0.));
#10264=CARTESIAN_POINT('',(0.00587238422298524,-0.00326025440368112,0.00215135630777493));
#10265=CARTESIAN_POINT('',(0.00584965464066186,-0.00342194351363407,0.));
#10266=CARTESIAN_POINT('',(0.00615,-0.00128540738468212,0.));
#10267=CARTESIAN_POINT('',(0.00715,-0.00135745929086642,0.003));
#10268=CARTESIAN_POINT('',(-0.00587238422298522,-0.00326025440368113,0.0131486436922251));
#10269=CARTESIAN_POINT('',(-0.00584965464066184,-0.00342194351363409,0.0153));
#10270=CARTESIAN_POINT('',(-0.00615,-0.00128540738468213,0.0153));
#10271=CARTESIAN_POINT('',(-0.00388929969797673,-0.00298195254347444,0.0131548010324698));
#10272=CARTESIAN_POINT('',(-0.00387552812541579,-0.00313769392286095,0.0153000000001659));
#10273=CARTESIAN_POINT('',(-0.00410987683028655,-0.000998615354974555,0.0153));
#10274=CARTESIAN_POINT('',(8.80673607548408E-7,-0.00263069883058003,0.0130917625931091));
#10275=CARTESIAN_POINT('',(8.8285939364996E-7,-0.00285873231565253,0.0152999999998252));
#10276=CARTESIAN_POINT('',(9.35394655857992E-7,-0.000629681042239087,0.0152999999999999));
#10277=CARTESIAN_POINT('',(0.00388941594544719,-0.00298196885739734,0.0131548006715348));
#10278=CARTESIAN_POINT('',(0.00387564365536899,-0.00313771055775356,0.0153000000001777));
#10279=CARTESIAN_POINT('',(0.00410999642134482,-0.000998632166591068,0.0153));
#10280=CARTESIAN_POINT('',(0.00587238422298523,-0.0032602544036811,0.0131486436922251));
#10281=CARTESIAN_POINT('',(0.00584965464066186,-0.00342194351363405,0.0153));
#10282=CARTESIAN_POINT('',(0.00615,-0.00128540738468211,0.0153));
#10283=CARTESIAN_POINT('',(0.00615,-0.00128540738468211,0.0133));
#10284=CARTESIAN_POINT('',(0.00685462052736257,-0.00333065614141729,0.012161273087973));
#10285=CARTESIAN_POINT('',(0.00915,-0.00367257496485616,0.0121372342585342));
#10286=CARTESIAN_POINT('',(0.00915,-0.00135745929086641,0.0123));
#10287=CARTESIAN_POINT('',(0.00686186901105351,-0.00322504508384372,0.0106436694997332));
#10288=CARTESIAN_POINT('',(0.00915000000000144,-0.00355792491559995,0.0106288450694472));
#10289=CARTESIAN_POINT('',(0.00915,-0.00124860660486067,0.010751722367168));
#10290=CARTESIAN_POINT('',(0.00686258107359826,-0.00308564819194726,0.00764839962873845));
#10291=CARTESIAN_POINT('',(0.00915000000000443,-0.00341806995354448,0.00764841017809952));
#10292=CARTESIAN_POINT('',(0.00914999999999999,-0.00110371026686679,0.00764833090776239));
#10293=CARTESIAN_POINT('',(0.0068618677837614,-0.00322506296700948,0.0046560735240053));
#10294=CARTESIAN_POINT('',(0.00914999999998969,-0.00355794428802596,0.00467090005632135));
#10295=CARTESIAN_POINT('',(0.00915,-0.00124862503692793,0.0045480154624699));
#10296=CARTESIAN_POINT('',(0.00685462052736253,-0.00333065614141729,0.00313872691202695));
#10297=CARTESIAN_POINT('',(0.00915,-0.00367257496485621,0.00316276574146575));
#10298=CARTESIAN_POINT('',(0.00915,-0.00135745929086642,0.003));
#10299=CARTESIAN_POINT('',(0.00715,-0.00135745929086642,0.0123));
#10300=CARTESIAN_POINT('',(0.00587238422298523,-0.0032602544036811,0.0131486436922251));
#10301=CARTESIAN_POINT('',(0.00584965464066186,-0.00342194351363405,0.0153));
#10302=CARTESIAN_POINT('',(0.00615,-0.00128540738468211,0.0153));
#10303=CARTESIAN_POINT('',(0.00599987779115742,-0.00327814657804201,0.0131482478131676));
#10304=CARTESIAN_POINT('',(0.0062587390300421,-0.00348293853672192,0.0153397895531631));
#10305=CARTESIAN_POINT('',(0.00654348184031203,-0.00130384539712976,0.0153));
#10306=CARTESIAN_POINT('',(0.00625220457337741,-0.00331039472260309,0.0130965508307475));
#10307=CARTESIAN_POINT('',(0.00710035905556792,-0.00359888326769699,0.0152503122611511));
#10308=CARTESIAN_POINT('',(0.00732024047790213,-0.00133706560444018,0.0151458320536371));
#10309=CARTESIAN_POINT('',(0.00657972318821836,-0.00334194253167542,0.012876911346152));
#10310=CARTESIAN_POINT('',(0.00824697616896457,-0.0037199437829388,0.0145832879394313));
#10311=CARTESIAN_POINT('',(0.00832170199886334,-0.00136942204746281,0.014482034734652));
#10312=CARTESIAN_POINT('',(0.0068007419585878,-0.00335032548463728,0.0125483021438454));
#10313=CARTESIAN_POINT('',(0.00902032822751641,-0.00375111468805757,0.0134670845042363));
#10314=CARTESIAN_POINT('',(0.00899173823823395,-0.0013778223016137,0.0134830198776098));
#10315=CARTESIAN_POINT('',(0.00685400180142727,-0.00333967083358028,0.0122908119125788));
#10316=CARTESIAN_POINT('',(0.00917163085841033,-0.00370747584587487,0.0125770697984417));
#10317=CARTESIAN_POINT('',(0.00915,-0.0013667506807636,0.0126964712519447));
#10318=CARTESIAN_POINT('',(0.00685462052736257,-0.00333065614141729,0.012161273087973));
#10319=CARTESIAN_POINT('',(0.00915,-0.00367257496485616,0.0121372342585342));
#10320=CARTESIAN_POINT('',(0.00915,-0.00135745929086641,0.0123));
#10321=CARTESIAN_POINT('',(-0.0057,0.001,0.0004));
#10322=CARTESIAN_POINT('',(-0.0062,0.001,0.0004));
#10323=CARTESIAN_POINT('',(0.0052,0.002,0.0004));
#10324=CARTESIAN_POINT('',(0.0052,0.002,0.0004));
#10325=CARTESIAN_POINT('',(0.0052,0.003,0.0004));
#10326=CARTESIAN_POINT('',(0.0052,0.003,0.0004));
#10327=CARTESIAN_POINT('',(0.0057,0.001,0.0004));
#10328=CARTESIAN_POINT('',(0.0062,0.001,0.0004));
#10329=CARTESIAN_POINT('',(0.0062,0.0045,0.0004));
#10330=CARTESIAN_POINT('',(0.0062,0.007,0.0004));
#10331=CARTESIAN_POINT('',(0.0062,0.007,0.0004));
#10332=CARTESIAN_POINT('',(0.0062,0.0045,0.0004));
#10333=CARTESIAN_POINT('',(0.0031,0.008,0.0004));
#10334=CARTESIAN_POINT('',(0.0031,0.008,0.0004));
#10335=CARTESIAN_POINT('',(-0.0052,0.008,0.0004));
#10336=CARTESIAN_POINT('',(0.0052,0.008,0.0004));
#10337=CARTESIAN_POINT('',(0.0052,0.008,0.0004));
#10338=CARTESIAN_POINT('',(-0.0052,0.008,0.0004));
#10339=CARTESIAN_POINT('',(-0.0062,0.0045,0.0004));
#10340=CARTESIAN_POINT('',(-0.0062,0.0045,0.0004));
#10341=CARTESIAN_POINT('',(-0.0062,0.007,0.0004));
#10342=CARTESIAN_POINT('',(-0.0062,0.007,0.));
#10343=CARTESIAN_POINT('',(-0.0052,0.002,0.0004));
#10344=CARTESIAN_POINT('',(-0.0052,0.003,0.0004));
#10345=CARTESIAN_POINT('',(-0.0052,0.003,0.0004));
#10346=CARTESIAN_POINT('',(-0.0052,0.002,0.0004));
#10347=CARTESIAN_POINT('',(-0.004375,0.003,0.0004));
#10348=CARTESIAN_POINT('',(0.00355,0.003,0.0063));
#10349=CARTESIAN_POINT('',(0.00355,0.003,0.0061));
#10350=CARTESIAN_POINT('',(0.00355,0.003,0.0004));
#10351=CARTESIAN_POINT('',(-0.00355,0.003,0.0061));
#10352=CARTESIAN_POINT('',(-0.00355,0.003,0.0061));
#10353=CARTESIAN_POINT('',(-0.00355,0.003,0.0063));
#10354=CARTESIAN_POINT('',(-0.00355,0.003,0.0004));
#10355=CARTESIAN_POINT('',(-0.004375,0.003,0.0004));
#10356=CARTESIAN_POINT('',(0.004375,0.003,0.0004));
#10357=CARTESIAN_POINT('',(-0.004375,0.004,0.0004));
#10358=CARTESIAN_POINT('',(-0.00355,0.004,0.0063));
#10359=CARTESIAN_POINT('',(-0.00355,0.004,0.0061));
#10360=CARTESIAN_POINT('',(-0.00355,0.004,0.0004));
#10361=CARTESIAN_POINT('',(0.00355,0.004,0.0061));
#10362=CARTESIAN_POINT('',(0.00355,0.004,0.0061));
#10363=CARTESIAN_POINT('',(0.00355,0.004,0.0063));
#10364=CARTESIAN_POINT('',(0.00355,0.004,0.0004));
#10365=CARTESIAN_POINT('',(0.004375,0.004,0.0004));
#10366=CARTESIAN_POINT('',(0.0052,0.004,0.0004));
#10367=CARTESIAN_POINT('',(0.0052,0.004,0.0004));
#10368=CARTESIAN_POINT('',(-0.0052,0.004,0.0004));
#10369=CARTESIAN_POINT('',(-0.0052,0.004,0.0004));
#10370=CARTESIAN_POINT('',(-0.004375,0.004,0.0004));
#10371=CARTESIAN_POINT('',(-0.0052,0.0055,0.0004));
#10372=CARTESIAN_POINT('',(-0.0052,0.007,0.0004));
#10373=CARTESIAN_POINT('',(-0.0052,0.007,0.0004));
#10374=CARTESIAN_POINT('',(-0.0052,0.0055,0.0004));
#10375=CARTESIAN_POINT('',(0.0026,0.007,0.0004));
#10376=CARTESIAN_POINT('',(0.0052,0.007,0.0004));
#10377=CARTESIAN_POINT('',(0.0052,0.007,0.0004));
#10378=CARTESIAN_POINT('',(0.0026,0.007,0.0004));
#10379=CARTESIAN_POINT('',(0.0052,0.0055,0.0004));
#10380=CARTESIAN_POINT('',(0.0052,0.0055,0.0004));
#10381=CARTESIAN_POINT('',(0.,0.008,0.0004));
#10382=CARTESIAN_POINT('',(0.0052,0.007,0.0004));
#10383=CARTESIAN_POINT('',(-0.0052,0.007,0.0004));
#10384=CARTESIAN_POINT('',(-0.00355,0.0035,0.0004));
#10385=CARTESIAN_POINT('',(0.00355,0.0035,0.0004));
#10386=CARTESIAN_POINT('',(0.00355,0.0035,0.0063));
#10387=CARTESIAN_POINT('',(0.00355,0.003,0.0061));
#10388=CARTESIAN_POINT('',(-0.00355,0.0035,0.0063));
#10389=CARTESIAN_POINT('',(-0.00355,0.0035,0.0061));
#10390=CARTESIAN_POINT('',(0.,0.008,0.0063));
#10391=CARTESIAN_POINT('',(-0.00355,0.0038,0.0063));
#10392=CARTESIAN_POINT('',(0.00355,0.0032,0.0063));
#10393=CARTESIAN_POINT('',(0.0052,0.007,0.0004));
#10394=CARTESIAN_POINT('',(-0.0052,0.007,0.0004));
#10395=CARTESIAN_POINT('',(0.00335,0.008,0.0063));
#10396=CARTESIAN_POINT('',(0.000908333333333333,0.00135833333333333,0.00874166666666667));
#10397=CARTESIAN_POINT('',(0.00175,0.0048,0.0079));
#10398=CARTESIAN_POINT('',(-0.004375,0.003,0.0061));
#10399=CARTESIAN_POINT('',(-0.003825,0.002725,0.005825));
#10400=CARTESIAN_POINT('',(-0.004375,0.004,0.0061));
#10401=CARTESIAN_POINT('',(-0.003825,0.004275,0.005825));
#10402=CARTESIAN_POINT('',(-0.00355,0.0035,0.0061));
#10403=CARTESIAN_POINT('',(0.,0.,0.));
#10404=MECHANICAL_DESIGN_GEOMETRIC_PRESENTATION_REPRESENTATION('',(#5879,
#5880,#5881,#5882),#10405);
#10405=(
GEOMETRIC_REPRESENTATION_CONTEXT(3)
GLOBAL_UNCERTAINTY_ASSIGNED_CONTEXT((#10410))
GLOBAL_UNIT_ASSIGNED_CONTEXT((#10417,#10416,#10415))
REPRESENTATION_CONTEXT('choc_caps_print_ready',
'TOP_LEVEL_ASSEMBLY_PART')
);
#10406=(
GEOMETRIC_REPRESENTATION_CONTEXT(3)
GLOBAL_UNCERTAINTY_ASSIGNED_CONTEXT((#10411))
GLOBAL_UNIT_ASSIGNED_CONTEXT((#10417,#10416,#10415))
REPRESENTATION_CONTEXT('cap_default_rounded','COMPONENT_PART')
);
#10407=(
GEOMETRIC_REPRESENTATION_CONTEXT(3)
GLOBAL_UNCERTAINTY_ASSIGNED_CONTEXT((#10412))
GLOBAL_UNIT_ASSIGNED_CONTEXT((#10417,#10416,#10415))
REPRESENTATION_CONTEXT('cap_default_rounded','COMPONENT_PART')
);
#10408=(
GEOMETRIC_REPRESENTATION_CONTEXT(3)
GLOBAL_UNCERTAINTY_ASSIGNED_CONTEXT((#10413))
GLOBAL_UNIT_ASSIGNED_CONTEXT((#10417,#10416,#10415))
REPRESENTATION_CONTEXT('cap_default_rounded','COMPONENT_PART')
);
#10409=(
GEOMETRIC_REPRESENTATION_CONTEXT(3)
GLOBAL_UNCERTAINTY_ASSIGNED_CONTEXT((#10414))
GLOBAL_UNIT_ASSIGNED_CONTEXT((#10417,#10416,#10415))
REPRESENTATION_CONTEXT('cap_default_rounded','COMPONENT_PART')
);
#10410=UNCERTAINTY_MEASURE_WITH_UNIT(LENGTH_MEASURE(1.E-8),#10417,
'DISTANCE_ACCURACY_VALUE','Maximum Tolerance applied to model');
#10411=UNCERTAINTY_MEASURE_WITH_UNIT(LENGTH_MEASURE(2.E-5),#10417,
'DISTANCE_ACCURACY_VALUE','Maximum Tolerance applied to model');
#10412=UNCERTAINTY_MEASURE_WITH_UNIT(LENGTH_MEASURE(2.E-5),#10417,
'DISTANCE_ACCURACY_VALUE','Maximum Tolerance applied to model');
#10413=UNCERTAINTY_MEASURE_WITH_UNIT(LENGTH_MEASURE(2.E-5),#10417,
'DISTANCE_ACCURACY_VALUE','Maximum Tolerance applied to model');
#10414=UNCERTAINTY_MEASURE_WITH_UNIT(LENGTH_MEASURE(2.E-5),#10417,
'DISTANCE_ACCURACY_VALUE','Maximum Tolerance applied to model');
#10415=(
NAMED_UNIT(*)
SI_UNIT($,.STERADIAN.)
SOLID_ANGLE_UNIT()
);
#10416=(
NAMED_UNIT(*)
PLANE_ANGLE_UNIT()
SI_UNIT($,.RADIAN.)
);
#10417=(
LENGTH_UNIT()
NAMED_UNIT(*)
SI_UNIT($,.METRE.)
);
#10418=PRODUCT_DEFINITION_SHAPE('','',#10427);
#10419=PRODUCT_DEFINITION_SHAPE('','',#10428);
#10420=PRODUCT_DEFINITION_SHAPE(' ','NAUO PRDDFN',#17);
#10421=PRODUCT_DEFINITION_SHAPE('','',#10429);
#10422=PRODUCT_DEFINITION_SHAPE(' ','NAUO PRDDFN',#18);
#10423=PRODUCT_DEFINITION_SHAPE('','',#10430);
#10424=PRODUCT_DEFINITION_SHAPE(' ','NAUO PRDDFN',#19);
#10425=PRODUCT_DEFINITION_SHAPE('','',#10431);
#10426=PRODUCT_DEFINITION_SHAPE(' ','NAUO PRDDFN',#20);
#10427=PRODUCT_DEFINITION('','',#10437,#10432);
#10428=PRODUCT_DEFINITION('','',#10438,#10433);
#10429=PRODUCT_DEFINITION('','',#10439,#10434);
#10430=PRODUCT_DEFINITION('','',#10440,#10435);
#10431=PRODUCT_DEFINITION('','',#10441,#10436);
#10432=PRODUCT_DEFINITION_CONTEXT('',#10463,'design');
#10433=PRODUCT_DEFINITION_CONTEXT('',#10463,'design');
#10434=PRODUCT_DEFINITION_CONTEXT('',#10463,'design');
#10435=PRODUCT_DEFINITION_CONTEXT('',#10463,'design');
#10436=PRODUCT_DEFINITION_CONTEXT('',#10463,'design');
#10437=PRODUCT_DEFINITION_FORMATION_WITH_SPECIFIED_SOURCE('','',#10447,
 .NOT_KNOWN.);
#10438=PRODUCT_DEFINITION_FORMATION_WITH_SPECIFIED_SOURCE('','',#10448,
 .NOT_KNOWN.);
#10439=PRODUCT_DEFINITION_FORMATION_WITH_SPECIFIED_SOURCE('','',#10449,
 .NOT_KNOWN.);
#10440=PRODUCT_DEFINITION_FORMATION_WITH_SPECIFIED_SOURCE('','',#10450,
 .NOT_KNOWN.);
#10441=PRODUCT_DEFINITION_FORMATION_WITH_SPECIFIED_SOURCE('','',#10451,
 .NOT_KNOWN.);
#10442=PRODUCT_RELATED_PRODUCT_CATEGORY('','',(#10447));
#10443=PRODUCT_RELATED_PRODUCT_CATEGORY('','',(#10448));
#10444=PRODUCT_RELATED_PRODUCT_CATEGORY('','',(#10449));
#10445=PRODUCT_RELATED_PRODUCT_CATEGORY('','',(#10450));
#10446=PRODUCT_RELATED_PRODUCT_CATEGORY('','',(#10451));
#10447=PRODUCT('choc_caps_print_ready','choc_caps_print_ready',
'choc_caps_print_ready',(#10457));
#10448=PRODUCT('cap_default_rounded','cap_default_rounded',
'cap_default_rounded',(#10458));
#10449=PRODUCT('cap_default_rounded','cap_default_rounded',
'cap_default_rounded',(#10459));
#10450=PRODUCT('cap_default_rounded','cap_default_rounded',
'cap_default_rounded',(#10460));
#10451=PRODUCT('cap_default_rounded','cap_default_rounded',
'cap_default_rounded',(#10461));
#10452=PRODUCT_CATEGORY('','');
#10453=PRODUCT_CATEGORY('','');
#10454=PRODUCT_CATEGORY('','');
#10455=PRODUCT_CATEGORY('','');
#10456=PRODUCT_CATEGORY('','');
#10457=PRODUCT_CONTEXT('',#10463,'mechanical');
#10458=PRODUCT_CONTEXT('',#10463,'mechanical');
#10459=PRODUCT_CONTEXT('',#10463,'mechanical');
#10460=PRODUCT_CONTEXT('',#10463,'mechanical');
#10461=PRODUCT_CONTEXT('',#10463,'mechanical');
#10462=APPLICATION_PROTOCOL_DEFINITION('international standard',
'ap242_managed_model_based_3d_engineering',2020,#10463);
#10463=APPLICATION_CONTEXT('managed model based 3d engineering');
ENDSEC;
END-ISO-10303-21;
